player_id,名前,年度,所属球団,登板,勝利,敗戦,セーブ,ホールド,HP,完投,完封,無四球,勝率,打者,投球回,安打,本塁打,四球,死球,三振,暴投,ボーク,失点,自責点,防御率,投手WAR,FIP,WHIP,K/BB,K-BB%,K/9,BB/9,ランク
1205118,西野　勇士,2016,千葉ロッテ,42,3,6,21,5,8,0,0,0,0.333,180,43,39,4,11,1,36,2,0,17,16,3.35,0.34,3.49,1.16,3.27,13.9,7.53,2.51,B
1205118,西野　勇士,2017,千葉ロッテ,5,2,3,0,0,0,0,0,0,0.4,123,26.2,31,2,14,0,17,2,0,15,14,4.72,-0.06,4.39,1.69,1.21,2.4,5.74,4.72,B
1205118,西野　勇士,2018,千葉ロッテ,14,0,0,0,0,0,0,0,0,0,75,16,20,2,6,0,19,2,0,12,11,6.19,0.13,3.5,1.62,3.17,17.3,10.69,3.38,B
1205118,西野　勇士,2019,千葉ロッテ,37,2,3,2,5,5,1,1,0,0.4,277,70,56,6,23,0,64,1,0,23,23,2.96,0.63,3.39,1.13,2.78,14.8,8.23,2.96,B
1205118,西野　勇士,2022,千葉ロッテ,37,3,3,0,15,18,0,0,0,0.5,152,36.1,28,4,17,0,35,1,0,8,7,1.73,0.07,4.03,1.24,2.06,11.8,8.67,4.21,B
1205118,西野　勇士,2023,千葉ロッテ,18,8,5,0,0,0,1,0,0,0.615,464,117,109,4,23,4,92,1,0,39,35,2.69,1.97,2.68,1.13,4.0,14.9,7.08,2.08,A
1205118,西野　勇士,2024,千葉ロッテ,20,9,8,0,0,0,1,0,0,0.529,510,122.1,120,8,31,4,77,1,0,46,44,3.24,0.86,3.57,1.23,2.48,9.0,5.66,2.57,B
1205118,西野　勇士,2025,千葉ロッテ,9,0,4,0,0,0,0,0,0,0,207,49.2,49,3,11,2,29,0,0,17,17,3.08,0.37,3.52,1.21,2.64,8.7,5.26,2.36,B
1905134,澤田　圭佑,2017,オリックス,13,0,2,0,0,0,0,0,0,0,58,13,13,2,6,1,5,0,0,6,6,4.15,-0.26,5.97,1.46,0.83,-1.7,3.46,4.85,B
1905134,澤田　圭佑,2018,オリックス,47,5,0,0,8,13,0,0,0,1,201,49.2,45,5,11,1,45,0,0,14,14,2.54,0.47,3.34,1.13,4.09,16.9,8.15,2.17,B
1905134,澤田　圭佑,2019,オリックス,28,2,2,0,17,19,0,0,0,0.5,122,26,28,3,15,0,19,0,0,14,14,4.85,-0.2,4.89,1.65,1.27,3.3,6.58,5.19,B
1905134,澤田　圭佑,2020,オリックス,24,0,2,0,0,0,0,0,0,0,87,21,16,5,8,0,24,0,0,10,8,3.43,-0.2,5.07,1.14,3.0,18.4,10.29,3.43,B
1905134,澤田　圭佑,2021,オリックス,14,0,0,0,6,6,0,0,0,0,59,14,15,0,3,1,14,0,0,6,6,3.86,0.35,1.98,1.29,4.67,18.6,9.0,2.57,B
1905134,澤田　圭佑,2023,千葉ロッテ,17,2,0,2,6,8,0,0,0,1,63,16.2,11,1,6,0,18,0,0,2,2,1.08,0.26,2.82,1.02,3.0,19.0,9.72,3.24,B
1905134,澤田　圭佑,2024,千葉ロッテ,21,2,1,0,8,10,0,0,0,0.667,89,20,22,0,8,1,8,0,0,9,8,3.6,0.12,3.67,1.5,1.0,0.0,3.6,4.05,B
1905134,澤田　圭佑,2025,千葉ロッテ,29,1,1,1,0,1,0,0,0,0.5,113,27.1,25,3,8,0,21,0,0,12,12,3.95,0.09,3.89,1.21,2.62,11.5,6.91,2.63,B
11315150,一條　力真,2025,千葉ロッテ,1,0,0,0,0,0,0,0,0,0,6,1,1,0,2,0,1,1,0,1,1,9,-0.03,7.12,3.0,0.5,-16.7,9.0,18.0,B
11515138,小島　和哉,2019,千葉ロッテ,10,3,5,0,0,0,0,0,0,0.375,232,54.1,55,5,20,1,45,0,0,28,26,4.31,0.23,3.82,1.38,2.25,10.8,7.45,3.48,B
11515138,小島　和哉,2020,千葉ロッテ,20,7,8,0,0,0,0,0,0,0.467,479,113.1,106,12,47,3,83,0,1,50,47,3.73,-0.2,4.36,1.35,1.77,7.5,6.59,3.97,B
11515138,小島　和哉,2021,千葉ロッテ,24,10,4,0,0,0,3,2,2,0.714,606,146,123,16,51,6,92,2,0,65,61,3.76,-0.41,4.46,1.19,1.8,6.8,5.67,3.51,B
11515138,小島　和哉,2022,千葉ロッテ,24,3,11,0,0,0,0,0,0,0.214,599,143.1,140,10,43,4,89,1,0,57,50,3.14,0.69,3.77,1.28,2.07,7.7,5.59,2.95,B
11515138,小島　和哉,2023,千葉ロッテ,25,10,6,0,0,0,0,0,0,0.625,657,158.1,143,14,57,6,114,2,0,64,61,3.47,0.31,4.02,1.26,2.0,8.7,6.48,3.58,B
11515138,小島　和哉,2024,千葉ロッテ,25,12,10,0,0,0,5,1,1,0.545,671,163.1,157,15,36,7,132,5,0,68,65,3.58,1.29,3.49,1.18,3.67,14.3,7.27,2.37,B
11515138,小島　和哉,2025,千葉ロッテ,24,8,10,0,0,0,0,0,0,0.444,619,145,144,20,54,3,92,3,0,67,60,3.72,-1.0,4.82,1.37,1.7,6.1,5.71,3.54,B
11615153,中村　亮太,2022,福岡ソフトバンク,2,0,0,0,0,0,0,0,0,0,22,2.2,11,1,3,1,1,0,0,10,10,33.75,-0.22,11.75,5.25,0.33,-9.1,3.38,13.5,B
11615153,中村　亮太,2024,福岡ソフトバンク,1,0,0,0,0,0,0,0,0,0,6,1,3,2,0,0,1,0,0,2,2,18,-0.25,27.12,3.0,1.0,16.7,9.0,0.0,B
13115151,本前　郁也,2021,千葉ロッテ,8,1,2,0,0,0,0,0,0,0.333,164,37.2,41,7,15,2,17,0,0,20,20,4.78,-0.75,5.99,1.49,1.13,1.2,4.06,4.06,B
13115151,本前　郁也,2022,千葉ロッテ,12,3,2,0,0,1,0,0,0,0.6,254,56,61,14,26,2,40,2,1,32,29,4.66,-1.39,6.44,1.55,1.54,5.5,6.43,4.5,B
13115151,本前　郁也,2023,千葉ロッテ,1,0,0,0,0,0,0,0,0,0,22,5,4,1,4,0,5,0,0,2,2,3.6,-0.11,6.12,1.6,1.25,4.5,9.0,7.2,B
21525116,唐川　侑己,2008,千葉ロッテ,15,5,4,0,0,0,1,0,1,0.556,358,81.2,102,8,12,3,57,1,0,52,44,4.85,0.59,3.55,1.4,4.75,12.6,6.28,1.65,B
21525116,唐川　侑己,2009,千葉ロッテ,21,5,8,0,0,0,3,1,2,0.385,596,143.1,145,11,28,6,115,0,0,62,58,3.64,1.55,3.22,1.21,4.11,14.6,7.22,2.13,A
21525116,唐川　侑己,2010,千葉ロッテ,11,6,3,0,0,0,2,1,0,0.667,306,73,69,3,20,4,51,1,0,24,22,2.71,0.78,3.24,1.22,2.55,10.1,6.29,2.96,B
21525116,唐川　侑己,2011,千葉ロッテ,24,12,6,0,0,0,5,3,2,0.667,681,168.1,146,6,35,8,122,1,0,50,45,2.41,2.43,2.9,1.08,3.49,12.8,6.52,2.3,A
21525116,唐川　侑己,2012,千葉ロッテ,12,8,2,0,0,0,3,0,1,0.8,341,84.2,81,4,15,2,32,0,1,26,25,2.66,0.58,3.58,1.13,2.13,5.0,3.4,1.81,B
21525116,唐川　侑己,2013,千葉ロッテ,27,9,11,0,0,0,0,0,0,0.45,728,168,185,12,46,3,80,2,0,85,78,4.18,0.43,3.97,1.38,1.74,4.7,4.29,2.62,B
21525116,唐川　侑己,2014,千葉ロッテ,23,4,9,0,1,1,1,0,0,0.308,520,116,146,10,33,8,62,3,1,65,60,4.66,-0.04,4.23,1.54,1.88,5.6,4.81,3.18,B
21525116,唐川　侑己,2015,千葉ロッテ,12,5,4,0,0,0,0,0,0,0.556,288,62.2,78,9,27,3,31,1,0,45,44,6.32,-0.86,5.43,1.68,1.15,1.4,4.45,4.31,B
21525116,唐川　侑己,2016,千葉ロッテ,15,6,6,0,0,0,1,1,0,0.5,373,88.2,84,2,37,3,64,1,3,30,28,2.84,0.86,3.32,1.36,1.73,7.2,6.5,4.06,B
21525116,唐川　侑己,2017,千葉ロッテ,21,5,10,0,0,0,1,0,0,0.333,555,126.1,135,18,37,7,86,1,2,69,63,4.49,-0.64,4.66,1.36,2.32,8.8,6.13,3.13,B
21525116,唐川　侑己,2018,千葉ロッテ,25,1,3,0,4,4,0,0,0,0.25,188,47.2,43,5,10,1,31,0,0,17,15,2.83,0.17,3.88,1.11,3.1,11.2,5.85,2.08,B
21525116,唐川　侑己,2019,千葉ロッテ,40,5,3,0,14,19,0,0,0,0.625,168,37.2,47,7,6,1,30,0,0,25,22,5.26,-0.13,4.5,1.41,5.0,14.3,7.17,1.67,B
21525116,唐川　侑己,2020,千葉ロッテ,32,1,1,0,14,15,0,0,0,0.5,118,30.1,22,1,9,0,23,0,0,4,4,1.19,0.43,2.92,1.02,2.56,11.9,6.82,2.67,B
21525116,唐川　侑己,2021,千葉ロッテ,38,4,2,0,22,26,0,0,0,0.667,150,36.1,29,4,13,1,26,1,0,11,11,2.72,-0.03,4.28,1.16,2.0,8.7,6.44,3.47,B
21525116,唐川　侑己,2022,千葉ロッテ,17,2,1,0,8,10,0,0,0,0.667,63,15.1,14,3,2,1,8,0,0,9,9,5.28,-0.17,5.21,1.04,4.0,9.5,4.7,1.76,B
21525116,唐川　侑己,2023,千葉ロッテ,6,0,1,0,1,1,0,0,0,0,37,7.2,15,1,1,0,2,0,0,6,6,7.04,-0.04,4.69,2.09,2.0,2.7,2.35,1.17,B
21525116,唐川　侑己,2024,千葉ロッテ,8,3,2,0,0,0,0,0,0,0.6,147,38,28,5,3,2,31,0,0,10,10,2.37,0.26,3.59,0.82,10.33,19.0,7.34,1.18,B
21525116,唐川　侑己,2025,千葉ロッテ,2,1,1,0,0,0,0,0,0,0.5,38,9,10,0,1,0,6,0,0,4,4,4,0.21,2.12,1.22,6.0,13.2,6.0,1.0,B
23125151,横山　陸人,2022,千葉ロッテ,1,0,0,0,0,0,0,0,0,0,5,0.2,2,0,1,0,1,0,0,2,2,27,-0.0,4.62,4.5,1.0,0.0,13.5,13.5,B
23125151,横山　陸人,2023,千葉ロッテ,38,2,3,1,8,10,0,0,0,0.4,172,39.1,41,3,18,1,42,3,0,25,23,5.26,0.34,3.43,1.5,2.33,14.0,9.61,4.35,B
23125151,横山　陸人,2024,千葉ロッテ,43,3,1,3,18,21,0,0,0,0.75,169,42,27,1,13,5,37,2,0,8,8,1.71,0.58,2.95,0.95,2.85,14.2,7.93,3.86,B
23125151,横山　陸人,2025,千葉ロッテ,50,2,4,12,20,21,0,0,0,0.333,227,56.1,37,3,16,5,47,3,0,14,13,2.08,0.59,3.26,0.94,2.94,13.7,7.51,3.36,B
23325155,八木　彬,2022,千葉ロッテ,22,0,0,0,0,0,0,0,0,0,96,22.1,25,3,8,0,21,2,0,9,9,3.63,0.03,4.06,1.48,2.62,13.5,8.46,3.22,B
23325155,八木　彬,2024,千葉ロッテ,9,0,0,0,2,2,0,0,0,0,45,11,11,1,1,0,9,1,0,5,5,4.09,0.15,2.94,1.09,9.0,17.8,7.36,0.82,B
23325155,八木　彬,2025,千葉ロッテ,27,0,1,0,5,5,0,0,0,0,117,25.2,32,3,7,3,25,0,0,17,17,5.96,0.1,3.86,1.52,3.57,15.4,8.77,3.51,B
31035157,高野　脩汰,2023,千葉ロッテ,7,0,0,0,0,0,0,0,0,0,45,11,9,1,5,0,8,1,0,4,2,1.64,-0.0,4.21,1.27,1.6,6.7,6.55,4.09,B
31035157,高野　脩汰,2024,千葉ロッテ,6,1,1,0,0,1,0,0,0,0.5,64,14.2,16,1,4,0,16,0,0,6,6,3.68,0.25,2.64,1.36,4.0,18.8,9.82,2.45,B
31035157,高野　脩汰,2025,千葉ロッテ,37,5,3,0,15,20,0,0,0,0.625,219,53.2,43,3,14,2,61,4,0,11,11,1.84,1.03,2.47,1.06,4.36,21.5,10.23,2.68,B
31135138,東妻　勇輔,2019,千葉ロッテ,24,3,2,0,7,10,0,0,0,0.6,92,21,19,2,13,0,16,2,0,11,11,4.71,-0.11,4.69,1.52,1.23,3.3,6.86,5.57,B
31135138,東妻　勇輔,2020,千葉ロッテ,13,0,0,0,1,1,0,0,0,0,69,15,10,2,14,0,4,0,0,5,5,3,-0.49,7.12,1.6,0.29,-14.5,2.4,8.4,B
31135138,東妻　勇輔,2021,千葉ロッテ,37,1,0,0,4,5,0,0,0,1,149,34.1,38,4,9,2,29,2,1,16,11,2.88,0.11,3.91,1.37,3.22,13.4,7.6,2.88,B
31135138,東妻　勇輔,2022,千葉ロッテ,3,0,0,0,0,0,0,0,0,0,21,4,9,2,2,0,1,1,0,4,3,6.75,-0.29,10.62,2.75,0.5,-4.8,2.25,4.5,B
31135138,東妻　勇輔,2023,千葉ロッテ,36,0,1,0,11,11,0,0,0,0,141,34,29,3,12,1,28,4,0,11,11,2.91,0.16,3.77,1.21,2.33,11.3,7.41,3.44,B
31135138,東妻　勇輔,2024,千葉ロッテ,6,0,1,0,0,0,0,0,0,0,37,7.1,13,2,2,1,7,1,0,9,9,11.05,-0.15,5.98,2.05,3.5,13.5,8.59,3.68,B
31135138,東妻　勇輔,2025,千葉ロッテ,6,0,0,0,1,1,0,0,0,0,28,5.1,10,0,3,0,4,0,0,4,4,6.75,0.05,3.31,2.44,1.33,3.6,6.75,5.06,B
31635153,中森　俊介,2023,千葉ロッテ,13,3,2,0,0,3,0,0,0,0.6,86,20.1,17,2,8,3,10,1,0,8,8,3.54,-0.19,5.04,1.23,1.25,2.3,4.43,4.87,B
31635153,中森　俊介,2024,千葉ロッテ,5,1,1,0,0,0,0,0,0,0.5,103,24,23,0,7,1,13,0,0,7,7,2.62,0.31,3.04,1.25,1.86,5.8,4.88,3.0,B
31635153,中森　俊介,2025,千葉ロッテ,25,2,2,5,10,12,0,0,0,0.5,111,29.1,19,1,4,1,36,0,0,4,4,1.23,0.84,1.62,0.78,9.0,28.8,11.05,1.53,B
41645155,廣畑　敦也,2022,千葉ロッテ,30,0,1,0,2,2,0,0,0,0,171,36.2,48,5,15,2,29,2,0,25,20,4.91,-0.2,4.7,1.72,1.93,8.2,7.12,4.17,B
41645155,廣畑　敦也,2023,千葉ロッテ,8,1,1,0,0,1,0,0,0,0.5,50,11,14,1,5,0,11,0,0,7,7,5.73,0.07,3.67,1.73,2.2,12.0,9.0,4.09,B
41645155,廣畑　敦也,2024,千葉ロッテ,8,0,0,1,2,2,0,0,0,0,47,11.1,13,0,0,0,9,2,0,5,4,3.18,0.34,1.53,1.15,9.0,19.1,7.15,0.0,B
41645155,廣畑　敦也,2025,千葉ロッテ,8,0,1,0,0,0,0,0,0,0,37,7.2,8,2,6,0,5,0,0,5,5,5.87,-0.29,7.55,1.83,0.83,-2.7,5.87,7.04,B
41745138,坂本　光士郎,2019,東京ヤクルト,19,0,0,0,3,3,0,0,0,0,104,21.2,22,2,16,2,15,2,0,15,14,5.82,-0.3,5.43,1.75,0.94,-1.0,6.23,7.48,B
41745138,坂本　光士郎,2020,東京ヤクルト,1,0,0,0,0,0,0,0,0,0,19,3,5,1,4,1,3,0,0,6,4,12,-0.21,10.45,3.0,0.75,-5.3,9.0,15.0,B
41745138,坂本　光士郎,2021,東京ヤクルト,36,1,2,0,7,8,0,0,0,0.333,148,33.1,29,4,17,3,25,2,0,17,15,4.05,-0.29,4.98,1.38,1.47,5.4,6.75,5.4,B
41745138,坂本　光士郎,2022,東京ヤクルト,7,0,1,0,0,0,0,0,0,0,59,10.2,15,4,9,1,11,2,0,14,11,9.28,-0.54,8.75,2.25,1.22,3.4,9.28,8.44,B
41745138,坂本　光士郎,2023,千葉ロッテ,51,1,0,0,16,17,0,0,0,1,209,47.2,46,5,22,2,48,2,0,18,17,3.21,0.12,3.98,1.43,2.18,12.4,9.06,4.53,B
41745138,坂本　光士郎,2024,千葉ロッテ,37,1,2,0,11,12,0,0,0,0.333,146,33,34,3,12,5,34,2,0,22,21,5.73,0.15,3.79,1.39,2.83,15.1,9.27,4.64,B
41745138,坂本　光士郎,2025,千葉ロッテ,8,1,2,0,2,3,0,0,0,0.333,28,5.2,6,0,4,2,3,0,0,4,4,6.35,-0.07,5.24,1.76,0.75,-3.6,4.76,9.53,B
41945150,坂井　遼,2025,千葉ロッテ,1,0,0,0,1,1,0,0,0,0,4,1,0,0,1,0,1,0,0,0,0,0,0.0,4.12,1.0,1.0,0.0,9.0,9.0,B
43745159,Ａ．ジャクソン,2024,横浜DeNA,25,8,7,0,0,0,0,0,0,0.533,587,143,109,8,51,6,121,9,0,53,46,2.9,1.35,3.35,1.12,2.37,11.9,7.62,3.59,B
43745159,Ａ．ジャクソン,2025,横浜DeNA,25,10,7,0,0,0,0,0,0,0.588,636,150.2,134,9,55,9,109,7,0,46,39,2.33,0.8,3.72,1.25,1.98,8.5,6.51,3.82,B
51555130,小野　郁,2020,千葉ロッテ,40,2,2,0,4,6,0,0,0,0.5,162,39,31,2,18,1,32,0,0,18,14,3.23,0.26,3.61,1.26,1.78,8.6,7.38,4.38,B
51555130,小野　郁,2021,千葉ロッテ,49,0,3,0,8,8,0,0,0,0,220,51.2,37,4,26,2,56,5,0,25,20,3.48,0.35,3.58,1.22,2.15,13.6,9.75,4.88,B
51555130,小野　郁,2022,千葉ロッテ,44,0,0,0,18,18,0,0,0,0,176,40.2,36,2,16,1,33,2,0,11,9,1.99,0.37,3.39,1.28,2.06,9.7,7.3,3.76,B
51555130,小野　郁,2023,千葉ロッテ,10,0,1,0,4,4,0,0,0,0,41,9.2,9,0,3,1,6,2,0,5,5,4.66,0.12,3.12,1.24,2.0,7.3,5.59,3.72,B
51555130,小野　郁,2024,千葉ロッテ,3,0,0,0,0,0,0,0,0,0,13,3,4,0,1,0,1,1,0,1,1,3,0.02,3.45,1.67,1.0,0.0,3.0,3.0,B
51555130,小野　郁,2025,千葉ロッテ,47,2,2,0,10,12,0,0,0,0.5,180,41.2,40,1,13,2,41,1,0,15,12,2.59,0.77,2.54,1.27,3.15,15.6,8.86,3.24,B
61165139,石川　柊太,2017,福岡ソフトバンク,34,8,3,0,1,3,0,0,0,0.727,409,98.1,69,11,50,7,99,4,1,38,36,3.29,-0.11,4.3,1.21,1.98,12.0,9.06,5.22,B
61165139,石川　柊太,2018,福岡ソフトバンク,42,13,6,0,6,12,0,0,0,0.684,541,127.1,115,20,43,13,96,4,0,55,51,3.6,-1.09,4.97,1.24,2.23,9.8,6.79,3.96,B
61165139,石川　柊太,2019,福岡ソフトバンク,2,0,0,0,1,1,0,0,0,0,11,3,2,0,0,0,3,1,0,0,0,0,0.1,1.12,0.67,3.0,27.3,9.0,0.0,B
61165139,石川　柊太,2020,福岡ソフトバンク,18,11,3,0,0,1,2,1,0,0.786,443,111.2,68,9,41,12,103,0,0,32,30,2.42,0.56,3.75,0.98,2.51,14.0,8.3,4.27,B
61165139,石川　柊太,2021,福岡ソフトバンク,28,6,9,0,0,0,0,0,0,0.4,653,156.1,135,22,51,17,134,3,0,70,59,3.4,-0.59,4.54,1.19,2.63,12.7,7.71,3.91,B
61165139,石川　柊太,2022,福岡ソフトバンク,23,7,10,0,0,0,1,1,0,0.412,585,136.1,122,9,57,8,106,0,0,57,51,3.37,0.52,3.85,1.31,1.86,8.4,7.0,4.29,B
61165139,石川　柊太,2023,福岡ソフトバンク,23,4,8,0,0,0,1,1,0,0.333,550,125.2,108,15,61,8,119,3,0,63,58,4.15,-0.31,4.43,1.34,1.95,10.5,8.52,4.94,B
61165139,石川　柊太,2024,福岡ソフトバンク,15,7,2,0,0,0,0,0,0,0.778,247,63.1,51,4,12,5,52,2,0,18,18,2.56,0.77,3.1,0.99,4.33,16.2,7.39,2.42,B
61165139,石川　柊太,2025,千葉ロッテ,19,4,7,0,0,0,0,0,0,0.364,454,103.1,110,11,37,5,56,4,0,55,53,4.62,-0.5,4.64,1.42,1.51,4.2,4.88,3.66,B
61765153,河村　説人,2021,千葉ロッテ,20,4,1,0,0,0,0,0,0,0.8,178,41.2,39,4,17,0,28,0,0,16,16,3.46,-0.02,4.25,1.34,1.65,6.2,6.05,3.67,B
61765153,河村　説人,2022,千葉ロッテ,4,2,0,0,0,0,0,0,0,1,82,19,18,1,10,0,9,1,0,7,7,3.32,-0.05,4.44,1.47,0.9,-1.2,4.26,4.74,B
61765153,河村　説人,2025,千葉ロッテ,4,2,1,0,0,0,0,0,0,0.667,90,21,17,1,8,2,14,0,0,9,6,2.57,0.09,3.83,1.19,1.75,6.7,6.0,4.29,B
61865136,森　遼大朗,2022,千葉ロッテ,3,0,1,0,0,0,0,0,0,0,39,8,11,1,5,0,4,0,0,9,9,10.12,-0.13,5.62,2.0,0.8,-2.6,4.5,5.62,B
61865136,森　遼大朗,2023,千葉ロッテ,7,1,4,0,0,0,0,0,0,0.2,153,33,41,3,10,2,29,0,0,23,22,6,0.21,3.64,1.55,2.9,12.4,7.91,3.27,B
71275134,種市　篤暉,2018,千葉ロッテ,7,0,4,0,0,0,1,0,0,0,169,38.1,42,5,13,1,28,4,0,28,26,6.1,-0.11,4.45,1.43,2.15,8.9,6.57,3.29,B
71275134,種市　篤暉,2019,千葉ロッテ,26,8,2,0,2,2,0,0,0,0.8,506,116.2,114,11,51,2,135,5,0,47,42,3.24,1.04,3.39,1.41,2.65,16.6,10.41,4.09,B
71275134,種市　篤暉,2020,千葉ロッテ,7,3,2,0,0,0,1,1,0,0.6,198,46.2,43,7,15,5,41,0,0,18,18,3.47,-0.21,4.6,1.24,2.73,13.1,7.91,3.86,B
71275134,種市　篤暉,2022,千葉ロッテ,1,0,0,0,0,0,0,0,0,0,16,3,5,1,4,0,2,1,0,3,3,9,-0.2,10.12,3.0,0.5,-12.5,6.0,12.0,B
71275134,種市　篤暉,2023,千葉ロッテ,23,10,7,0,0,0,0,0,0,0.588,571,136.2,124,12,45,7,157,3,0,56,52,3.42,1.66,3.11,1.24,3.49,19.6,10.34,3.42,A
71275134,種市　篤暉,2024,千葉ロッテ,23,7,8,0,0,0,2,0,1,0.467,612,147.1,128,5,38,9,148,4,1,55,50,3.05,2.77,2.51,1.13,3.89,18.0,9.04,2.87,A
71275134,種市　篤暉,2025,千葉ロッテ,24,9,8,0,0,0,2,0,0,0.529,666,160.2,134,13,50,6,161,9,0,55,47,2.63,1.76,3.21,1.15,3.22,16.7,9.02,3.14,A
71275153,鈴木　昭汰,2021,千葉ロッテ,23,1,4,0,1,1,0,0,0,0.2,341,79.1,78,10,28,2,76,2,0,38,36,4.08,0.2,3.98,1.34,2.71,14.1,8.62,3.4,B
71275153,鈴木　昭汰,2022,千葉ロッテ,6,1,3,0,0,0,0,0,0,0.25,65,12.1,22,1,9,0,5,0,0,10,10,7.3,-0.19,5.55,2.51,0.56,-6.2,3.65,6.57,B
71275153,鈴木　昭汰,2023,千葉ロッテ,13,0,0,0,0,0,0,0,0,0,67,16.1,12,2,7,0,13,0,0,8,5,2.76,-0.04,4.41,1.16,1.86,9.0,7.16,3.86,B
71275153,鈴木　昭汰,2024,千葉ロッテ,51,2,2,5,27,29,0,0,0,0.5,194,49.1,32,2,18,1,42,1,0,7,4,0.73,0.6,3.1,1.01,2.33,12.4,7.66,3.47,B
71275153,鈴木　昭汰,2025,千葉ロッテ,29,1,3,5,14,15,0,0,0,0.25,122,28,32,1,8,2,27,2,0,15,15,4.82,0.46,2.73,1.43,3.38,15.6,8.68,3.21,B
71675135,益田　直也,2012,千葉ロッテ,72,2,2,1,41,43,0,0,0,0.5,308,75.1,61,2,19,2,57,2,0,25,14,1.67,1.18,2.79,1.06,3.0,12.3,6.81,2.51,B
71675135,益田　直也,2013,千葉ロッテ,68,2,6,33,9,11,0,0,0,0.25,268,62,65,3,16,4,66,3,0,24,19,2.76,1.11,2.59,1.31,4.12,18.7,9.58,2.9,B
71675135,益田　直也,2014,千葉ロッテ,52,7,3,1,23,30,0,0,0,0.7,226,51,56,3,16,2,57,2,0,28,28,4.94,0.85,2.71,1.41,3.56,18.1,10.06,3.18,B
71675135,益田　直也,2015,千葉ロッテ,51,3,2,0,11,14,0,0,0,0.6,227,53,48,2,21,2,42,7,0,23,23,3.91,0.51,3.33,1.3,2.0,9.3,7.13,3.91,B
71675135,益田　直也,2016,千葉ロッテ,61,3,2,14,21,24,0,0,0,0.6,238,59,53,2,16,0,36,1,0,13,12,1.83,0.69,3.15,1.17,2.25,8.4,5.49,2.44,B
71675135,益田　直也,2017,千葉ロッテ,38,0,4,9,6,6,0,0,0,0,162,35.1,46,8,15,0,29,1,0,20,20,5.09,-0.59,5.7,1.73,1.93,8.6,7.39,3.82,B
71675135,益田　直也,2018,千葉ロッテ,70,2,6,3,17,19,0,0,0,0.25,264,64.1,44,6,27,3,61,2,0,26,22,3.08,0.26,3.84,1.1,2.26,12.9,8.53,4.2,B
71675135,益田　直也,2019,千葉ロッテ,60,4,5,27,12,16,0,0,0,0.444,229,58.2,36,5,22,2,56,1,0,15,14,2.15,0.43,3.55,0.99,2.55,14.8,8.59,3.68,B
71675135,益田　直也,2020,千葉ロッテ,54,3,5,31,5,8,0,0,0,0.375,214,52,42,1,17,2,53,4,0,15,13,2.25,1.02,2.43,1.13,3.12,16.8,9.17,3.29,B
71675135,益田　直也,2021,千葉ロッテ,67,3,6,38,0,3,0,0,0,0.333,248,64.1,43,5,15,0,68,2,0,17,16,2.24,1.06,2.72,0.9,4.53,21.4,9.51,2.1,B
71675135,益田　直也,2022,千葉ロッテ,52,1,2,25,8,9,0,0,0,0.333,224,52,46,6,19,3,47,8,0,21,19,3.29,0.07,4.08,1.25,2.47,12.5,8.13,3.81,B
71675135,益田　直也,2023,千葉ロッテ,58,2,5,36,13,15,0,0,0,0.286,222,53.1,49,9,14,1,54,4,0,23,22,3.71,0.04,4.13,1.18,3.86,18.0,9.11,2.53,B
71675135,益田　直也,2024,千葉ロッテ,44,1,4,25,6,7,0,0,0,0.2,172,41.2,27,2,14,3,35,2,0,16,12,2.59,0.42,3.29,0.98,2.5,12.2,7.56,3.67,B
71675135,益田　直也,2025,千葉ロッテ,22,1,4,5,2,3,0,0,0,0.2,89,20.2,19,1,8,1,17,2,0,10,10,4.35,0.18,3.41,1.31,2.12,10.1,7.4,3.92,B
71775159,木村　優人,2025,千葉ロッテ,22,3,2,1,5,6,2,1,0,0.6,281,68,57,7,18,2,50,0,0,34,25,3.31,0.25,3.87,1.1,2.78,11.4,6.62,2.65,B
73175157,宮﨑　颯,2025,福岡ソフトバンク,2,0,0,0,0,0,0,0,0,0,9,2,3,0,0,0,2,0,0,0,0,0,0.07,1.12,1.5,2.0,22.2,9.0,0.0,B
81385159,大谷　輝龍,2024,千葉ロッテ,1,0,0,0,0,0,0,0,0,0,4,1,1,0,0,0,3,0,0,0,0,0,0.08,-2.88,1.0,3.0,75.0,27.0,0.0,B
81685150,廣池　康志郎,2025,千葉ロッテ,18,1,3,0,4,5,0,0,0,0.25,87,20.1,21,4,6,0,20,0,0,11,11,4.87,-0.09,4.6,1.33,3.33,16.1,8.85,2.66,B
83385157,吉川　悠斗,2025,千葉ロッテ,2,1,0,0,0,0,0,0,0,1,41,9,5,1,6,2,6,1,0,7,6,6,-0.17,5.9,1.22,1.0,0.0,6.0,8.0,B
91595157,菊地　吏玖,2023,千葉ロッテ,1,0,1,0,0,0,0,0,0,0,22,4,7,1,3,0,0,2,0,4,1,2.25,-0.2,8.62,2.5,0.0,-13.6,0.0,6.75,B
91595157,菊地　吏玖,2024,千葉ロッテ,20,1,0,1,2,3,0,0,0,1,97,24,21,3,5,2,27,0,0,6,6,2.25,0.22,3.37,1.08,5.4,22.7,10.12,2.62,B
91595157,菊地　吏玖,2025,千葉ロッテ,21,0,1,0,0,0,0,0,0,0,108,23.2,24,6,13,0,19,2,0,14,14,5.32,-0.59,6.46,1.56,1.46,5.6,7.23,4.94,B
91695159,早坂　響,2025,千葉ロッテ,9,0,0,0,0,0,0,0,0,0,51,11,12,1,8,0,4,2,0,9,9,7.36,-0.19,5.76,1.82,0.5,-7.8,3.27,6.55,B
1005137,東浜　巨,2013,福岡ソフトバンク,5,3,1,0,0,0,1,1,1,0.75,120,28.2,27,4,9,1,25,0,0,15,9,2.83,-0.01,4.24,1.26,2.78,13.3,7.85,3.14,B
1005137,東浜　巨,2014,福岡ソフトバンク,7,2,2,0,0,0,0,0,0,0.5,161,35.1,35,3,23,1,30,2,0,17,15,3.82,-0.14,4.56,1.64,1.3,4.3,7.64,6.11,B
1005137,東浜　巨,2015,福岡ソフトバンク,6,1,2,0,0,0,0,0,0,0.333,135,28,34,2,17,1,23,0,0,15,15,4.82,-0.04,4.33,1.82,1.35,4.4,7.39,5.79,B
1005137,東浜　巨,2016,福岡ソフトバンク,23,9,6,0,0,0,0,0,0,0.6,545,135,113,13,37,2,100,1,0,49,45,3,0.66,3.76,1.11,2.7,11.6,6.67,2.6,B
1005137,東浜　巨,2017,福岡ソフトバンク,24,16,5,0,0,0,2,1,0,0.762,637,160,135,17,44,1,139,2,0,48,47,2.64,1.05,3.61,1.12,3.16,14.9,7.82,2.53,B
1005137,東浜　巨,2018,福岡ソフトバンク,17,7,5,0,0,0,2,0,0,0.583,425,103,91,15,32,3,83,1,0,42,38,3.32,-0.25,4.42,1.19,2.59,12.0,7.25,3.06,B
1005137,東浜　巨,2019,福岡ソフトバンク,7,2,2,0,0,0,0,0,0,0.5,158,35.1,36,5,23,1,26,2,0,26,25,6.37,-0.52,5.53,1.67,1.13,1.9,6.62,6.11,B
1005137,東浜　巨,2020,福岡ソフトバンク,19,9,2,0,0,0,0,0,0,0.818,479,119,83,10,49,2,102,2,0,32,31,2.34,0.55,3.78,1.11,2.08,11.1,7.71,3.86,B
1005137,東浜　巨,2021,福岡ソフトバンク,14,4,4,0,0,0,0,0,0,0.5,326,75.1,85,7,22,3,61,0,0,36,31,3.7,0.42,3.7,1.42,2.77,12.0,7.29,2.99,B
1005137,東浜　巨,2022,福岡ソフトバンク,23,10,6,0,0,0,1,1,0,0.625,542,136,114,14,37,1,94,3,0,47,47,3.11,0.43,3.91,1.11,2.54,10.5,6.22,2.51,B
1005137,東浜　巨,2023,福岡ソフトバンク,17,6,7,0,0,0,0,0,0,0.462,428,99.2,114,6,24,0,73,1,0,50,50,4.52,1.15,3.16,1.38,3.04,11.4,6.59,2.17,B
1005137,東浜　巨,2024,福岡ソフトバンク,11,3,2,0,0,0,0,0,0,0.6,232,56,53,7,11,1,39,0,0,22,21,3.38,0.13,4.0,1.14,3.55,12.1,6.27,1.93,B
1005137,東浜　巨,2025,福岡ソフトバンク,7,4,2,0,0,1,0,0,0,0.667,132,32.1,30,2,5,0,19,0,0,11,9,2.51,0.35,3.21,1.08,3.8,10.6,5.29,1.39,B
1205138,中村　稔弥,2019,千葉ロッテ,10,1,1,0,3,4,0,0,0,0.5,103,25,23,2,8,1,21,3,2,12,12,4.32,0.18,3.56,1.24,2.62,12.6,7.56,3.24,B
1205138,中村　稔弥,2020,千葉ロッテ,16,2,5,0,0,0,0,0,0,0.286,278,64,61,11,31,0,40,4,0,41,34,4.78,-0.97,5.56,1.44,1.29,3.2,5.62,4.36,B
1205138,中村　稔弥,2021,千葉ロッテ,14,0,2,0,0,0,0,0,0,0,172,38,40,3,18,1,27,3,2,19,13,3.08,-0.01,4.23,1.53,1.5,5.2,6.39,4.5,B
1205138,中村　稔弥,2022,千葉ロッテ,10,0,0,0,1,1,0,0,0,0,64,12.1,17,0,9,1,10,1,0,11,11,8.03,0.04,3.93,2.11,1.11,1.6,7.3,7.3,B
1205138,中村　稔弥,2023,千葉ロッテ,17,3,1,0,0,3,0,0,0,0.75,99,23.1,22,0,6,1,19,1,0,6,6,2.31,0.47,2.39,1.2,3.17,13.1,7.33,2.7,B
1205138,中村　稔弥,2024,千葉ロッテ,17,1,0,0,0,1,0,0,0,1,139,34,30,1,9,1,17,0,1,14,14,3.71,0.31,3.38,1.15,1.89,5.8,4.5,2.65,B
1205138,中村　稔弥,2025,千葉ロッテ,15,0,0,0,0,0,0,0,0,0,87,20,19,2,10,0,8,0,0,8,7,3.15,-0.2,5.12,1.45,0.8,-2.3,3.6,4.5,B
1305157,大津　亮介,2023,福岡ソフトバンク,46,2,0,0,13,15,0,0,0,1,164,40.2,34,5,11,2,21,1,0,14,11,2.43,-0.2,4.64,1.11,1.91,6.1,4.65,2.88,B
1305157,大津　亮介,2024,福岡ソフトバンク,19,7,7,0,0,0,0,0,0,0.5,470,119.1,101,11,22,1,97,1,1,38,38,2.87,1.23,3.27,1.03,4.41,16.0,7.32,1.73,B
1305157,大津　亮介,2025,福岡ソフトバンク,12,6,2,0,0,0,0,0,0,0.75,260,65.2,63,6,10,2,36,0,0,17,14,1.92,0.32,3.76,1.11,3.6,10.0,4.93,1.64,B
1505151,大関　友久,2021,福岡ソフトバンク,12,0,0,0,0,0,0,0,0,0,88,23,12,1,10,2,13,0,0,6,6,2.35,0.02,4.12,0.96,1.3,3.4,5.09,4.7,B
1505151,大関　友久,2022,福岡ソフトバンク,21,7,6,0,0,2,2,2,1,0.538,409,101.1,88,8,28,4,70,1,1,37,33,2.93,0.55,3.71,1.14,2.5,10.3,6.22,2.84,B
1505151,大関　友久,2023,福岡ソフトバンク,17,5,7,0,0,0,2,1,0,0.417,427,104.2,86,11,35,6,76,1,0,36,34,2.92,-0.01,4.21,1.16,2.17,9.6,6.54,3.53,B
1505151,大関　友久,2024,福岡ソフトバンク,20,8,4,0,0,0,0,0,0,0.667,481,122.1,84,10,29,10,77,0,0,34,34,2.5,0.43,3.88,0.92,2.66,10.0,5.66,2.87,B
1505151,大関　友久,2025,福岡ソフトバンク,24,13,5,0,0,0,0,0,0,0.722,586,146.2,107,11,35,5,97,0,0,36,27,1.66,0.99,3.59,0.97,2.77,10.6,5.95,2.45,B
11415153,田上　奏大,2022,福岡ソフトバンク,2,0,0,0,0,0,0,0,0,0,31,7.1,4,0,6,0,2,0,0,2,2,2.45,-0.07,5.03,1.36,0.33,-12.9,2.45,7.36,B
11515159,大山　凌,2024,福岡ソフトバンク,18,1,1,0,1,2,0,0,0,0.5,114,27.2,19,2,14,2,23,1,0,10,10,3.25,0.02,4.13,1.19,1.64,7.9,7.48,5.2,B
11515159,大山　凌,2025,福岡ソフトバンク,26,1,1,1,3,4,0,0,0,0.5,134,30.2,30,1,12,1,21,0,0,9,8,2.35,0.26,3.45,1.37,1.75,6.7,6.16,3.82,B
13115159,前田　悠伍,2024,福岡ソフトバンク,1,0,0,0,0,0,0,0,0,0,19,3,8,1,1,1,0,0,0,6,6,18,-0.18,9.45,3.0,0.0,-5.3,0.0,6.0,B
13115159,前田　悠伍,2025,福岡ソフトバンク,3,1,1,0,0,0,0,0,0,0.5,46,11.1,14,3,1,0,12,0,0,7,5,3.97,-0.06,4.71,1.32,12.0,23.9,9.53,0.79,B
13415155,Ｒ．オスナ,2022,千葉ロッテ,29,4,1,10,9,13,0,0,0,0.8,107,29.2,15,1,3,1,32,0,0,3,3,0.91,0.79,1.81,0.61,10.67,27.1,9.71,1.21,B
13415155,Ｒ．オスナ,2023,福岡ソフトバンク,49,3,2,26,12,15,0,0,0,0.6,170,49,28,3,6,0,42,0,0,5,5,0.92,0.89,2.57,0.69,7.0,21.2,7.71,1.1,B
13415155,Ｒ．オスナ,2024,福岡ソフトバンク,39,0,3,24,5,5,0,0,0,0,157,38.1,36,3,10,2,23,1,0,16,16,3.76,0.14,3.88,1.2,2.3,8.3,5.4,2.82,B
13415155,Ｒ．オスナ,2025,福岡ソフトバンク,26,3,1,8,6,9,0,0,0,0.75,106,26,23,2,6,3,16,0,0,12,12,4.15,0.08,3.93,1.12,2.67,9.4,5.54,3.12,B
21325150,岩崎　峻典,2025,福岡ソフトバンク,1,0,0,0,0,0,0,0,0,0,8,1,4,0,1,0,2,0,0,3,3,27,0.02,2.12,5.0,2.0,12.5,18.0,9.0,B
21325157,大野　稼頭央,2025,福岡ソフトバンク,4,0,0,0,0,0,0,0,0,0,17,4.1,4,0,2,0,1,0,0,0,0,0,0.01,4.04,1.38,0.5,-5.9,2.08,4.15,B
31635155,長谷川　威展,2022,北海道日本ハム,2,0,0,0,1,1,0,0,0,0,9,2,2,0,1,0,2,0,0,0,0,0,0.04,2.62,1.5,2.0,11.1,9.0,4.5,B
33435157,Ｄ．ヘルナンデス,2023,福岡ソフトバンク,1,0,0,0,0,0,0,0,0,0,7,0.2,3,1,1,1,1,0,0,2,2,27,-0.18,28.62,6.0,1.0,0.0,13.5,27.0,B
33435157,Ｄ．ヘルナンデス,2024,福岡ソフトバンク,48,3,3,3,21,24,0,0,0,0.5,194,48,34,2,14,6,72,1,0,13,12,2.25,1.22,1.91,1.0,5.14,29.9,13.5,3.75,B
33435157,Ｄ．ヘルナンデス,2025,福岡ソフトバンク,42,1,2,0,9,10,0,0,0,0.333,164,40.1,34,1,12,3,43,1,0,15,15,3.35,0.8,2.43,1.14,3.58,18.9,9.6,3.35,B
41545157,木村　光,2024,福岡ソフトバンク,5,0,0,0,1,1,0,0,0,0,24,6,5,0,1,0,8,0,0,1,1,1.5,0.22,0.95,1.0,8.0,29.2,12.0,1.5,B
41545157,木村　光,2025,福岡ソフトバンク,13,0,0,1,0,0,0,0,0,0,65,17.2,9,1,5,0,17,0,0,2,2,1.02,0.28,2.78,0.79,3.4,18.5,8.66,2.55,B
41845157,松本　晴,2023,福岡ソフトバンク,3,0,1,0,0,0,0,0,0,0,31,6.1,8,0,3,1,4,0,0,5,5,7.11,0.03,3.75,1.74,1.33,3.2,5.68,5.68,B
41845157,松本　晴,2024,福岡ソフトバンク,5,2,1,0,0,0,0,0,0,0.667,63,16,12,1,4,1,17,0,0,5,5,2.81,0.26,2.75,1.0,4.25,20.6,9.56,2.81,B
41845157,松本　晴,2025,福岡ソフトバンク,29,6,6,0,2,3,0,0,0,0.5,388,91.1,94,6,23,5,92,2,0,33,28,2.76,1.34,2.88,1.28,4.0,17.8,9.07,2.76,B
51355135,上沢　直之,2014,北海道日本ハム,23,8,8,0,1,1,2,1,0,0.5,559,135.1,113,14,45,7,105,2,2,49,48,3.19,0.2,4.07,1.17,2.33,10.7,6.98,3.46,B
51355135,上沢　直之,2015,北海道日本ハム,13,5,6,0,0,0,1,0,0,0.455,335,75.1,75,6,30,5,43,1,1,41,35,4.18,-0.17,4.41,1.39,1.43,3.9,5.14,4.18,B
51355135,上沢　直之,2017,北海道日本ハム,15,4,9,0,0,0,0,0,0,0.308,388,91.2,84,11,32,2,74,2,1,39,35,3.44,0.02,4.18,1.27,2.31,10.8,7.27,3.34,B
51355135,上沢　直之,2018,北海道日本ハム,25,11,6,0,0,0,4,3,1,0.647,670,165.1,146,15,38,5,151,3,0,62,58,3.16,1.74,3.25,1.11,3.97,16.9,8.22,2.34,A
51355135,上沢　直之,2019,北海道日本ハム,11,5,3,0,0,0,0,0,0,0.625,307,71.1,69,5,27,1,64,3,0,34,25,3.15,0.62,3.41,1.35,2.37,12.1,8.07,3.53,B
51355135,上沢　直之,2020,北海道日本ハム,15,8,6,0,0,0,1,0,0,0.571,411,97,85,6,38,1,90,4,0,40,33,3.06,1.0,3.27,1.27,2.37,12.7,8.35,3.62,B
51355135,上沢　直之,2021,北海道日本ハム,24,12,6,0,0,0,1,0,0,0.667,643,160.1,119,8,48,4,135,5,2,53,50,2.81,2.04,3.06,1.04,2.81,13.5,7.58,2.92,A
51355135,上沢　直之,2022,北海道日本ハム,23,8,9,0,0,0,3,0,0,0.471,631,152,129,15,50,9,127,2,0,61,57,3.38,0.51,3.9,1.18,2.54,12.2,7.52,3.49,B
51355135,上沢　直之,2023,北海道日本ハム,24,9,9,0,0,0,2,2,0,0.5,696,170,152,14,41,5,124,5,1,66,56,2.96,1.24,3.54,1.14,3.02,11.9,6.56,2.44,B
51355135,上沢　直之,2025,福岡ソフトバンク,23,12,6,0,0,0,1,0,0,0.667,577,144.2,113,12,36,5,115,0,0,52,44,2.74,1.19,3.46,1.03,3.19,13.7,7.15,2.55,B
51355159,岩井　俊介,2024,福岡ソフトバンク,15,1,1,1,2,3,0,0,0,0.5,53,13,10,2,2,1,10,0,0,6,5,3.46,-0.01,4.27,0.92,5.0,15.1,6.92,2.08,B
51355159,岩井　俊介,2025,福岡ソフトバンク,8,0,0,0,1,1,0,0,0,0,41,9.1,11,1,2,1,5,0,0,3,3,2.89,-0.02,4.41,1.39,2.5,7.3,4.82,2.89,B
51655130,藤井　皓哉,2017,広島東洋,2,0,0,0,1,1,0,0,0,0,5,1.2,0,0,0,0,1,0,0,0,0,0,0.04,1.92,0.0,1.0,20.0,5.4,0.0,B
51655130,藤井　皓哉,2018,広島東洋,8,1,0,0,0,1,0,0,0,1,73,14.2,20,2,7,1,21,0,0,11,10,6.14,0.09,3.67,1.84,3.0,19.2,12.89,4.91,B
51655130,藤井　皓哉,2019,広島東洋,4,0,0,0,0,0,0,0,0,0,41,6.1,13,0,9,0,8,0,0,10,10,14.21,-0.05,4.86,3.47,0.89,-2.4,11.37,12.79,B
51655130,藤井　皓哉,2022,福岡ソフトバンク,55,5,1,3,22,27,0,0,0,0.833,218,56.1,18,4,27,1,81,1,0,9,7,1.12,0.96,2.66,0.8,3.0,24.8,12.94,4.47,B
51655130,藤井　皓哉,2023,福岡ソフトバンク,34,5,3,0,9,9,0,0,0,0.625,288,69.2,46,3,33,7,84,1,0,21,18,2.33,0.94,2.99,1.13,2.55,17.7,10.85,5.17,B
51655130,藤井　皓哉,2024,福岡ソフトバンク,40,2,1,1,19,21,0,0,0,0.667,170,40,28,2,20,1,45,3,0,11,8,1.8,0.49,3.1,1.2,2.25,14.7,10.12,4.72,B
51655130,藤井　皓哉,2025,福岡ソフトバンク,51,2,3,2,19,21,0,0,0,0.4,195,50,32,2,14,2,75,2,0,9,8,1.44,1.44,1.6,0.92,5.36,31.3,13.5,2.88,B
53755138,Ｃ．スチュワート・ジュニア,2021,福岡ソフトバンク,11,0,2,0,1,1,0,0,0,0,112,23.2,21,0,21,1,36,4,0,18,16,6.08,0.35,2.87,1.77,1.71,13.4,13.69,8.37,B
53755138,Ｃ．スチュワート・ジュニア,2023,福岡ソフトバンク,14,3,6,0,0,0,0,0,0,0.333,344,77.1,70,7,42,1,67,3,0,31,29,3.38,-0.03,4.23,1.45,1.6,7.3,7.8,5.0,B
53755138,Ｃ．スチュワート・ジュニア,2024,福岡ソフトバンク,20,9,4,0,0,0,0,0,0,0.692,485,120,79,6,51,5,105,2,0,29,26,1.95,1.04,3.42,1.08,2.06,11.1,7.88,4.2,B
61365136,尾形　崇斗,2020,福岡ソフトバンク,1,0,0,0,0,0,0,0,0,0,8,1,2,0,3,0,2,0,0,3,3,27,-0.04,8.12,5.0,0.67,-12.5,18.0,27.0,B
61365136,尾形　崇斗,2021,福岡ソフトバンク,8,0,0,0,0,0,0,0,0,0,34,10.1,3,1,2,0,9,0,0,1,1,0.87,0.11,3.22,0.48,4.5,20.6,7.84,1.74,B
61365136,尾形　崇斗,2022,福岡ソフトバンク,9,1,0,0,0,1,0,0,0,1,54,11.1,14,2,6,0,11,1,0,7,7,5.56,-0.11,5.06,1.76,1.83,9.3,8.74,4.76,B
61365136,尾形　崇斗,2023,福岡ソフトバンク,12,0,1,0,0,0,0,0,0,0,75,18,18,3,3,1,15,0,0,11,8,4,-0.02,4.29,1.17,5.0,16.0,7.5,2.0,B
61365136,尾形　崇斗,2024,福岡ソフトバンク,12,2,0,0,3,5,0,0,0,1,46,11.2,8,0,3,0,15,0,1,4,3,2.31,0.37,1.32,0.94,5.0,26.1,11.57,2.31,B
61365136,尾形　崇斗,2025,福岡ソフトバンク,38,1,1,0,5,6,0,0,0,0.5,154,34.2,36,7,12,0,41,2,0,21,18,4.67,-0.08,4.42,1.38,3.42,18.8,10.64,3.12,B
61665130,松本　裕樹,2016,福岡ソフトバンク,1,0,0,0,0,0,0,0,0,0,4,1,1,1,0,0,1,0,0,1,1,9,-0.11,14.12,1.0,1.0,25.0,9.0,0.0,B
61665130,松本　裕樹,2017,福岡ソフトバンク,15,2,4,0,0,0,0,0,0,0.333,263,58.1,61,5,29,2,43,1,0,31,31,4.78,-0.1,4.35,1.54,1.48,5.3,6.63,4.78,B
61665130,松本　裕樹,2018,福岡ソフトバンク,6,1,2,0,0,0,0,0,0,0.333,124,28.2,25,5,14,1,20,0,1,11,11,3.45,-0.43,5.56,1.36,1.43,4.8,6.28,4.71,B
61665130,松本　裕樹,2019,福岡ソフトバンク,7,1,1,0,0,0,0,0,0,0.5,146,33.2,35,2,11,0,32,1,0,18,15,4.01,0.46,2.97,1.37,2.91,14.4,8.55,2.94,B
61665130,松本　裕樹,2020,福岡ソフトバンク,25,0,1,0,6,6,0,0,0,0,120,28.1,20,4,19,0,27,2,0,11,11,3.49,-0.27,5.06,1.38,1.42,6.7,8.58,6.04,B
61665130,松本　裕樹,2021,福岡ソフトバンク,33,3,3,0,4,7,0,0,0,0.5,306,73.2,64,9,28,2,59,0,0,33,31,3.79,-0.1,4.33,1.25,2.11,10.1,7.21,3.67,B
61665130,松本　裕樹,2022,福岡ソフトバンク,44,5,1,0,15,20,0,0,0,0.833,206,50.2,40,6,14,1,60,1,0,15,15,2.66,0.57,3.18,1.07,4.29,22.3,10.66,2.66,B
61665130,松本　裕樹,2023,福岡ソフトバンク,53,2,2,0,25,27,0,0,0,0.5,189,47,32,5,17,0,60,1,0,16,14,2.68,0.61,3.03,1.04,3.53,22.8,11.49,3.26,B
61665130,松本　裕樹,2024,福岡ソフトバンク,50,2,2,14,23,25,0,0,0,0.5,198,46.2,37,3,17,4,47,0,0,17,15,2.89,0.47,3.29,1.16,2.76,15.2,9.06,4.05,B
61665130,松本　裕樹,2025,福岡ソフトバンク,51,5,2,0,39,44,0,0,0,0.714,188,50.2,28,3,13,2,56,1,0,6,6,1.07,0.92,2.57,0.81,4.31,22.9,9.95,2.66,B
63965134,Ｌ．モイネロ,2017,福岡ソフトバンク,34,4,3,1,15,19,0,0,0,0.571,141,35.2,21,1,14,2,36,1,0,15,10,2.52,0.55,2.81,0.98,2.57,15.6,9.08,4.04,B
63965134,Ｌ．モイネロ,2018,福岡ソフトバンク,49,5,1,0,13,18,0,0,0,0.833,190,45.2,31,6,24,1,57,1,0,23,23,4.53,0.11,3.97,1.2,2.38,17.4,11.23,4.93,B
63965134,Ｌ．モイネロ,2019,福岡ソフトバンク,60,3,1,4,34,37,0,0,0,0.75,245,59.1,37,4,25,6,86,3,0,13,10,1.52,1.01,2.66,1.04,3.44,24.9,13.04,4.7,B
63965134,Ｌ．モイネロ,2020,福岡ソフトバンク,50,2,3,1,38,40,0,0,0,0.4,193,48,26,1,25,2,77,0,0,9,9,1.69,1.24,1.87,1.06,3.08,26.9,14.44,5.06,B
63965134,Ｌ．モイネロ,2021,福岡ソフトバンク,33,1,0,5,14,15,0,0,0,1,128,31.1,15,2,19,1,42,0,0,6,4,1.15,0.35,3.18,1.09,2.21,18.0,12.06,5.74,B
63965134,Ｌ．モイネロ,2022,福岡ソフトバンク,53,1,1,24,8,9,0,0,0,0.5,202,52.2,22,2,20,2,87,2,0,10,6,1.03,1.54,1.56,0.8,4.35,33.2,14.87,3.76,A
63965134,Ｌ．モイネロ,2023,福岡ソフトバンク,27,3,0,5,13,16,0,0,0,1,97,27.2,11,0,5,0,37,0,0,3,3,0.98,0.99,0.99,0.58,7.4,33.0,12.04,1.63,B
63965134,Ｌ．モイネロ,2024,福岡ソフトバンク,25,11,5,0,0,0,2,0,0,0.688,636,163,107,11,47,5,155,3,0,39,34,1.88,2.08,3.05,0.94,3.3,17.0,8.56,2.87,A
63965134,Ｌ．モイネロ,2025,福岡ソフトバンク,24,12,3,0,0,0,3,2,1,0.8,639,167,112,10,42,3,172,1,0,29,27,1.46,2.88,2.65,0.92,4.1,20.3,9.27,2.43,A
71375134,大江　竜聖,2019,読　売,8,0,0,0,1,1,0,0,0,0,49,10.2,13,3,3,0,7,1,0,9,8,6.75,-0.25,6.31,1.5,2.33,8.2,5.91,2.53,B
71375134,大江　竜聖,2020,読　売,43,3,0,0,9,12,0,0,0,1,156,37.2,21,5,22,5,30,0,0,15,13,3.11,-0.5,5.4,1.14,1.36,5.1,7.17,6.45,B
71375134,大江　竜聖,2021,読　売,47,0,0,0,13,13,0,0,0,0,145,33,29,2,17,2,23,0,0,16,15,4.09,-0.02,4.24,1.39,1.35,4.1,6.27,5.18,B
71375134,大江　竜聖,2022,読　売,3,0,0,0,0,0,0,0,0,0,26,5.1,5,1,3,1,5,0,0,2,1,1.69,-0.1,5.93,1.5,1.67,7.7,8.44,6.75,B
71375134,大江　竜聖,2023,読　売,32,4,0,0,6,10,0,0,0,1,89,22,15,3,10,2,16,1,0,10,10,4.09,-0.21,5.07,1.14,1.6,6.7,6.55,4.91,B
71375134,大江　竜聖,2024,読　売,16,0,0,0,5,5,0,0,0,0,56,13.2,9,1,8,0,13,0,0,4,4,2.63,0.04,3.92,1.24,1.62,8.9,8.56,5.27,B
71375134,大江　竜聖,2025,福岡ソフトバンク,16,0,1,0,1,1,0,0,0,0,69,17.2,8,1,9,2,17,0,0,3,3,1.53,0.08,3.8,0.96,1.89,11.6,8.66,5.6,B
71875157,前田　純,2024,福岡ソフトバンク,1,1,0,0,0,0,0,0,0,1,20,6,3,0,0,0,5,0,0,0,0,0,0.18,1.45,0.5,5.0,25.0,7.5,0.0,B
71875157,前田　純,2025,福岡ソフトバンク,10,2,2,0,0,0,0,0,0,0.5,213,49,44,3,17,6,31,0,0,18,17,3.12,0.08,4.06,1.24,1.82,6.6,5.69,4.22,B
73375159,村田　賢一,2024,福岡ソフトバンク,1,0,0,0,0,0,0,0,0,0,5,1,2,1,0,0,0,0,0,2,2,18,-0.13,16.12,2.0,0.0,0.0,0.0,0.0,B
81285151,津森　宥紀,2020,福岡ソフトバンク,14,1,0,0,3,4,0,0,0,1,72,16.1,15,2,8,1,17,1,0,5,5,2.76,-0.02,4.28,1.41,2.12,12.5,9.37,4.96,B
81285151,津森　宥紀,2021,福岡ソフトバンク,45,1,0,0,11,12,0,0,0,1,132,33,24,2,8,2,43,0,0,8,8,2.18,0.73,2.21,0.97,5.38,26.5,11.73,2.73,B
81285151,津森　宥紀,2022,福岡ソフトバンク,51,4,6,1,18,22,0,0,0,0.4,193,46.1,36,4,24,2,51,0,0,17,15,2.91,0.24,3.72,1.29,2.12,14.0,9.91,5.05,B
81285151,津森　宥紀,2023,福岡ソフトバンク,56,4,4,0,22,26,0,0,0,0.5,202,48.2,37,4,21,3,44,0,0,20,19,3.51,0.18,3.86,1.19,2.1,11.4,8.14,4.44,B
81285151,津森　宥紀,2024,福岡ソフトバンク,48,5,2,0,17,22,0,0,0,0.714,180,42.1,31,1,20,6,38,1,0,10,10,2.13,0.34,3.47,1.2,1.9,10.0,8.08,5.53,B
81285151,津森　宥紀,2025,福岡ソフトバンク,22,1,1,1,3,4,0,0,0,0.5,103,21.1,27,2,8,4,25,1,0,8,8,3.38,0.12,3.68,1.64,3.12,16.5,10.55,5.06,B
81585138,上茶谷　大河,2019,横浜DeNA,25,7,6,0,0,0,1,1,0,0.538,584,134,136,14,51,3,102,3,1,68,59,3.96,0.05,4.16,1.4,2.0,8.7,6.85,3.63,B
81585138,上茶谷　大河,2020,横浜DeNA,11,2,3,0,0,0,1,1,0,0.4,247,59,57,8,20,2,50,4,0,29,27,4.12,-0.07,4.31,1.31,2.5,12.1,7.63,3.36,B
81585138,上茶谷　大河,2021,横浜DeNA,8,1,3,0,0,0,0,0,0,0.25,155,34,37,5,17,1,26,1,0,27,27,7.15,-0.34,5.09,1.59,1.53,5.8,6.88,4.76,B
81585138,上茶谷　大河,2022,横浜DeNA,13,3,6,0,0,0,1,1,1,0.333,278,66.2,65,8,17,2,49,0,1,40,35,4.72,0.1,4.07,1.23,2.88,11.5,6.61,2.56,B
81585138,上茶谷　大河,2023,横浜DeNA,46,5,3,0,4,9,0,0,0,0.625,270,64,53,3,26,4,54,3,0,21,15,2.11,0.53,3.45,1.23,2.08,10.4,7.59,4.22,B
81585138,上茶谷　大河,2024,横浜DeNA,18,2,2,0,1,3,0,0,0,0.5,110,22.2,32,3,11,1,16,0,0,14,11,4.37,-0.21,5.02,1.9,1.45,4.5,6.35,4.76,B
81585138,上茶谷　大河,2025,福岡ソフトバンク,8,0,0,0,0,0,0,0,0,0,57,13,15,3,3,0,11,0,0,11,10,6.92,-0.13,5.12,1.38,3.67,14.0,7.62,2.08,B
91395153,伊藤　優輔,2024,読　売,8,0,0,0,1,1,0,0,0,0,32,8.2,5,0,3,1,8,0,0,1,1,1.04,0.15,2.66,0.92,2.67,15.6,8.31,4.15,B
91395153,伊藤　優輔,2025,福岡ソフトバンク,5,0,0,0,0,0,0,0,0,0,28,7,4,0,2,2,5,0,0,0,0,0,0.06,3.41,0.86,2.5,10.7,6.43,5.14,B
91995138,杉山　一樹,2019,福岡ソフトバンク,2,0,0,0,0,0,0,0,0,0,21,4,5,0,5,0,4,1,0,4,4,9,-0.03,4.87,2.5,0.8,-4.8,9.0,11.25,B
91995138,杉山　一樹,2020,福岡ソフトバンク,11,0,0,0,1,1,0,0,0,0,69,16.2,15,1,6,0,22,1,0,5,4,2.16,0.34,2.34,1.26,3.67,23.2,11.88,3.24,B
91995138,杉山　一樹,2021,福岡ソフトバンク,15,2,2,0,1,3,0,0,0,0.5,117,25.1,13,1,31,2,29,1,0,9,9,3.2,-0.3,5.25,1.74,0.94,-1.7,10.3,11.72,B
91995138,杉山　一樹,2022,福岡ソフトバンク,10,1,3,0,0,0,0,0,0,0.25,194,42.1,45,10,26,1,37,4,0,33,32,6.8,-1.01,6.36,1.68,1.42,5.7,7.87,5.74,B
91995138,杉山　一樹,2024,福岡ソフトバンク,50,4,0,1,14,18,0,0,0,1,198,50.1,28,2,22,1,61,1,0,10,9,1.61,0.9,2.58,0.99,2.77,19.7,10.91,4.11,B
91995138,杉山　一樹,2025,福岡ソフトバンク,65,3,4,31,10,13,0,0,0,0.429,270,64.1,48,3,23,9,85,4,0,17,13,1.82,1.16,2.58,1.1,3.7,23.0,11.89,4.48,B
91995159,澤柳　亮太郎,2024,福岡ソフトバンク,11,2,1,0,0,2,0,0,0,0.667,42,10.2,7,0,4,1,9,1,0,4,4,3.38,0.16,2.84,1.03,2.25,11.9,7.59,4.22,B
1105134,池田　隆英,2018,東北楽天,15,1,5,0,4,4,0,0,0,0.167,206,42.2,60,4,21,0,24,5,0,33,28,5.91,-0.23,4.69,1.9,1.14,1.5,5.06,4.43,B
1105134,池田　隆英,2021,北海道日本ハム,18,3,10,0,1,1,0,0,0,0.231,364,82.1,88,11,35,5,52,4,0,42,36,3.94,-0.78,5.05,1.49,1.49,4.7,5.68,4.37,B
1105134,池田　隆英,2022,北海道日本ハム,4,1,3,0,0,0,0,0,0,0.25,71,16.1,15,0,6,0,11,1,0,7,6,3.31,0.24,2.88,1.29,1.83,7.0,6.06,3.31,B
1105134,池田　隆英,2023,北海道日本ハム,51,1,5,0,25,26,0,0,0,0.167,195,50.1,33,5,12,2,45,1,0,18,16,2.86,0.42,3.46,0.89,3.75,16.9,8.05,2.5,B
1105134,池田　隆英,2024,北海道日本ハム,29,2,1,0,15,17,0,0,0,0.667,93,23.2,14,4,9,2,22,2,0,10,10,3.8,-0.17,4.85,0.97,2.44,14.0,8.37,4.18,B
1105134,池田　隆英,2025,北海道日本ハム,24,0,3,0,13,13,0,0,0,0,94,22,21,1,5,1,14,2,0,6,6,2.45,0.23,3.26,1.18,2.8,9.6,5.73,2.45,B
1205155,達　孝太,2022,北海道日本ハム,1,0,0,0,0,0,0,0,0,0,12,3,1,0,3,0,0,0,0,0,0,0,-0.06,6.12,1.33,0.0,-25.0,0.0,9.0,B
1205155,達　孝太,2024,北海道日本ハム,1,1,0,0,0,0,0,0,0,1,18,5,3,0,0,0,4,0,0,0,0,0,0.15,1.52,0.6,4.0,22.2,7.2,0.0,B
1205155,達　孝太,2025,北海道日本ハム,16,8,2,0,0,0,3,1,1,0.8,418,107.2,80,7,20,1,94,1,1,27,25,2.09,1.67,2.8,0.93,4.7,17.7,7.86,1.76,A
3105136,山本　拓実,2018,中　日,1,0,0,0,0,0,0,0,0,0,8,2,1,0,2,0,3,0,0,0,0,0,0.02,3.12,1.5,1.5,12.5,13.5,9.0,B
3105136,山本　拓実,2023,中　日,14,0,1,0,0,0,0,0,0,0,61,13,17,1,5,0,11,0,0,11,8,5.54,0.09,3.58,1.69,2.2,9.8,7.62,3.46,B
3105136,山本　拓実,2024,北海道日本ハム,36,6,0,0,3,9,0,0,0,1,161,39.2,35,2,9,2,30,1,0,9,8,1.82,0.49,3.09,1.11,3.33,13.0,6.81,2.5,B
3105136,山本　拓実,2025,北海道日本ハム,27,2,2,1,0,2,0,0,0,0.5,110,25.2,23,0,10,0,30,0,0,11,10,3.51,0.64,1.95,1.29,3.0,18.2,10.52,3.51,B
71675134,浜地　真澄,2022,阪　神,52,1,3,0,21,22,0,0,0,0.25,181,47.1,38,3,5,0,38,0,0,9,6,1.14,0.81,2.66,0.91,7.6,18.2,7.23,0.95,B
11615138,福田　俊,2020,北海道日本ハム,30,0,0,0,2,2,0,0,0,0,132,30.1,29,4,14,0,27,1,0,12,11,3.26,-0.08,4.44,1.42,1.93,9.8,8.01,4.15,B
11615138,福田　俊,2021,北海道日本ハム,5,0,0,0,0,0,0,0,0,0,25,4.2,9,1,1,0,3,1,0,8,6,11.57,-0.06,5.26,2.14,3.0,8.0,5.79,1.93,B
11615138,福田　俊,2022,北海道日本ハム,13,0,0,0,3,3,0,0,0,0,45,10.1,7,0,7,0,11,0,0,1,1,0.87,0.14,3.02,1.35,1.57,8.9,9.58,6.1,B
11615138,福田　俊,2023,北海道日本ハム,29,1,0,0,3,4,0,0,0,1,100,26.1,11,0,10,2,19,4,0,0,0,0,0.34,3.04,0.8,1.9,9.0,6.49,4.1,B
11615138,福田　俊,2024,北海道日本ハム,2,0,0,0,0,0,0,0,0,0,9,2,1,0,2,0,1,0,0,0,0,0,-0.02,5.12,1.5,0.5,-11.1,4.5,9.0,B
21025137,福谷　浩司,2013,中　日,9,0,1,0,3,3,0,0,0,0,36,7.1,8,1,7,0,4,0,0,6,6,7.36,-0.2,6.67,2.05,0.57,-8.3,4.91,8.59,B
21025137,福谷　浩司,2014,中　日,72,2,4,11,32,34,0,0,0,0.333,298,74.2,54,2,26,1,72,4,2,15,15,1.81,1.31,2.62,1.07,2.77,15.4,8.68,3.25,B
21025137,福谷　浩司,2015,中　日,42,3,4,19,4,7,0,0,0,0.429,176,40,38,3,20,3,25,3,0,19,18,4.05,-0.16,4.57,1.45,1.25,2.8,5.62,5.17,B
21025137,福谷　浩司,2016,中　日,41,1,2,8,8,9,0,0,0,0.333,171,40,45,6,9,2,23,5,0,18,18,4.05,-0.24,4.75,1.35,2.56,8.2,5.17,2.48,B
21025137,福谷　浩司,2017,中　日,25,1,1,0,2,3,0,0,0,0.5,122,26.2,35,5,9,1,26,5,0,17,17,5.74,-0.16,4.73,1.65,2.89,13.9,8.78,3.38,B
21025137,福谷　浩司,2018,中　日,29,0,1,0,4,4,0,0,0,0,114,27,31,5,7,0,28,0,0,16,15,5,-0.01,4.23,1.41,4.0,18.4,9.33,2.33,B
21025137,福谷　浩司,2019,中　日,1,0,0,0,0,0,0,0,0,0,26,6,6,1,2,0,6,0,0,1,1,1.5,-0.01,4.29,1.33,3.0,15.4,9.0,3.0,B
21025137,福谷　浩司,2020,中　日,14,8,2,0,0,0,0,0,0,0.8,359,92,81,7,13,1,72,2,0,27,27,2.64,1.23,3.0,1.02,5.54,16.4,7.04,1.37,B
21025137,福谷　浩司,2021,中　日,18,5,10,0,0,0,1,0,1,0.333,432,103.1,112,10,17,1,73,3,0,55,52,4.53,0.82,3.49,1.25,4.29,13.0,6.36,1.57,B
21025137,福谷　浩司,2022,中　日,5,1,3,0,0,0,0,0,0,0.25,119,23,42,3,9,0,14,4,0,27,23,9,-0.15,4.77,2.22,1.56,4.2,5.48,3.52,B
21025137,福谷　浩司,2023,中　日,14,3,4,0,0,0,0,0,0,0.429,241,54,72,6,11,1,36,1,0,34,31,5.17,0.18,3.9,1.54,3.27,10.4,6.0,2.0,B
21025137,福谷　浩司,2024,中　日,8,3,1,0,1,1,0,0,0,0.75,121,29,30,3,7,0,16,1,0,12,12,3.72,0.04,4.09,1.28,2.29,7.4,4.97,2.17,B
21025137,福谷　浩司,2025,北海道日本ハム,14,1,1,0,2,3,0,0,0,0.5,63,14.1,16,3,4,0,11,1,0,10,6,3.77,-0.15,5.14,1.4,2.75,11.1,6.91,2.51,B
21725138,齋藤　友貴哉,2019,阪　神,1,0,0,0,0,0,0,0,0,0,10,2,1,0,3,0,2,0,0,0,0,0,-0.03,5.62,2.0,0.67,-10.0,9.0,13.5,B
21725138,齋藤　友貴哉,2020,阪　神,5,0,0,0,0,0,0,0,0,0,35,7,9,1,5,0,11,3,0,6,6,7.71,0.02,3.98,2.0,2.2,17.1,14.14,6.43,B
21725138,齋藤　友貴哉,2021,阪　神,19,1,1,0,1,2,0,0,0,0.5,103,23.1,23,1,12,0,26,3,0,14,12,4.63,0.31,2.99,1.5,2.17,13.6,10.03,4.63,B
21725138,齋藤　友貴哉,2022,阪　神,20,0,1,0,0,0,0,0,0,0,107,23.1,23,2,10,3,27,0,0,14,13,5.01,0.16,3.59,1.41,2.7,15.9,10.41,5.01,B
21725138,齋藤　友貴哉,2024,北海道日本ハム,25,1,1,1,5,6,0,0,0,0.5,115,26.1,23,2,12,0,25,3,0,6,5,1.71,0.18,3.58,1.33,2.08,11.3,8.54,4.1,B
21725138,齋藤　友貴哉,2025,北海道日本ハム,47,1,2,3,14,15,0,0,0,0.333,180,46.2,31,1,14,2,37,1,0,7,7,1.35,0.7,2.84,0.96,2.64,12.8,7.14,3.09,B
21825130,山﨑　福也,2015,オリックス,17,3,6,0,0,0,0,0,0,0.333,258,57.2,49,9,34,3,35,4,0,35,29,4.53,-1.06,5.86,1.44,1.03,0.4,5.46,5.77,B
21825130,山﨑　福也,2016,オリックス,17,3,2,0,0,0,0,0,0,0.6,260,61.1,55,4,23,3,37,2,0,27,25,3.67,0.11,4.03,1.27,1.61,5.4,5.43,3.82,B
21825130,山﨑　福也,2017,オリックス,15,2,5,0,0,1,1,1,0,0.286,205,45,52,8,20,0,21,2,1,29,22,4.4,-0.82,5.83,1.6,1.05,0.5,4.2,4.0,B
81985157,曽谷　龍平,2025,オリックス,21,8,8,0,0,0,1,0,1,0.5,486,114.1,125,7,25,8,102,3,0,55,51,4.01,1.53,3.0,1.31,4.08,15.8,8.03,2.6,A
21825130,山﨑　福也,2018,オリックス,7,0,1,0,0,0,0,0,0,0,80,17.2,21,2,7,0,9,0,0,11,9,4.58,-0.11,4.76,1.58,1.29,2.5,4.58,3.57,B
21825130,山﨑　福也,2019,オリックス,36,2,3,0,1,3,0,0,0,0.4,236,54,49,6,28,3,37,2,0,27,27,4.5,-0.43,4.92,1.43,1.32,3.8,6.17,5.17,B
21825130,山﨑　福也,2020,オリックス,15,5,5,0,0,0,0,0,0,0.5,347,84,71,12,33,2,46,0,0,45,42,4.5,-0.87,5.13,1.24,1.39,3.7,4.93,3.75,B
21825130,山﨑　福也,2021,オリックス,22,8,10,0,0,1,0,0,0,0.444,473,116.1,111,13,24,6,75,2,0,47,46,3.56,0.18,4.06,1.16,3.12,10.8,5.8,2.32,B
21825130,山﨑　福也,2022,オリックス,24,5,8,0,2,3,0,0,0,0.385,475,114.2,112,13,27,6,91,4,0,58,44,3.45,0.42,3.87,1.21,3.37,13.5,7.14,2.59,B
21825130,山﨑　福也,2023,オリックス,23,11,5,0,0,0,0,0,0,0.688,537,130.1,127,7,24,5,80,0,0,48,47,3.25,1.36,3.26,1.16,3.33,10.4,5.52,2.0,B
21825130,山﨑　福也,2024,北海道日本ハム,24,10,6,0,0,0,2,0,1,0.625,600,147.2,142,17,28,4,74,3,0,57,52,3.17,-0.11,4.26,1.15,2.64,7.7,4.51,1.95,B
21825130,山﨑　福也,2025,北海道日本ハム,20,7,5,0,0,2,2,1,2,0.583,450,111,105,11,18,1,51,2,0,36,28,2.27,0.24,4.0,1.11,2.83,7.3,4.14,1.54,B
31235134,田中　正義,2018,福岡ソフトバンク,10,0,1,0,0,0,0,0,0,0,64,13.2,18,6,6,0,15,0,0,13,13,8.56,-0.57,7.95,1.76,2.5,14.1,9.88,3.95,B
31235134,田中　正義,2019,福岡ソフトバンク,1,0,0,0,0,0,0,0,0,0,5,0.2,1,0,2,0,0,0,0,0,0,0,-0.06,12.12,4.5,0.0,-40.0,0.0,27.0,B
31235134,田中　正義,2021,福岡ソフトバンク,18,0,0,0,1,1,0,0,0,0,67,16.2,9,2,8,0,14,3,0,5,4,2.16,-0.04,4.44,1.02,1.75,9.0,7.56,4.32,B
31235134,田中　正義,2022,福岡ソフトバンク,5,0,0,0,1,1,0,0,0,0,16,5,2,0,0,0,6,0,0,0,0,0,0.19,0.72,0.4,6.0,37.5,10.8,0.0,B
31235134,田中　正義,2023,北海道日本ハム,47,2,3,25,8,10,0,0,0,0.4,194,46.1,43,6,13,0,46,0,0,18,18,3.5,0.28,3.66,1.21,3.54,17.0,8.94,2.53,B
31235134,田中　正義,2024,北海道日本ハム,53,4,4,20,12,16,0,0,0,0.5,201,49.2,33,4,17,3,47,1,0,14,12,2.17,0.4,3.48,1.01,2.76,14.9,8.52,3.62,B
31235134,田中　正義,2025,北海道日本ハム,49,1,1,13,12,13,0,0,0,0.5,196,47.2,37,2,13,2,48,2,0,7,7,1.32,0.85,2.6,1.05,3.69,17.9,9.06,2.83,B
31735155,菊地　大稀,2022,読　売,16,0,2,0,0,0,0,0,0,0,82,17.2,16,2,13,1,21,2,0,13,11,5.6,-0.08,4.59,1.64,1.62,9.8,10.7,7.13,B
31735155,菊地　大稀,2023,読　売,50,4,4,1,11,15,0,0,0,0.5,193,47.2,40,4,16,1,55,0,0,19,18,3.4,0.65,2.97,1.17,3.44,20.2,10.38,3.21,B
31735155,菊地　大稀,2025,読　売,7,1,1,0,0,1,0,0,0,0.5,41,10,7,1,4,0,16,0,0,3,2,1.8,0.2,2.42,1.1,4.0,29.3,14.4,3.6,B
41245138,生田目　翼,2019,北海道日本ハム,4,0,1,0,0,0,0,0,0,0,39,8,10,2,4,0,2,0,0,10,7,7.88,-0.28,7.37,1.75,0.5,-5.1,2.25,4.5,B
41245138,生田目　翼,2020,北海道日本ハム,3,0,1,0,0,0,0,0,0,0,29,6,9,1,3,0,5,2,0,6,5,7.5,-0.06,5.12,2.0,1.67,6.9,7.5,4.5,B
41245138,生田目　翼,2021,北海道日本ハム,1,1,0,0,0,0,0,0,0,1,22,6,1,0,3,1,5,0,0,1,1,1.5,0.05,3.45,0.67,1.67,9.1,7.5,6.0,B
41245138,生田目　翼,2022,北海道日本ハム,2,0,1,0,0,0,0,0,0,0,41,10,7,0,4,1,7,0,0,5,4,3.6,0.11,3.22,1.1,1.75,7.3,6.3,4.5,B
41245138,生田目　翼,2023,北海道日本ハム,5,0,1,0,0,0,0,0,0,0,35,8.1,5,0,4,2,5,2,0,3,2,2.16,0.01,4.08,1.08,1.25,2.9,5.4,6.48,B
41245138,生田目　翼,2024,北海道日本ハム,43,1,1,1,9,10,0,0,0,0.5,172,41.2,48,1,9,1,34,1,0,18,18,3.89,0.78,2.52,1.37,3.78,14.5,7.34,2.16,B
41245138,生田目　翼,2025,北海道日本ハム,25,0,0,0,6,6,0,0,0,0,105,27.1,20,3,5,0,16,0,0,7,7,2.3,0.08,3.92,0.91,3.2,10.5,5.27,1.65,B
41345132,上原　健太,2016,北海道日本ハム,1,0,0,0,1,1,0,0,0,0,4,1,1,0,0,0,1,0,0,0,0,0,0.03,1.12,1.0,1.0,25.0,9.0,0.0,B
41345132,上原　健太,2017,北海道日本ハム,9,1,5,0,0,0,0,0,0,0.167,166,34.2,44,7,20,0,29,1,0,27,24,6.23,-0.62,5.8,1.85,1.45,5.4,7.53,5.19,B
41345132,上原　健太,2018,北海道日本ハム,10,4,0,0,0,0,0,0,0,1,158,37.1,34,3,11,1,24,1,0,15,13,3.13,0.15,3.84,1.21,2.18,8.2,5.79,2.89,B
41345132,上原　健太,2019,北海道日本ハム,13,1,3,0,0,0,0,0,0,0.25,195,45.1,53,7,9,0,30,6,1,31,28,5.56,-0.1,4.4,1.37,3.33,10.8,5.96,1.79,B
41345132,上原　健太,2020,北海道日本ハム,7,1,3,0,0,0,0,0,0,0.25,149,34.1,37,3,12,0,28,3,0,20,17,4.46,0.2,3.67,1.43,2.33,10.7,7.34,3.15,B
41345132,上原　健太,2021,北海道日本ハム,11,0,0,0,0,0,0,0,0,0,47,11.1,8,0,6,0,11,0,0,5,5,3.97,0.18,2.77,1.24,1.83,10.6,8.74,4.76,B
41345132,上原　健太,2022,北海道日本ハム,25,3,5,0,1,1,0,0,0,0.375,302,73.1,73,2,21,3,59,2,0,28,26,3.19,1.1,2.85,1.28,2.81,12.6,7.24,2.95,B
41345132,上原　健太,2023,北海道日本ハム,19,4,7,0,0,0,0,0,0,0.364,424,101.1,101,7,22,4,74,0,0,40,31,2.75,0.98,3.33,1.21,3.36,12.3,6.57,2.31,B
41345132,上原　健太,2024,北海道日本ハム,7,0,5,0,0,0,0,0,0,0,126,25.1,40,2,13,1,13,0,0,26,26,9.24,-0.16,4.78,2.09,1.0,0.0,4.62,4.97,B
41345132,上原　健太,2025,北海道日本ハム,27,3,1,1,13,16,0,0,0,0.75,98,24.1,15,1,8,3,24,0,0,3,3,1.11,0.31,3.04,0.95,3.0,16.3,8.88,4.07,B
41445116,宮西　尚生,2008,北海道日本ハム,50,2,4,0,8,10,0,0,0,0.333,198,45.1,47,5,15,2,25,2,1,24,22,4.37,-0.19,4.58,1.37,1.67,5.1,4.96,3.38,B
41445116,宮西　尚生,2009,北海道日本ハム,58,7,2,0,13,20,0,0,0,0.778,189,46.2,39,6,15,1,55,0,0,15,15,2.89,0.38,3.46,1.16,3.67,21.2,10.61,3.09,B
41445116,宮西　尚生,2010,北海道日本ハム,61,2,1,1,23,25,0,0,0,0.667,181,47.2,29,1,9,4,49,0,0,9,9,1.7,1.08,2.15,0.8,5.44,22.1,9.25,2.45,B
41445116,宮西　尚生,2011,北海道日本ハム,61,1,2,0,14,15,0,0,0,0.333,218,53,38,3,14,8,56,2,0,15,13,2.21,0.71,2.99,0.98,4.0,19.3,9.51,3.74,B
41445116,宮西　尚生,2012,北海道日本ハム,66,2,2,0,39,41,0,0,0,0.5,244,60,51,4,14,4,56,0,0,18,15,2.25,0.79,3.02,1.08,4.0,17.2,8.4,2.7,B
41445116,宮西　尚生,2013,北海道日本ハム,57,3,1,0,30,33,0,0,0,0.75,197,46.2,40,1,16,2,39,1,0,12,9,1.74,0.68,2.88,1.2,2.44,11.7,7.52,3.47,B
41445116,宮西　尚生,2014,北海道日本ハム,62,1,5,0,41,42,0,0,0,0.167,218,50,47,2,23,4,46,0,0,14,12,2.16,0.43,3.42,1.4,2.0,10.6,8.28,4.86,B
41445116,宮西　尚生,2015,北海道日本ハム,50,3,3,0,25,28,0,0,0,0.5,163,40,29,4,11,1,30,1,0,19,12,2.7,0.17,3.82,1.0,2.73,11.7,6.75,2.7,B
41445116,宮西　尚生,2016,北海道日本ハム,58,3,1,2,39,42,0,0,0,0.75,190,47.1,28,0,22,5,36,1,0,11,8,1.52,0.47,3.31,1.06,1.64,7.4,6.85,5.13,B
41445116,宮西　尚生,2017,北海道日本ハム,51,4,5,0,25,29,0,0,0,0.444,164,40.2,34,3,12,0,24,2,0,19,15,3.32,0.19,3.78,1.13,2.0,7.3,5.31,2.66,B
41445116,宮西　尚生,2018,北海道日本ハム,55,4,3,0,37,41,0,0,0,0.571,186,45,29,1,20,5,39,0,0,11,9,1.8,0.43,3.34,1.09,1.95,10.2,7.8,5.0,B
41445116,宮西　尚生,2019,北海道日本ハム,55,1,2,0,43,44,0,0,0,0.333,182,47.1,32,1,6,3,51,1,0,13,9,1.71,1.26,1.81,0.8,8.5,24.7,9.7,1.71,B
41445116,宮西　尚生,2020,北海道日本ハム,50,2,1,8,21,23,0,0,0,0.667,197,48.1,34,4,22,4,53,1,0,12,11,2.05,0.31,3.62,1.16,2.41,15.7,9.87,4.84,B
41445116,宮西　尚生,2021,北海道日本ハム,50,1,2,0,15,16,0,0,0,0.333,189,44.1,42,3,15,4,49,3,0,20,18,3.65,0.55,3.07,1.29,3.27,18.0,9.95,3.86,B
41445116,宮西　尚生,2022,北海道日本ハム,24,0,3,1,7,7,0,0,0,0,91,20.2,20,1,11,1,14,1,0,13,13,5.66,0.01,4.14,1.5,1.27,3.3,6.1,5.23,B
41445116,宮西　尚生,2023,北海道日本ハム,31,1,3,1,13,14,0,0,0,0.25,111,23.2,29,3,10,3,24,1,0,7,7,2.66,-0.05,4.39,1.65,2.4,12.6,9.13,4.94,B
41445116,宮西　尚生,2024,北海道日本ハム,30,0,1,0,19,19,0,0,0,0,105,25.2,18,2,10,0,24,2,0,10,6,2.1,0.22,3.43,1.09,2.4,13.3,8.42,3.51,B
41445116,宮西　尚生,2025,北海道日本ハム,31,1,1,0,12,13,0,0,0,0.5,91,19.2,23,1,8,0,14,3,0,9,7,3.2,0.14,3.58,1.58,1.75,6.6,6.41,3.66,B
41545132,加藤　貴之,2016,北海道日本ハム,30,7,3,0,1,2,0,0,0,0.7,392,91.1,91,4,31,2,64,1,0,37,35,3.45,0.84,3.37,1.34,2.06,8.4,6.31,3.25,B
41545132,加藤　貴之,2017,北海道日本ハム,21,6,6,0,0,0,0,0,0,0.5,521,120,125,13,38,1,99,1,0,51,47,3.52,0.46,3.85,1.36,2.61,11.7,7.42,2.92,B
41545132,加藤　貴之,2018,北海道日本ハム,26,5,8,0,3,3,0,0,0,0.385,489,113.1,127,9,28,4,82,3,0,61,57,4.53,0.82,3.55,1.37,2.93,11.0,6.51,2.54,B
41545132,加藤　貴之,2019,北海道日本ハム,26,5,7,0,1,1,0,0,0,0.417,378,92,85,11,23,3,70,1,0,39,36,3.52,0.2,4.0,1.17,3.04,12.4,6.85,2.54,B
41545132,加藤　貴之,2020,北海道日本ハム,28,4,2,0,1,4,0,0,0,0.667,249,58,57,4,23,2,51,1,0,23,21,3.26,0.42,3.55,1.38,2.22,11.2,7.91,3.88,B
41545132,加藤　貴之,2021,北海道日本ハム,25,6,7,0,0,0,1,1,1,0.462,595,150,136,13,21,3,102,2,0,61,57,3.42,1.39,3.37,1.05,4.86,13.6,6.12,1.44,B
41545132,加藤　貴之,2022,北海道日本ハム,22,8,7,0,1,1,3,2,1,0.533,564,147.2,124,9,11,1,98,0,0,35,33,2.01,2.25,2.83,0.91,8.91,15.4,5.97,0.73,A
41545132,加藤　貴之,2023,北海道日本ハム,24,7,9,0,0,0,3,1,3,0.438,648,163.1,162,14,16,1,83,2,1,59,52,2.87,1.22,3.53,1.09,5.19,10.3,4.57,0.94,B
41545132,加藤　貴之,2024,北海道日本ハム,27,10,9,0,0,0,3,2,2,0.526,672,166.2,174,15,17,1,103,2,0,55,50,2.7,1.52,3.38,1.15,6.06,12.8,5.56,0.97,A
41545132,加藤　貴之,2025,北海道日本ハム,20,9,6,0,0,0,3,0,2,0.6,486,119,125,15,13,2,56,0,0,47,45,3.4,0.01,4.2,1.16,4.31,8.8,4.24,1.13,B
41645153,根本　悠楓,2022,北海道日本ハム,13,3,3,0,1,1,0,0,0,0.5,254,60.2,52,8,24,4,53,1,0,19,17,2.52,-0.18,4.47,1.25,2.21,11.4,7.86,4.15,B
41645153,根本　悠楓,2023,北海道日本ハム,5,3,1,0,0,0,0,0,0,0.75,105,25,12,2,14,3,23,0,0,8,8,2.88,-0.04,4.36,1.04,1.64,8.6,8.28,6.12,B
51055133,島本　浩也,2016,阪　神,23,1,0,0,2,3,0,0,0,1,105,24.2,23,2,10,0,24,1,0,10,10,3.65,0.21,3.44,1.34,2.4,13.3,8.76,3.65,B
51055133,島本　浩也,2018,阪　神,1,0,0,0,0,0,0,0,0,0,8,2,2,0,2,0,2,2,0,2,2,9,0.0,4.12,2.0,1.0,0.0,9.0,9.0,B
51055133,島本　浩也,2019,阪　神,63,4,0,1,11,15,0,0,0,1,229,59.1,42,4,14,4,60,0,0,13,11,1.67,0.87,2.88,0.94,4.29,20.1,9.1,2.73,B
51055133,島本　浩也,2022,阪　神,15,0,0,0,2,2,0,0,0,0,56,14,12,1,2,0,11,0,0,4,4,2.57,0.2,2.91,1.0,5.5,16.1,7.07,1.29,B
51055133,島本　浩也,2023,阪　神,35,4,2,0,15,19,0,0,0,0.667,100,26.2,19,0,3,1,20,0,0,6,5,1.69,0.63,2.07,0.82,6.67,17.0,6.75,1.35,B
51055133,島本　浩也,2024,阪　神,33,2,1,0,6,8,0,0,0,0.667,113,25.2,27,1,10,1,10,1,0,9,8,2.81,0.02,4.13,1.44,1.0,0.0,3.51,3.86,B
51055133,島本　浩也,2025,阪　神,16,2,1,0,2,4,0,0,0,0.667,56,14.1,12,1,3,1,6,0,0,3,3,1.88,0.03,4.03,1.05,2.0,5.4,3.77,2.51,B
51155130,有原　航平,2015,北海道日本ハム,18,8,6,0,0,0,1,1,1,0.571,453,103.1,113,13,32,3,81,2,0,60,55,4.79,-0.0,4.2,1.4,2.53,10.8,7.05,3.05,B
51155130,有原　航平,2016,北海道日本ハム,22,11,9,0,0,0,2,1,1,0.55,640,156,150,13,38,2,103,3,1,52,51,2.94,0.95,3.65,1.21,2.71,10.2,5.94,2.31,B
51155130,有原　航平,2017,北海道日本ハム,25,10,13,0,0,0,4,0,3,0.435,726,169,194,21,39,4,88,5,0,97,89,4.74,-0.48,4.46,1.38,2.26,6.7,4.69,2.29,B
51155130,有原　航平,2018,北海道日本ハム,20,8,5,2,1,1,1,0,0,0.615,471,110.2,124,17,15,5,87,0,0,60,56,4.55,0.14,4.09,1.26,5.8,15.3,7.08,1.63,B
51155130,有原　航平,2019,北海道日本ハム,24,15,8,0,0,0,1,1,1,0.652,639,164.1,111,14,40,9,161,9,0,49,45,2.46,1.89,3.16,0.92,4.03,18.9,8.82,2.68,A
51155130,有原　航平,2020,北海道日本ハム,20,8,9,0,0,0,3,1,1,0.471,547,132.2,125,11,30,6,106,2,0,56,51,3.46,1.16,3.41,1.17,3.53,13.9,7.19,2.44,B
51155130,有原　航平,2023,福岡ソフトバンク,17,10,5,0,0,0,1,1,0,0.667,490,120.2,105,13,25,7,74,1,0,40,31,2.31,0.15,4.09,1.08,2.96,10.0,5.52,2.39,B
51155130,有原　航平,2024,福岡ソフトバンク,26,14,7,0,0,0,3,2,0,0.667,718,182.2,142,12,37,8,137,1,0,56,48,2.36,2.0,3.21,0.98,3.7,13.9,6.75,2.22,A
51155130,有原　航平,2025,福岡ソフトバンク,26,14,9,0,0,0,1,1,0,0.609,724,175,167,10,41,6,121,2,0,67,59,3.03,1.78,3.29,1.19,2.95,11.0,6.22,2.42,A
51355153,伊藤　大海,2021,北海道日本ハム,23,10,9,0,0,0,1,1,0,0.526,610,146,125,8,53,6,141,1,0,51,47,2.9,1.76,3.11,1.22,2.66,14.4,8.69,3.64,A
51355153,伊藤　大海,2022,北海道日本ハム,26,10,9,1,1,1,2,2,0,0.526,653,155.2,140,5,49,5,112,5,0,60,51,2.95,1.83,3.14,1.21,2.29,9.6,6.48,3.12,A
51355153,伊藤　大海,2023,北海道日本ハム,24,7,10,0,0,0,3,1,2,0.412,649,153.1,147,11,41,8,134,2,0,64,59,3.46,1.6,3.26,1.23,3.27,14.3,7.87,2.88,A
51355153,伊藤　大海,2024,北海道日本ハム,26,14,5,0,0,0,5,4,3,0.737,710,176.1,150,14,39,3,161,1,0,60,52,2.65,2.27,3.04,1.07,4.13,17.2,8.22,2.14,A
51355153,伊藤　大海,2025,北海道日本ハム,27,14,8,0,0,0,6,1,0,0.636,797,196.2,179,15,29,8,195,4,0,60,55,2.52,3.29,2.69,1.06,6.72,20.8,8.92,1.69,S
51555157,金村　尚真,2023,北海道日本ハム,4,2,1,0,0,0,0,0,0,0.667,97,25,18,0,5,0,23,2,0,7,5,1.8,0.64,1.88,0.92,4.6,18.6,8.28,1.8,B
51555157,金村　尚真,2024,北海道日本ハム,29,7,6,0,6,8,0,0,0,0.538,537,136,116,11,24,3,98,1,0,38,36,2.38,1.32,3.33,1.03,4.08,13.8,6.49,1.79,B
51555157,金村　尚真,2025,北海道日本ハム,28,5,7,0,5,6,4,3,1,0.417,386,95.1,94,8,13,2,62,1,0,32,31,2.93,0.87,3.38,1.12,4.77,12.7,5.85,1.42,B
51755155,北山　亘基,2022,北海道日本ハム,55,3,5,9,16,19,0,0,0,0.375,219,51.1,37,3,28,4,58,1,1,21,20,3.51,0.4,3.49,1.27,2.07,13.7,10.17,5.61,B
51755155,北山　亘基,2023,北海道日本ハム,14,6,5,0,0,0,0,0,0,0.545,273,66,49,9,34,0,58,1,2,26,25,3.41,-0.35,4.68,1.26,1.71,8.8,7.91,4.64,B
51755155,北山　亘基,2024,北海道日本ハム,14,5,1,0,1,1,1,1,0,0.833,320,81.2,52,5,28,5,87,1,0,22,21,2.31,1.09,3.0,0.98,3.11,18.4,9.59,3.64,B
51755155,北山　亘基,2025,北海道日本ハム,22,9,5,0,0,0,4,0,0,0.643,599,149,112,7,45,4,143,2,0,37,27,1.63,2.32,2.8,1.05,3.18,16.4,8.64,2.96,A
51855134,堀　瑞輝,2017,北海道日本ハム,4,0,1,0,0,0,0,0,0,0,31,8,8,3,1,0,7,0,0,3,3,3.38,-0.22,6.62,1.12,7.0,19.4,7.88,1.12,B
51855134,堀　瑞輝,2018,北海道日本ハム,10,2,3,1,1,1,0,0,0,0.4,154,35.1,33,9,17,3,28,2,0,23,23,5.86,-0.92,6.54,1.42,1.65,7.1,7.13,5.09,B
51855134,堀　瑞輝,2019,北海道日本ハム,53,4,4,1,5,9,0,0,0,0.5,265,60.1,61,9,18,3,61,1,0,37,35,5.22,0.08,4.08,1.31,3.39,16.2,9.1,3.13,B
51855134,堀　瑞輝,2020,北海道日本ハム,45,2,1,1,14,16,0,0,0,0.667,173,38.2,30,2,22,6,45,0,0,20,18,4.19,0.24,3.64,1.34,2.05,13.3,10.47,6.52,B
51855134,堀　瑞輝,2021,北海道日本ハム,60,3,2,0,39,42,0,0,0,0.6,229,53.1,36,3,30,4,56,3,0,14,14,2.36,0.32,3.66,1.24,1.87,11.4,9.45,5.74,B
51855134,堀　瑞輝,2022,北海道日本ハム,41,1,5,5,11,12,0,0,0,0.167,160,34,41,4,16,3,34,0,0,23,22,5.82,-0.05,4.33,1.68,2.12,11.2,9.0,5.03,B
51855134,堀　瑞輝,2023,北海道日本ハム,5,1,0,0,0,1,0,0,0,1,21,4,9,3,1,0,3,0,0,4,4,9,-0.35,12.12,2.5,3.0,9.5,6.75,2.25,B
51855134,堀　瑞輝,2024,北海道日本ハム,10,0,0,0,0,0,0,0,0,0,42,8.1,12,2,4,1,14,0,0,9,8,8.64,-0.04,4.68,1.92,3.5,23.8,15.12,5.4,B
51855134,堀　瑞輝,2025,北海道日本ハム,2,0,0,0,0,0,0,0,0,0,9,1.2,3,0,1,0,2,0,0,3,3,16.2,0.03,2.52,2.4,2.0,11.1,10.8,5.4,B
53155157,宮内　春輝,2023,北海道日本ハム,15,1,0,0,1,2,0,0,0,1,78,16.2,23,1,5,0,18,0,0,12,12,6.48,0.29,2.64,1.68,3.6,16.7,9.72,2.7,B
61665151,松岡　洸希,2020,埼玉西武,2,0,0,0,0,0,0,0,0,0,12,2,5,0,2,0,0,0,0,3,3,13.5,-0.04,6.12,3.5,0.0,-16.7,0.0,9.0,B
61665151,松岡　洸希,2021,埼玉西武,5,0,0,0,0,0,0,0,0,0,22,4,5,0,5,1,1,0,0,5,5,11.25,-0.13,7.12,2.5,0.2,-18.2,2.25,13.5,B
61665151,松岡　洸希,2025,北海道日本ハム,3,0,0,0,0,0,0,0,0,0,22,4,8,1,2,0,5,0,0,4,3,6.75,-0.05,5.37,2.5,2.5,13.6,11.25,4.5,B
61765139,杉浦　稔大,2014,東京ヤクルト,4,2,2,0,0,0,0,0,0,0.5,92,23,23,5,2,1,28,0,0,9,9,3.52,0.08,3.9,1.09,14.0,28.3,10.96,1.17,B
61765139,杉浦　稔大,2015,東京ヤクルト,7,1,3,0,0,0,0,0,0,0.25,164,37,35,2,21,0,25,1,0,12,12,2.92,0.01,4.17,1.51,1.19,2.4,6.08,5.11,B
61765139,杉浦　稔大,2016,東京ヤクルト,17,3,2,0,0,0,0,0,0,0.6,252,51.2,75,6,25,1,45,2,0,43,41,7.14,-0.11,4.4,1.94,1.8,7.9,7.84,4.53,B
61765139,杉浦　稔大,2017,東京ヤクルト,5,0,1,0,0,0,0,0,0,0,18,4.2,3,2,1,0,9,0,0,2,2,3.86,-0.07,5.48,0.86,9.0,44.4,17.36,1.93,B
61765139,杉浦　稔大,2018,北海道日本ハム,3,2,0,0,0,0,0,0,0,1,47,12.2,6,1,3,1,11,0,0,4,4,2.84,0.12,3.36,0.71,3.67,17.0,7.82,2.84,B
61765139,杉浦　稔大,2019,北海道日本ハム,14,4,4,0,0,0,0,0,0,0.5,252,65,52,7,13,2,50,1,0,30,27,3.74,0.38,3.67,1.0,3.85,14.7,6.92,2.08,B
61765139,杉浦　稔大,2020,北海道日本ハム,17,7,5,1,0,1,0,0,0,0.583,319,74.2,59,6,37,1,68,2,0,29,26,3.13,0.27,3.87,1.29,1.84,9.7,8.2,4.58,B
61765139,杉浦　稔大,2021,北海道日本ハム,56,3,3,28,1,4,0,0,0,0.5,221,54.2,34,9,24,1,69,4,0,18,18,2.96,0.06,4.11,1.06,2.88,20.4,11.36,4.12,B
61765139,杉浦　稔大,2022,北海道日本ハム,16,3,6,0,0,0,0,0,0,0.333,184,42.2,45,5,10,2,48,3,0,25,25,5.27,0.46,3.24,1.29,4.8,20.7,10.12,2.53,B
61765139,杉浦　稔大,2023,北海道日本ハム,24,0,1,0,0,0,0,0,0,0,99,22.2,22,4,10,2,22,1,0,9,7,2.78,-0.22,5.06,1.41,2.2,12.1,8.74,4.76,B
61765139,杉浦　稔大,2024,北海道日本ハム,40,2,0,3,15,17,0,0,0,1,137,34.2,24,1,12,1,23,4,0,8,6,1.56,0.35,3.29,1.04,1.92,8.0,5.97,3.38,B
61765139,杉浦　稔大,2025,北海道日本ハム,18,2,2,0,1,3,0,0,0,0.5,64,16.1,14,6,3,0,12,0,0,10,9,4.96,-0.5,6.98,1.04,4.0,14.1,6.61,1.65,B
61765155,畔柳　亨丞,2022,北海道日本ハム,1,0,0,0,1,1,0,0,0,0,4,1,1,0,0,0,0,0,0,0,0,0,0.01,3.12,1.0,0.0,0.0,0.0,0.0,B
61765155,畔柳　亨丞,2024,北海道日本ハム,5,0,0,0,0,0,0,0,0,0,25,6,3,1,5,0,1,0,0,3,3,4.5,-0.22,7.45,1.33,0.2,-16.0,1.5,7.5,B
61765155,畔柳　亨丞,2025,北海道日本ハム,5,0,0,0,1,1,0,0,0,0,24,5,5,1,2,0,5,1,0,2,1,1.8,-0.04,4.92,1.4,2.5,12.5,9.0,3.6,B
61865159,細野　晴希,2024,北海道日本ハム,2,0,0,0,0,0,0,0,0,0,39,9.1,8,1,4,0,9,1,0,4,4,3.86,0.03,3.87,1.29,2.25,12.8,8.68,3.86,B
61865159,細野　晴希,2025,北海道日本ハム,6,3,1,0,0,0,0,0,0,0.75,146,35.2,18,0,23,1,34,1,0,6,6,1.51,0.38,3.23,1.15,1.48,7.5,8.58,6.06,B
63365155,柳川　大晟,2024,北海道日本ハム,21,1,3,8,1,2,0,0,0,0.25,93,22,11,0,15,0,20,2,1,11,10,4.09,0.21,3.35,1.18,1.33,5.4,8.18,6.14,B
63365155,柳川　大晟,2025,北海道日本ハム,37,2,1,11,7,9,0,0,0,0.667,142,35.1,20,2,15,2,43,2,1,6,4,1.02,0.52,2.87,0.99,2.87,19.7,10.95,4.33,B
73375157,矢澤　宏太,2023,北海道日本ハム,2,0,0,0,0,0,0,0,0,0,7,2,1,0,0,0,3,0,0,0,0,0,0.09,0.12,0.5,3.0,42.9,13.5,0.0,B
73375157,矢澤　宏太,2024,北海道日本ハム,17,1,2,0,3,4,0,0,0,0.333,62,13.1,11,0,13,0,12,1,0,7,6,4.05,-0.01,4.25,1.8,0.92,-1.6,8.1,8.78,B
81085150,柴田　獅子,2025,北海道日本ハム,4,0,0,0,1,1,0,0,0,0,49,12.1,11,0,0,2,7,0,0,4,4,2.92,0.24,2.47,0.89,7.0,14.3,5.11,1.46,B
81685155,福島　蓮,2024,北海道日本ハム,12,2,3,0,0,0,0,0,0,0.4,249,61,51,6,17,3,35,1,0,33,24,3.54,-0.02,4.23,1.11,2.06,7.2,5.16,2.95,B
81685155,福島　蓮,2025,北海道日本ハム,8,5,0,0,0,0,0,0,0,1,178,44,37,4,15,1,37,0,0,11,11,2.25,0.24,3.71,1.18,2.47,12.4,7.57,3.27,B
81785151,河野　竜生,2020,北海道日本ハム,12,3,5,0,0,0,0,0,0,0.375,269,60.1,63,9,30,3,43,1,0,40,34,5.07,-0.72,5.27,1.54,1.43,4.8,6.41,4.92,B
81785151,河野　竜生,2021,北海道日本ハム,40,3,6,0,9,11,0,0,0,0.333,376,90.1,74,7,31,4,68,4,0,35,30,2.99,0.42,3.78,1.16,2.19,9.8,6.77,3.49,B
81785151,河野　竜生,2022,北海道日本ハム,21,0,2,1,1,1,0,0,0,0,150,34.2,36,3,11,3,25,3,0,24,17,4.41,0.07,4.01,1.36,2.27,9.3,6.49,3.63,B
81785151,河野　竜生,2023,北海道日本ハム,50,1,4,0,20,21,0,0,0,0.2,164,42.1,30,1,9,3,35,0,0,9,8,1.7,0.74,2.62,0.92,3.89,15.9,7.44,2.55,B
81785151,河野　竜生,2024,北海道日本ハム,52,1,4,0,33,34,0,0,0,0.2,168,42.1,33,5,11,1,33,4,0,10,10,2.13,0.12,3.95,1.04,3.0,13.1,7.02,2.55,B
81785151,河野　竜生,2025,北海道日本ハム,32,2,0,0,18,20,0,0,0,1,107,26.2,19,4,6,4,21,1,0,14,12,4.05,-0.12,4.62,0.94,3.5,14.0,7.09,3.38,B
83785159,孫　易磊,2025,北海道日本ハム,9,0,2,1,4,4,0,0,0,0,54,12.1,12,2,6,0,10,0,0,7,7,5.11,-0.12,5.07,1.46,1.67,7.4,7.3,4.38,B
91295134,玉井　大翔,2017,北海道日本ハム,24,1,2,0,1,2,0,0,0,0.333,99,24.1,17,2,7,3,12,0,0,8,7,2.59,-0.06,4.44,0.99,1.71,5.1,4.44,3.7,B
91295134,玉井　大翔,2018,北海道日本ハム,40,2,3,0,2,4,0,0,0,0.4,209,48,48,5,13,7,40,2,0,24,22,4.12,0.08,4.06,1.27,3.08,12.9,7.5,3.75,B
91295134,玉井　大翔,2019,北海道日本ハム,65,2,3,0,11,13,0,0,0,0.4,256,62,52,1,22,1,34,1,0,22,18,2.61,0.59,3.35,1.19,1.55,4.7,4.94,3.34,B
91295134,玉井　大翔,2020,北海道日本ハム,49,4,4,1,21,25,0,0,0,0.5,175,41.2,36,5,18,1,29,3,0,17,16,3.46,-0.21,4.66,1.3,1.61,6.3,6.26,4.1,B
91295134,玉井　大翔,2021,北海道日本ハム,50,0,0,0,8,8,0,0,0,0,185,42.2,41,2,19,4,23,1,0,18,15,3.16,-0.03,4.27,1.41,1.21,2.2,4.85,4.85,B
91295134,玉井　大翔,2022,北海道日本ハム,50,1,1,0,19,20,0,0,0,0.5,167,37.2,37,1,17,0,16,1,0,17,14,3.35,0.1,3.97,1.43,0.94,-0.6,3.82,4.06,B
91295134,玉井　大翔,2023,北海道日本ハム,50,0,2,2,10,10,0,0,0,0,162,37.2,43,3,7,3,21,3,0,14,11,2.63,0.15,3.84,1.33,3.0,8.6,5.02,2.39,B
91295134,玉井　大翔,2025,北海道日本ハム,40,3,2,1,17,20,0,0,0,0.6,127,32,23,1,8,2,23,0,0,8,8,2.25,0.42,3.03,0.97,2.88,11.8,6.47,2.81,B
93595150,古林　睿煬,2025,北海道日本ハム,7,2,2,0,0,0,1,1,1,0.5,136,32.1,30,4,9,0,34,0,0,16,13,3.62,0.27,3.46,1.21,3.78,18.4,9.46,2.51,B
1505118,辛島　航,2009,東北楽天,2,0,0,0,0,0,0,0,0,0,25,5,10,0,1,0,2,0,0,5,5,9,0.07,2.92,2.2,2.0,4.0,3.6,1.8,B
1505118,辛島　航,2010,東北楽天,12,0,1,0,5,5,0,0,0,0,58,12.2,15,2,5,0,11,3,0,8,7,4.97,-0.06,4.62,1.58,2.2,10.3,7.82,3.55,B
1505118,辛島　航,2012,東北楽天,16,8,5,0,0,0,0,0,0,0.615,414,103.1,87,4,22,5,79,4,0,30,29,2.53,1.52,2.88,1.05,3.59,13.8,6.88,2.35,A
1505118,辛島　航,2013,東北楽天,11,3,4,0,1,1,1,0,0,0.429,247,59,63,6,19,0,45,1,0,31,29,4.42,0.21,3.88,1.39,2.37,10.5,6.86,2.9,B
1505118,辛島　航,2014,東北楽天,25,8,13,0,0,0,1,1,0,0.381,662,154.1,160,11,46,4,99,3,0,70,65,3.79,0.8,3.74,1.33,2.15,8.0,5.77,2.92,B
1505118,辛島　航,2015,東北楽天,14,5,7,0,0,0,0,0,0,0.417,332,76.2,74,7,29,0,56,1,0,41,39,4.58,0.19,3.98,1.34,1.93,8.1,6.57,3.4,B
1505118,辛島　航,2016,東北楽天,13,3,7,0,0,0,0,0,0,0.3,306,72,72,2,22,3,48,0,0,33,31,3.88,0.81,3.19,1.31,2.18,8.5,6.0,3.12,B
1505118,辛島　航,2017,東北楽天,19,8,8,0,0,0,0,0,0,0.5,424,103,99,11,27,1,74,2,1,51,48,4.19,0.36,3.89,1.22,2.74,11.1,6.47,2.45,B
1505118,辛島　航,2018,東北楽天,23,4,9,1,0,0,0,0,0,0.308,508,117.2,120,12,46,7,99,3,0,55,53,4.05,0.11,4.11,1.41,2.15,10.4,7.57,4.05,B
1505118,辛島　航,2019,東北楽天,27,9,6,0,2,3,0,0,0,0.6,518,117.1,119,14,57,0,84,1,0,59,54,4.14,-0.65,4.7,1.5,1.47,5.2,6.44,4.37,B
1505118,辛島　航,2020,東北楽天,19,1,3,1,2,2,0,0,0,0.25,170,38.1,43,6,15,3,26,2,0,22,21,4.93,-0.43,5.21,1.51,1.73,6.5,6.1,4.23,B
1505118,辛島　航,2022,東北楽天,17,6,4,0,0,0,0,0,0,0.6,371,90,86,10,24,3,53,0,0,36,34,3.4,-0.09,4.29,1.22,2.21,7.8,5.3,2.7,B
1505118,辛島　航,2023,東北楽天,10,1,5,0,0,0,0,0,0,0.167,224,51.1,57,7,16,1,24,1,0,27,26,4.56,-0.43,4.95,1.42,1.5,3.6,4.21,2.98,B
1505118,辛島　航,2025,東北楽天,2,0,2,0,0,0,0,0,0,0,32,6,15,1,1,0,1,0,0,7,7,10.5,-0.08,5.45,2.67,1.0,0.0,1.5,1.5,B
1605157,林　優樹,2025,東北楽天,1,0,0,0,0,0,0,0,0,0,6,1.1,0,0,1,1,3,1,0,0,0,0,0.02,3.12,0.75,3.0,33.3,20.25,13.5,B
1605159,日當　直喜,2024,東北楽天,1,0,0,0,0,0,0,0,0,0,5,1,1,0,1,0,1,0,0,0,0,0,0.0,4.12,2.0,1.0,0.0,9.0,9.0,B
1905138,鈴木　翔天,2021,東北楽天,5,0,0,0,0,0,0,0,0,0,19,4.1,3,0,4,0,5,1,0,0,0,0,0.03,3.58,1.62,1.25,5.3,10.38,8.31,B
1905138,鈴木　翔天,2022,東北楽天,38,1,3,0,7,8,0,0,0,0.25,162,38,25,2,25,2,35,2,1,17,17,4.03,0.04,4.09,1.32,1.4,6.2,8.29,6.39,B
1905138,鈴木　翔天,2023,東北楽天,61,1,1,1,22,23,0,0,0,0.5,195,43.2,37,5,25,3,47,4,0,18,16,3.3,-0.09,4.38,1.42,1.88,11.3,9.69,5.77,B
1905138,鈴木　翔天,2024,東北楽天,49,2,0,1,24,26,0,0,0,1,186,48.2,24,0,21,1,48,3,1,9,9,1.66,0.92,2.5,0.92,2.29,14.5,8.88,4.07,B
1905138,鈴木　翔天,2025,東北楽天,46,2,4,5,19,21,0,0,0,0.333,172,42,33,2,15,0,52,1,0,12,11,2.36,0.87,2.33,1.14,3.47,21.5,11.14,3.21,B
11415151,津留﨑　大成,2020,東北楽天,33,1,1,0,1,2,0,0,0,0.5,147,34.1,30,1,18,1,24,2,0,17,16,4.19,0.17,3.76,1.4,1.33,4.1,6.29,4.98,B
11415151,津留﨑　大成,2021,東北楽天,11,0,0,0,1,1,0,0,0,0,47,10.2,11,0,5,0,7,0,0,6,6,5.06,0.12,3.21,1.5,1.4,4.3,5.91,4.22,B
11415151,津留﨑　大成,2022,東北楽天,11,0,0,0,2,2,0,0,0,0,56,12,16,0,6,0,7,0,0,6,6,4.5,0.1,3.45,1.83,1.17,1.8,5.25,4.5,B
11415151,津留﨑　大成,2023,東北楽天,7,0,0,0,0,0,0,0,0,0,38,9.2,11,1,0,0,7,0,0,2,2,1.86,0.13,3.02,1.14,7.0,18.4,6.52,0.0,B
11415151,津留﨑　大成,2024,東北楽天,14,1,1,0,0,1,0,0,0,0.5,110,23.2,36,0,5,3,14,0,0,19,18,6.85,0.33,2.95,1.73,2.8,8.2,5.32,3.04,B
11415151,津留﨑　大成,2025,東北楽天,17,0,0,0,1,1,0,0,0,0,122,27.1,30,2,7,3,26,2,0,14,11,3.62,0.28,3.27,1.35,3.71,15.6,8.56,3.29,B
11515150,江原　雅裕,2025,東北楽天,30,1,1,0,1,2,0,0,0,0.5,147,31.1,35,1,21,1,18,0,0,14,12,3.45,-0.1,4.49,1.79,0.86,-2.0,5.17,6.32,B
11915159,坂井　陽翔,2025,東北楽天,1,0,0,0,0,0,0,0,0,0,20,5,4,0,1,0,5,0,0,1,1,1.8,0.14,1.72,1.0,5.0,20.0,9.0,1.8,B
21525139,加治屋　蓮,2016,福岡ソフトバンク,2,0,0,0,0,0,0,0,0,0,9,2,3,0,1,0,1,0,0,1,1,4.5,0.01,3.62,2.0,1.0,0.0,4.5,4.5,B
21525139,加治屋　蓮,2017,福岡ソフトバンク,2,0,0,0,0,0,0,0,0,0,21,4.1,5,3,4,0,2,0,0,5,5,10.38,-0.47,13.97,2.08,0.5,-9.5,4.15,8.31,B
21525139,加治屋　蓮,2018,福岡ソフトバンク,72,4,3,0,31,35,0,0,0,0.571,284,66.2,67,5,25,4,53,3,0,25,25,3.37,0.29,3.81,1.38,2.12,9.9,7.15,3.91,B
21525139,加治屋　蓮,2019,福岡ソフトバンク,30,3,1,0,6,9,0,0,0,0.75,169,36,42,4,22,2,23,1,0,26,24,6,-0.43,5.29,1.78,1.05,0.6,5.75,6.0,B
21525139,加治屋　蓮,2020,福岡ソフトバンク,6,0,0,0,0,0,0,0,0,0,30,6,10,1,3,1,2,0,0,4,4,6,-0.16,6.62,2.17,0.67,-3.3,3.0,6.0,B
21525139,加治屋　蓮,2021,阪　神,7,1,2,0,1,2,0,0,0,0.333,29,5.2,7,1,1,1,3,0,0,6,5,7.94,-0.08,5.41,1.41,3.0,6.9,4.76,3.18,B
21525139,加治屋　蓮,2022,阪　神,39,0,2,0,7,7,0,0,0,0,128,29.2,26,1,13,1,30,1,0,8,8,2.43,0.41,2.95,1.31,2.31,13.3,9.1,4.25,B
21525139,加治屋　蓮,2023,阪　神,51,1,5,1,16,17,0,0,0,0.167,161,38.2,34,3,13,2,32,6,1,12,11,2.56,0.24,3.64,1.22,2.46,11.8,7.45,3.49,B
21525139,加治屋　蓮,2024,阪　神,13,2,0,0,1,3,0,0,0,1,54,12,11,0,7,1,12,2,0,8,6,4.5,0.14,3.12,1.5,1.71,9.3,9.0,6.0,B
21525139,加治屋　蓮,2025,東北楽天,54,2,1,1,18,20,0,0,0,0.667,186,43.2,41,4,19,1,34,3,0,18,17,3.5,0.04,4.13,1.37,1.79,8.1,7.01,4.12,B
21725139,今野　龍太,2014,東北楽天,5,0,0,0,0,0,0,0,0,0,25,5.1,9,2,0,0,1,0,0,5,5,8.44,-0.2,7.62,1.69,1.0,4.0,1.69,0.0,B
21725139,今野　龍太,2015,東北楽天,2,0,0,0,0,0,0,0,0,0,17,3.1,4,1,3,1,1,0,0,4,4,10.8,-0.22,10.02,2.1,0.33,-11.8,2.7,10.8,B
21725139,今野　龍太,2018,東北楽天,3,0,0,0,0,0,0,0,0,0,22,5,4,0,4,0,6,0,0,1,1,1.8,0.06,3.12,1.6,1.5,9.1,10.8,7.2,B
21725139,今野　龍太,2019,東北楽天,4,1,0,0,0,1,0,0,0,1,44,9,13,1,3,1,7,1,0,10,10,10,-0.01,4.34,1.78,2.33,9.1,7.0,4.0,B
21725139,今野　龍太,2020,東京ヤクルト,20,0,1,0,0,0,0,0,0,0,113,25.1,23,1,13,0,36,4,0,10,8,2.84,0.53,2.33,1.42,2.77,20.4,12.79,4.62,B
21725139,今野　龍太,2021,東京ヤクルト,64,7,1,0,28,35,0,0,0,0.875,268,62,55,1,25,3,63,2,0,19,19,2.76,1.07,2.65,1.29,2.52,14.2,9.15,4.06,B
21725139,今野　龍太,2022,東京ヤクルト,51,1,2,1,16,17,0,0,0,0.333,198,46,45,4,16,2,37,2,1,22,19,3.72,0.2,3.82,1.33,2.31,10.6,7.24,3.52,B
21725139,今野　龍太,2023,東京ヤクルト,26,1,0,0,2,3,0,0,0,1,133,31,31,4,10,2,13,1,0,13,13,3.77,-0.32,5.12,1.32,1.3,2.3,3.77,3.48,B
21725139,今野　龍太,2024,東京ヤクルト,6,0,0,0,1,1,0,0,0,0,28,6.1,7,0,3,0,4,0,0,0,0,0,0.06,3.28,1.58,1.33,3.6,5.68,4.26,B
21725139,今野　龍太,2025,東北楽天,42,1,2,0,5,6,0,0,0,0.333,181,42.1,33,4,18,3,22,2,0,17,17,3.61,-0.28,4.8,1.2,1.22,2.2,4.68,4.46,B
21725159,古謝　樹,2024,東北楽天,15,5,8,0,0,0,0,0,0,0.385,347,83.1,70,10,31,7,58,0,0,42,40,4.32,-0.42,4.66,1.21,1.87,7.8,6.26,4.1,B
21725159,古謝　樹,2025,東北楽天,19,7,7,0,0,1,1,1,0,0.5,459,107,118,8,27,3,76,1,0,48,44,3.7,0.82,3.51,1.36,2.81,10.7,6.39,2.52,B
21925157,荘司　康誠,2023,東北楽天,19,5,3,0,0,0,0,0,0,0.625,460,109.2,90,6,48,5,93,3,0,43,41,3.36,0.75,3.59,1.26,1.94,9.8,7.63,4.35,B
21925157,荘司　康誠,2024,東北楽天,7,1,4,0,0,0,0,0,0,0.2,136,29.2,32,4,18,0,26,4,0,26,23,6.98,-0.24,4.94,1.69,1.44,5.9,7.89,5.46,B
11915159,坂井　陽翔,2024,東北楽天,1,0,0,0,0,0,0,0,0,0,5,1,1,0,2,0,0,0,0,0,0,0,-0.05,9.12,3.0,0.0,-40.0,0.0,18.0,B
21925157,荘司　康誠,2025,東北楽天,13,4,4,0,0,0,0,0,0,0.5,315,76.1,65,4,25,5,70,4,0,26,26,3.07,0.89,3.15,1.18,2.8,14.3,8.25,3.54,B
23525157,渡辺　翔太,2023,東北楽天,51,8,3,1,25,33,0,0,0,0.727,197,48.2,30,1,20,2,41,3,0,15,13,2.4,0.62,3.06,1.03,2.05,10.7,7.58,4.07,B
23525157,渡辺　翔太,2024,東北楽天,49,7,2,0,12,19,0,0,0,0.778,201,47.1,42,2,22,0,41,3,0,19,16,3.04,0.46,3.33,1.35,1.86,9.5,7.8,4.18,B
23525157,渡辺　翔太,2025,東北楽天,26,1,0,1,7,8,0,0,0,1,119,25.2,29,1,14,0,20,1,0,11,11,3.86,0.14,3.7,1.68,1.43,5.0,7.01,4.91,B
31235151,瀧中　瞭太,2020,東北楽天,8,2,1,0,0,0,0,0,0,0.667,182,45,34,1,15,3,29,1,0,18,17,3.4,0.44,3.32,1.09,1.93,7.7,5.8,3.6,B
31235151,瀧中　瞭太,2021,東北楽天,20,10,5,0,0,0,0,0,0,0.667,427,103.2,97,10,27,4,75,0,0,40,37,3.21,0.43,3.82,1.2,2.78,11.2,6.51,2.69,B
31235151,瀧中　瞭太,2022,東北楽天,15,2,9,0,0,0,0,0,0,0.182,346,78,94,12,27,3,42,1,0,44,40,4.62,-0.86,5.2,1.55,1.56,4.3,4.85,3.46,B
31235151,瀧中　瞭太,2023,東北楽天,8,2,4,0,0,0,0,0,0,0.333,179,42.1,45,3,11,1,18,4,0,20,18,3.83,0.07,4.04,1.32,1.64,3.9,3.83,2.55,B
31235151,瀧中　瞭太,2024,東北楽天,12,4,6,0,0,0,0,0,0,0.4,292,71.1,74,6,14,1,26,1,0,36,33,4.16,0.07,4.12,1.23,1.86,4.1,3.28,1.89,B
31235151,瀧中　瞭太,2025,東北楽天,15,4,9,0,0,0,1,1,1,0.308,364,83.2,83,9,21,6,50,0,0,41,32,3.44,-0.08,4.29,1.24,2.38,8.0,5.38,2.9,B
31635150,中込　陽翔,2025,東北楽天,7,0,0,0,0,0,0,0,0,0,32,6.2,6,0,6,0,3,0,0,4,4,5.4,-0.05,4.92,1.8,0.5,-9.4,4.05,8.1,B
31835153,早川　隆久,2021,東北楽天,24,9,7,0,0,0,1,1,0,0.562,565,137.2,132,11,30,2,127,2,1,59,59,3.86,1.82,3.01,1.18,4.23,17.2,8.3,2.09,A
31835153,早川　隆久,2022,東北楽天,19,5,9,0,0,0,0,0,0,0.357,444,107.1,105,19,23,3,86,0,0,48,46,3.86,-0.41,4.55,1.19,3.74,14.2,7.21,2.18,B
31835153,早川　隆久,2023,東北楽天,17,6,7,0,0,0,0,0,0,0.462,413,96.2,102,13,27,2,78,0,0,42,37,3.44,0.05,4.15,1.33,2.89,12.3,7.26,2.7,B
31835153,早川　隆久,2024,東北楽天,25,11,6,0,0,0,2,1,0,0.647,690,170.1,156,10,35,3,160,4,0,54,48,2.54,2.89,2.67,1.12,4.57,18.1,8.45,2.01,A
31835153,早川　隆久,2025,東北楽天,12,2,8,0,0,0,0,0,0,0.2,290,68.1,67,10,20,1,62,3,1,35,33,4.35,0.05,4.13,1.27,3.1,14.5,8.17,2.77,B
41345159,大内　誠弥,2025,東北楽天,2,0,0,0,0,0,0,0,0,0,36,9,5,0,5,0,6,0,0,2,2,2,0.07,3.45,1.11,1.2,2.8,6.0,5.0,B
41445134,西口　直人,2018,東北楽天,1,0,0,0,0,0,0,0,0,0,29,7.2,5,1,1,0,3,0,0,2,2,2.35,-0.02,4.42,0.78,3.0,6.9,3.52,1.17,B
41445134,西口　直人,2021,東北楽天,33,5,2,0,3,8,0,0,0,0.714,239,57.2,46,7,23,2,55,1,0,23,21,3.28,0.07,4.09,1.2,2.39,13.4,8.58,3.9,B
41445134,西口　直人,2022,東北楽天,61,4,0,0,30,34,0,0,0,1,233,55.2,39,2,26,2,59,1,0,16,14,2.26,0.76,2.98,1.17,2.27,14.2,9.54,4.53,B
41445134,西口　直人,2023,東北楽天,26,0,4,0,7,7,0,0,0,0,109,23.2,32,4,9,0,18,1,0,14,12,4.56,-0.19,4.94,1.73,2.0,8.3,6.85,3.42,B
41445134,西口　直人,2025,東北楽天,52,3,1,1,31,34,0,0,0,0.75,192,50.2,29,3,13,0,70,2,0,6,6,1.07,1.3,1.9,0.83,5.38,29.7,12.43,2.31,B
51555153,内　星龍,2023,東北楽天,53,4,2,0,7,11,0,0,0,0.667,222,55.1,38,5,17,1,35,1,1,17,14,2.28,0.12,4.01,0.99,2.06,8.1,5.69,2.93,B
51555153,内　星龍,2024,東北楽天,20,6,8,0,0,0,0,0,0,0.429,464,110.2,113,8,28,3,45,2,0,49,44,3.58,0.14,4.09,1.27,1.61,3.7,3.66,2.52,B
51555153,内　星龍,2025,東北楽天,25,3,5,1,1,2,0,0,0,0.375,355,83.1,83,7,23,3,42,1,0,30,27,2.92,0.06,4.14,1.27,1.83,5.4,4.54,2.81,B
51655114,前田　健太,2008,広島東洋,19,9,2,0,0,0,1,1,1,0.818,462,109.2,103,10,35,3,55,0,1,43,39,3.2,-0.17,4.34,1.26,1.57,4.3,4.51,3.12,B
51655114,前田　健太,2009,広島東洋,29,8,14,0,0,0,3,1,1,0.364,795,193,194,22,29,3,147,2,0,82,72,3.36,1.34,3.58,1.16,5.07,14.8,6.85,1.49,B
51655114,前田　健太,2010,広島東洋,28,15,8,0,0,0,6,2,1,0.652,848,215.2,166,15,46,7,174,2,0,55,53,2.21,2.52,3.15,0.98,3.78,15.1,7.26,2.21,A
51655114,前田　健太,2011,広島東洋,31,10,12,0,0,0,4,2,0,0.455,864,216,178,14,43,6,192,4,0,61,59,2.46,3.2,2.87,1.02,4.47,17.2,8.0,2.04,S
51655114,前田　健太,2012,広島東洋,29,14,7,0,0,0,5,2,0,0.667,820,206.1,161,6,44,9,171,2,0,46,35,1.53,3.64,2.61,0.99,3.89,15.5,7.46,2.31,S
51655114,前田　健太,2013,広島東洋,26,15,7,0,0,0,3,1,1,0.682,690,175.2,129,13,40,2,158,1,0,46,41,2.1,2.34,3.0,0.96,3.95,17.1,8.09,2.15,A
51655114,前田　健太,2014,広島東洋,27,11,9,0,0,0,1,1,0,0.55,746,187,164,12,41,2,161,4,1,61,54,2.6,2.66,2.92,1.1,3.93,16.1,7.75,2.07,A
51655114,前田　健太,2015,広島東洋,29,15,8,0,0,0,5,0,0,0.652,821,206.1,168,5,41,6,175,3,0,49,48,2.09,4.08,2.42,1.01,4.27,16.3,7.63,2.05,S
61065155,泰　勝利,2025,東北楽天,6,1,0,0,0,1,0,0,0,1,29,6.1,7,0,3,1,14,0,0,1,0,0,0.25,0.59,1.58,4.67,37.9,19.89,5.68,B
61465155,西垣　雅矢,2022,東北楽天,24,0,0,0,0,0,0,0,0,0,96,23.2,20,2,10,0,15,2,0,7,7,2.66,-0.0,4.22,1.27,1.5,5.2,5.7,3.8,B
61465155,西垣　雅矢,2023,東北楽天,1,0,0,0,0,0,0,0,0,0,4,0.1,1,0,1,1,0,0,0,3,3,81,-0.06,21.12,6.0,0.0,-25.0,0.0,54.0,B
61465155,西垣　雅矢,2024,東北楽天,18,1,2,1,0,1,0,0,0,0.333,96,18,28,2,12,0,13,3,0,18,15,7.5,-0.18,5.12,2.22,1.08,1.0,6.5,6.0,B
61465155,西垣　雅矢,2025,東北楽天,63,7,1,0,14,21,0,0,0,0.875,240,59.2,39,4,22,5,64,2,0,14,13,1.96,0.66,3.2,1.02,2.91,17.5,9.65,4.07,B
61665134,藤平　尚真,2017,東北楽天,8,3,4,0,0,0,0,0,0,0.429,176,43.1,30,2,15,4,44,0,0,12,11,2.28,0.58,3.0,1.04,2.93,16.5,9.14,3.95,B
61665134,藤平　尚真,2018,東北楽天,14,4,7,0,0,0,1,0,0,0.364,361,81.1,65,17,54,3,68,6,1,43,40,4.43,-1.87,6.27,1.46,1.26,3.9,7.52,6.31,B
61665134,藤平　尚真,2019,東北楽天,3,0,1,0,0,0,0,0,0,0,45,8.2,9,4,7,3,6,0,0,10,10,10.38,-0.67,11.2,1.85,0.86,-2.2,6.23,10.38,B
61665134,藤平　尚真,2022,東北楽天,8,1,0,0,0,0,0,0,0,1,94,22.2,15,0,12,0,17,3,0,11,10,3.97,0.25,3.21,1.19,1.42,5.3,6.75,4.76,B
61665134,藤平　尚真,2023,東北楽天,11,2,4,0,0,0,0,0,0,0.333,231,50.2,50,5,27,1,42,5,0,30,25,4.44,-0.11,4.4,1.52,1.56,6.5,7.46,4.97,B
1905136,清水　達也,2021,中　日,1,0,1,0,0,0,0,0,0,0,19,4,5,0,4,0,1,0,0,1,1,2.25,-0.06,5.62,2.25,0.25,-15.8,2.25,9.0,B
61665134,藤平　尚真,2024,東北楽天,47,0,1,1,20,20,0,0,0,0,182,46.1,29,4,12,3,58,3,0,11,9,1.75,0.77,2.71,0.88,4.83,25.3,11.27,2.91,B
61665134,藤平　尚真,2025,東北楽天,62,2,2,12,21,23,0,0,0,0.5,238,59.2,45,6,20,0,66,1,0,16,14,2.11,0.65,3.22,1.09,3.3,19.3,9.96,3.02,B
61765134,酒居　知史,2017,千葉ロッテ,19,5,1,0,1,1,2,0,1,0.833,315,74.2,75,11,20,3,48,0,0,28,26,3.13,-0.39,4.67,1.27,2.4,8.9,5.79,2.77,B
61765134,酒居　知史,2018,千葉ロッテ,15,2,6,0,0,0,0,0,0,0.25,373,83.2,91,12,35,4,55,0,2,57,52,5.59,-0.81,5.07,1.51,1.57,5.4,5.92,4.2,B
61765134,酒居　知史,2019,千葉ロッテ,54,5,4,0,20,25,0,0,0,0.556,248,57.2,51,9,25,1,60,1,0,28,28,4.37,-0.14,4.42,1.32,2.4,14.1,9.36,4.06,B
61765134,酒居　知史,2020,東北楽天,46,3,2,0,12,15,0,0,0,0.6,188,44.1,38,4,18,3,34,1,0,20,18,3.65,0.01,4.18,1.26,1.89,8.5,6.9,4.26,B
61765134,酒居　知史,2021,東北楽天,54,4,3,3,28,32,0,0,0,0.571,206,51.1,33,3,24,0,44,1,0,15,13,2.28,0.36,3.57,1.11,1.83,9.7,7.71,4.21,B
61765134,酒居　知史,2022,東北楽天,34,1,1,0,1,2,0,0,0,0.5,141,32.2,23,4,17,4,32,2,0,12,12,3.31,-0.17,4.68,1.22,1.88,10.6,8.82,5.79,B
61765134,酒居　知史,2023,東北楽天,47,5,3,1,20,25,0,0,0,0.625,184,42.1,36,1,25,0,30,1,0,17,14,2.98,0.2,3.78,1.44,1.2,2.7,6.38,5.31,B
61765134,酒居　知史,2024,東北楽天,49,2,2,0,26,28,0,0,0,0.5,185,46.1,35,0,15,2,29,0,0,13,12,2.33,0.63,2.97,1.08,1.93,7.6,5.63,3.3,B
71875153,藤井　聖,2022,東北楽天,4,1,2,0,0,0,0,0,0,0.333,82,18.2,16,1,10,0,10,1,0,8,7,3.38,-0.03,4.35,1.39,1.0,0.0,4.82,4.82,B
71875153,藤井　聖,2023,東北楽天,10,3,0,0,0,0,0,0,0,1,148,35.1,28,1,18,0,24,1,0,12,9,2.29,0.21,3.66,1.3,1.33,4.1,6.11,4.58,B
71875153,藤井　聖,2024,東北楽天,22,11,5,0,0,0,0,0,0,0.688,529,126,138,8,29,7,74,3,0,45,41,2.93,0.8,3.63,1.33,2.55,8.5,5.29,2.57,B
71875153,藤井　聖,2025,東北楽天,22,6,7,0,0,0,0,0,0,0.462,483,109.2,121,9,43,6,58,0,0,46,39,3.2,-0.33,4.47,1.5,1.35,3.1,4.76,4.02,B
73175159,松田　啄磨,2024,東北楽天,7,0,0,0,0,0,0,0,0,0,64,15,14,2,9,0,8,0,0,6,6,3.6,-0.23,5.59,1.53,0.89,-1.6,4.8,5.4,B
73175159,松田　啄磨,2025,東北楽天,1,0,0,0,0,0,0,0,0,0,3,1,0,0,1,0,0,0,0,0,0,0,-0.02,6.12,1.0,0.0,-33.3,0.0,9.0,B
73575132,宋　家豪,2017,東北楽天,5,0,0,0,3,3,0,0,0,0,18,4.2,3,0,1,0,6,0,0,2,2,3.86,0.16,1.19,0.86,6.0,27.8,11.57,1.93,B
73575132,宋　家豪,2018,東北楽天,40,5,3,0,6,11,0,0,0,0.625,167,41.2,26,5,21,0,38,0,0,9,8,1.73,-0.08,4.37,1.13,1.81,10.2,8.21,4.54,B
73575132,宋　家豪,2019,東北楽天,48,3,2,0,24,27,0,0,0,0.6,186,45.1,34,2,23,0,40,1,0,14,11,2.18,0.38,3.45,1.26,1.74,9.1,7.94,4.57,B
73575132,宋　家豪,2020,東北楽天,38,1,2,0,10,11,0,0,0,0.333,162,36.1,35,7,17,1,29,2,0,29,28,6.94,-0.53,5.51,1.43,1.71,7.4,7.18,4.46,B
73575132,宋　家豪,2021,東北楽天,63,3,3,7,24,27,0,0,0,0.5,246,60.2,46,2,23,2,49,1,0,18,15,2.23,0.69,3.17,1.14,2.13,10.6,7.27,3.71,B
73575132,宋　家豪,2022,東北楽天,54,4,2,0,20,24,0,0,0,0.667,209,51.2,45,5,15,0,38,2,0,18,15,2.61,0.24,3.78,1.16,2.53,11.0,6.62,2.61,B
73575132,宋　家豪,2023,東北楽天,49,2,1,0,16,18,0,0,0,0.667,188,46.2,41,5,11,0,35,3,0,16,15,2.89,0.25,3.72,1.11,3.18,12.8,6.75,2.12,B
73575132,宋　家豪,2024,東北楽天,41,1,2,0,17,18,0,0,0,0.333,164,39.2,41,3,7,2,22,1,0,15,14,3.18,0.23,3.67,1.21,3.14,9.1,4.99,2.04,B
11915130,齋藤　綱記,2024,中　日,56,4,3,0,19,23,0,0,0,0.571,200,47.1,45,1,18,1,44,2,0,11,11,2.09,0.77,2.74,1.33,2.44,13.0,8.37,3.61,B
73575132,宋　家豪,2025,東北楽天,10,1,0,1,2,3,0,0,0,1,39,9.2,10,2,2,0,5,0,0,4,4,3.72,-0.13,5.4,1.24,2.5,7.7,4.66,1.86,B
81985155,柴田　大地,2022,東京ヤクルト,1,0,0,0,0,0,0,0,0,0,10,1,5,0,1,0,2,1,0,5,1,9,0.02,2.12,6.0,2.0,10.0,18.0,9.0,B
81985155,柴田　大地,2024,東京ヤクルト,1,0,0,0,0,0,0,0,0,0,8,2,1,0,2,0,2,0,0,1,1,4.5,0.0,4.12,1.5,1.0,0.0,9.0,9.0,B
81985155,柴田　大地,2025,東北楽天,6,1,0,0,0,1,0,0,0,1,38,8.2,8,1,6,0,6,0,0,2,2,2.08,-0.11,5.31,1.62,1.0,0.0,6.23,6.23,B
91095157,田中　千晴,2023,読　売,30,2,3,0,3,5,0,0,0,0.4,148,32.2,30,4,19,0,41,1,0,22,20,5.51,0.09,3.95,1.5,2.16,14.9,11.3,5.23,B
91095157,田中　千晴,2024,読　売,3,0,0,0,0,0,0,0,0,0,14,4,2,0,0,0,4,0,0,0,0,0,0.14,1.12,0.5,4.0,28.6,9.0,0.0,B
91795114,岸　孝之,2007,西　武,24,11,7,0,0,0,2,2,1,0.611,650,156.1,131,16,55,8,142,2,0,62,59,3.4,0.62,3.84,1.19,2.58,13.4,8.17,3.63,B
83185134,山岡　泰輔,2017,オリックス,24,8,11,0,0,0,2,1,1,0.421,618,149.1,136,8,54,2,133,7,0,62,62,3.74,1.73,3.16,1.27,2.46,12.8,8.02,3.38,A
91795114,岸　孝之,2008,埼玉西武,26,12,4,0,0,0,4,2,0,0.75,695,168.1,151,12,48,5,138,4,0,65,64,3.42,1.59,3.35,1.18,2.88,12.9,7.38,2.83,A
91795114,岸　孝之,2009,埼玉西武,26,13,5,0,0,1,2,1,0,0.722,755,179.2,168,25,53,5,138,3,1,73,65,3.26,-0.32,4.36,1.23,2.6,11.3,6.91,2.91,B
91795114,岸　孝之,2010,埼玉西武,19,10,6,1,0,0,3,2,3,0.625,460,113.2,100,9,26,5,110,3,0,41,41,3.25,1.48,3.03,1.11,4.23,18.3,8.71,2.45,B
91795114,岸　孝之,2011,埼玉西武,21,8,9,0,0,0,3,0,1,0.471,564,135,131,12,39,3,106,1,0,65,57,3.8,0.84,3.64,1.26,2.72,11.9,7.07,2.8,B
91795114,岸　孝之,2012,埼玉西武,26,11,12,0,0,0,4,1,1,0.478,729,187.2,141,9,40,4,150,3,0,52,51,2.45,2.82,2.85,0.96,3.75,15.1,7.19,2.11,A
91795114,岸　孝之,2013,埼玉西武,26,11,5,0,0,0,3,2,1,0.688,716,178.1,155,17,31,6,138,6,0,63,61,3.08,1.52,3.43,1.04,4.45,14.9,6.96,1.87,A
91795114,岸　孝之,2014,埼玉西武,23,13,4,0,0,0,5,4,1,0.765,630,161.1,126,16,36,2,126,0,0,48,45,2.51,1.16,3.55,1.0,3.5,14.3,7.03,2.12,B
91795114,岸　孝之,2015,埼玉西武,16,5,6,0,0,0,5,0,0,0.455,434,110.1,75,6,25,5,91,0,0,40,37,3.02,1.48,2.99,0.91,3.64,15.2,7.42,2.45,B
91795114,岸　孝之,2016,埼玉西武,19,9,7,0,0,0,2,1,0,0.562,541,130.1,123,8,36,1,104,0,0,42,36,2.49,1.49,3.17,1.22,2.89,12.6,7.18,2.55,B
91795114,岸　孝之,2017,東北楽天,26,8,10,0,0,0,1,0,0,0.444,703,176.1,141,19,38,3,189,4,0,56,54,2.76,2.2,3.07,1.02,4.97,21.5,9.65,2.09,A
91795114,岸　孝之,2018,東北楽天,23,11,4,0,0,0,4,1,1,0.733,625,159,127,21,29,8,159,3,0,52,48,2.72,1.17,3.54,0.98,5.48,20.8,9.0,2.09,B
91795114,岸　孝之,2019,東北楽天,15,3,5,0,0,0,0,0,0,0.375,381,93.2,80,12,25,1,86,1,0,37,37,3.56,0.44,3.78,1.12,3.44,16.0,8.26,2.5,B
91795114,岸　孝之,2020,東北楽天,11,7,0,0,0,0,2,1,0,1,269,67.1,48,5,20,1,70,0,0,24,24,3.21,0.94,2.94,1.01,3.5,18.6,9.36,2.81,B
91795114,岸　孝之,2021,東北楽天,25,9,10,0,0,0,1,1,1,0.474,620,149,149,17,34,1,131,1,0,62,57,3.44,1.08,3.55,1.23,3.85,15.6,7.91,2.11,B
91795114,岸　孝之,2022,東北楽天,22,8,10,0,0,0,0,0,0,0.444,555,141,116,18,28,1,118,2,1,51,50,3.19,0.75,3.72,1.02,4.21,16.2,7.53,1.85,B
91795114,岸　孝之,2023,東北楽天,20,9,5,0,0,0,1,1,0,0.643,506,120.1,123,10,20,3,76,2,0,44,41,3.07,0.92,3.51,1.19,3.8,11.1,5.68,1.72,B
91795114,岸　孝之,2024,東北楽天,22,6,11,0,0,0,3,2,1,0.353,590,143.1,144,13,29,2,73,1,0,52,45,2.83,0.43,3.93,1.21,2.52,7.5,4.58,1.95,B
91795114,岸　孝之,2025,東北楽天,19,6,6,0,0,0,1,0,0,0.5,467,109,125,10,22,4,55,0,0,54,53,4.38,0.22,4.02,1.35,2.5,7.1,4.54,2.15,B
1005136,高橋　礼,2018,福岡ソフトバンク,12,0,1,0,0,0,0,0,0,0,123,30,23,2,13,4,15,0,0,10,10,3,-0.16,4.69,1.2,1.15,1.6,4.5,5.1,B
1005136,高橋　礼,2019,福岡ソフトバンク,23,12,6,0,0,0,0,0,0,0.667,584,143,114,10,49,11,73,3,1,56,53,3.34,-0.11,4.27,1.14,1.49,4.1,4.59,3.78,B
1005136,高橋　礼,2020,福岡ソフトバンク,52,4,2,0,23,27,0,0,0,0.667,220,51,42,2,24,9,29,1,0,17,15,2.65,-0.13,4.43,1.29,1.21,2.3,5.12,5.82,B
1005136,高橋　礼,2021,福岡ソフトバンク,11,1,1,0,0,0,0,0,0,0.5,168,34,31,3,32,6,14,0,0,25,22,5.82,-0.98,6.8,1.85,0.44,-10.7,3.71,10.06,B
1005136,高橋　礼,2022,福岡ソフトバンク,4,0,0,0,0,0,0,0,0,0,19,3.1,5,0,4,0,2,0,0,5,5,13.5,-0.05,5.52,2.7,0.5,-10.5,5.4,10.8,B
1005136,高橋　礼,2023,福岡ソフトバンク,5,0,2,0,0,0,0,0,0,0,63,11.2,23,3,6,1,2,0,0,14,14,10.8,-0.48,7.92,2.49,0.33,-6.3,1.54,5.4,B
83185134,山岡　泰輔,2018,オリックス,30,7,12,0,4,4,1,1,0,0.368,619,146,137,21,49,6,121,4,1,71,64,3.95,-0.43,4.46,1.27,2.47,11.6,7.46,3.39,B
1005136,高橋　礼,2024,読　売,11,2,2,0,0,0,1,0,0,0.5,199,46.2,42,3,21,1,22,1,0,20,19,3.66,-0.12,4.43,1.35,1.05,0.5,4.24,4.24,B
1005153,佐々木　健,2021,埼玉西武,5,0,0,0,0,0,0,0,0,0,46,8.2,13,1,8,1,4,0,0,9,8,8.31,-0.25,6.81,2.42,0.5,-8.7,4.15,9.35,B
1005153,佐々木　健,2022,埼玉西武,37,3,0,0,5,8,0,0,0,1,135,29.2,29,0,18,4,24,1,0,11,10,3.03,0.16,3.73,1.58,1.33,4.4,7.28,6.67,B
1005153,佐々木　健,2023,埼玉西武,21,0,1,0,4,4,0,0,0,0,83,20.2,14,0,8,1,13,0,0,5,2,0.87,0.24,3.17,1.06,1.62,6.0,5.66,3.92,B
1005153,佐々木　健,2025,埼玉西武,15,0,3,0,1,1,0,0,0,0,62,14.1,13,1,4,3,8,0,0,8,8,5.02,-0.03,4.38,1.19,2.0,6.5,5.02,4.4,B
11315159,糸川　亮太,2024,埼玉西武,4,0,1,0,0,0,0,0,0,0,21,3.2,5,0,6,0,1,0,0,4,4,9.82,-0.13,7.48,3.0,0.17,-23.8,2.45,14.73,B
11315159,糸川　亮太,2025,埼玉西武,13,0,1,0,0,0,0,0,0,0,68,18.2,11,3,2,1,17,0,0,6,6,2.89,0.07,3.87,0.7,8.5,22.1,8.2,1.45,B
21025155,隅田　知一郎,2022,埼玉西武,16,1,10,0,0,0,0,0,0,0.091,357,81.2,90,4,30,1,73,4,0,38,34,3.75,0.99,3.11,1.47,2.43,12.0,8.04,3.42,B
21025155,隅田　知一郎,2023,埼玉西武,22,9,10,0,0,0,2,1,0,0.474,554,131,123,11,41,7,128,2,0,52,50,3.44,1.23,3.36,1.25,3.12,15.7,8.79,3.3,B
21025155,隅田　知一郎,2024,埼玉西武,26,9,10,0,0,0,2,1,1,0.474,719,179.1,161,11,35,3,154,5,0,56,55,2.76,2.72,2.84,1.09,4.4,16.6,7.73,1.91,A
21025155,隅田　知一郎,2025,埼玉西武,23,10,10,0,0,0,3,1,1,0.5,646,159.2,142,12,34,2,149,3,0,47,46,2.59,2.29,2.91,1.1,4.38,17.8,8.4,2.03,A
21325151,上間　永遠,2021,埼玉西武,5,1,1,0,0,0,0,0,0,0.5,94,21.1,26,3,9,0,10,1,1,15,15,6.33,-0.26,5.28,1.64,1.11,1.1,4.22,3.8,B
21725155,黒田　将矢,2025,埼玉西武,8,0,0,0,0,0,0,0,0,0,59,12.2,16,4,7,0,13,0,0,8,8,5.68,-0.37,6.83,1.82,1.86,10.2,9.24,4.97,B
23125153,豆田　泰志,2023,埼玉西武,16,0,0,1,6,6,0,0,0,0,62,15.1,8,0,7,1,12,0,0,1,1,0.59,0.18,3.12,0.98,1.71,8.1,7.04,4.7,B
23125153,豆田　泰志,2024,埼玉西武,15,0,1,0,0,0,0,0,0,0,78,15.2,22,1,11,0,12,2,0,12,11,6.32,-0.06,4.52,2.11,1.09,1.3,6.89,6.32,B
23125153,豆田　泰志,2025,埼玉西武,3,0,0,0,0,0,0,0,0,0,17,4,5,0,0,0,6,0,0,0,0,0,0.18,0.12,1.25,6.0,35.3,13.5,0.0,B
31035136,平良　海馬,2019,埼玉西武,26,2,1,1,6,8,0,0,0,0.667,111,24,29,2,9,3,23,3,0,13,9,3.38,0.11,3.79,1.58,2.56,12.6,8.62,4.5,B
31035136,平良　海馬,2020,埼玉西武,54,1,0,1,33,34,0,0,0,1,214,53,22,2,29,8,62,5,0,11,11,1.87,0.49,3.37,0.96,2.14,15.4,10.53,6.28,B
31035136,平良　海馬,2021,埼玉西武,62,3,4,20,21,24,0,0,0,0.429,247,60,36,0,28,5,70,3,0,6,6,0.9,1.18,2.44,1.07,2.5,17.0,10.5,4.95,B
31035136,平良　海馬,2022,埼玉西武,61,1,3,9,34,35,0,0,0,0.25,226,57.2,36,2,18,2,75,3,0,15,10,1.56,1.4,2.01,0.94,4.17,25.2,11.71,3.12,B
31035136,平良　海馬,2023,埼玉西武,23,11,7,0,0,0,0,0,0,0.611,611,150,115,10,55,5,153,0,0,47,40,2.4,1.76,3.15,1.13,2.78,16.0,9.18,3.6,A
31035136,平良　海馬,2024,埼玉西武,22,3,2,0,9,11,0,0,0,0.6,208,48.2,44,1,21,5,43,1,0,11,9,1.66,0.53,3.22,1.34,2.05,10.6,7.95,4.81,B
31035136,平良　海馬,2025,埼玉西武,54,4,2,31,8,12,0,0,0,0.667,220,52.2,43,0,21,3,53,2,0,12,10,1.71,1.01,2.47,1.22,2.52,14.5,9.06,4.1,B
41945155,佐藤　隼輔,2022,埼玉西武,12,3,4,0,0,0,0,0,0,0.429,205,47,47,1,22,4,33,1,0,26,24,4.6,0.29,3.65,1.47,1.5,5.4,6.32,4.98,B
41945155,佐藤　隼輔,2023,埼玉西武,47,1,2,0,18,19,0,0,0,0.333,167,39.2,35,1,16,0,27,2,0,15,11,2.5,0.4,3.3,1.29,1.69,6.6,6.13,3.63,B
41945155,佐藤　隼輔,2024,埼玉西武,45,2,1,0,17,19,0,0,0,0.667,149,37.1,20,1,17,2,31,1,0,8,7,1.69,0.36,3.33,0.99,1.82,9.4,7.47,4.58,B
41945155,佐藤　隼輔,2025,埼玉西武,20,0,2,0,6,6,0,0,0,0,93,19.2,24,2,10,2,13,1,0,14,14,6.41,-0.16,4.95,1.73,1.3,3.2,5.95,5.49,B
43045155,ボー・タカハシ,2022,埼玉西武,27,0,0,0,2,2,0,0,0,0,133,31.2,19,2,15,7,26,1,0,14,9,2.56,-0.06,4.38,1.07,1.73,8.3,7.39,6.25,B
43045155,ボー・タカハシ,2023,埼玉西武,28,0,1,0,0,0,0,0,0,0,151,36,20,1,19,7,27,2,0,12,12,3,0.02,4.15,1.08,1.42,5.3,6.75,6.5,B
43045155,ボー・タカハシ,2024,埼玉西武,33,2,9,0,7,8,0,0,0,0.182,315,72.2,70,4,27,6,48,2,0,31,26,3.22,0.26,3.88,1.33,1.78,6.7,5.94,4.09,B
43045155,ボー・タカハシ,2025,埼玉西武,4,0,0,0,0,0,0,0,0,0,27,5,12,0,1,0,4,0,0,6,6,10.8,0.12,2.12,2.6,4.0,11.1,7.2,1.8,B
43345157,山田　陽翔,2025,埼玉西武,49,3,3,1,17,20,0,0,0,0.5,201,47.2,46,3,17,1,31,1,0,12,11,2.08,0.23,3.77,1.32,1.82,7.0,5.85,3.4,B
51155157,青山　美夏人,2023,埼玉西武,39,0,1,3,1,1,0,0,0,0,186,45.2,32,4,23,0,34,5,1,15,15,2.96,-0.04,4.28,1.2,1.48,5.9,6.7,4.53,B
51155157,青山　美夏人,2024,埼玉西武,6,1,4,0,0,0,1,1,0,0.2,139,32.1,30,3,12,0,13,0,0,12,10,2.78,-0.16,4.64,1.3,1.08,0.7,3.62,3.34,B
51155157,青山　美夏人,2025,埼玉西武,2,0,0,0,0,0,0,0,0,0,11,2,3,1,2,0,0,0,0,3,3,13.5,-0.19,12.62,2.5,0.0,-18.2,0.0,9.0,B
51255159,武内　夏暉,2024,埼玉西武,21,10,6,0,0,0,1,1,0,0.625,568,145.1,120,6,22,3,107,2,2,39,35,2.17,2.42,2.7,0.98,4.86,15.0,6.63,1.55,A
51255159,武内　夏暉,2025,埼玉西武,12,4,5,0,0,0,0,0,0,0.444,276,63.1,70,6,19,3,46,1,0,40,37,5.26,0.18,3.94,1.41,2.42,9.8,6.54,3.13,B
51555138,甲斐野　央,2019,福岡ソフトバンク,65,2,5,8,26,28,0,0,0,0.286,253,58.2,49,6,34,4,73,3,0,28,27,4.14,0.19,3.9,1.41,2.15,15.4,11.2,5.83,B
51555138,甲斐野　央,2021,福岡ソフトバンク,22,0,2,1,4,4,0,0,0,0,88,20.2,16,3,10,2,25,1,0,10,10,4.35,-0.03,4.33,1.26,2.5,17.0,10.89,5.23,B
51555138,甲斐野　央,2022,福岡ソフトバンク,27,2,0,0,3,5,0,0,0,1,106,25,19,0,14,0,27,0,0,7,7,2.52,0.43,2.64,1.32,1.93,12.3,9.72,5.04,B
51555138,甲斐野　央,2023,福岡ソフトバンク,46,3,1,2,8,11,0,0,0,0.75,172,42.2,33,2,13,2,39,0,0,12,12,2.53,0.59,2.96,1.08,3.0,15.1,8.23,3.16,B
51555138,甲斐野　央,2024,埼玉西武,19,0,2,0,11,11,0,0,0,0,81,18.1,15,2,10,1,15,0,0,7,6,2.95,-0.1,4.7,1.36,1.5,6.2,7.36,5.4,B
51555138,甲斐野　央,2025,埼玉西武,47,2,3,0,33,35,0,0,0,0.4,180,43.2,34,3,18,3,36,2,0,13,12,2.47,0.19,3.81,1.19,2.0,10.0,7.42,4.33,B
51655155,羽田　慎之介,2024,埼玉西武,9,1,3,0,2,3,0,0,0,0.25,73,16.1,14,0,10,2,11,1,0,8,5,2.76,0.04,3.98,1.47,1.1,1.4,6.06,6.61,B
51655155,羽田　慎之介,2025,埼玉西武,24,1,1,0,2,3,0,0,0,0.5,98,21.1,20,0,14,3,25,1,1,7,7,2.95,0.24,3.17,1.59,1.79,11.2,10.55,7.17,B
51755134,黒木　優太,2017,オリックス,55,6,3,2,25,31,0,0,0,0.667,226,53.1,39,2,26,2,62,3,0,26,25,4.22,0.8,2.86,1.22,2.38,15.9,10.46,4.72,B
51755134,黒木　優太,2018,オリックス,39,1,1,0,17,18,0,0,0,0.5,145,34,37,3,12,0,26,1,0,17,17,4.5,0.15,3.8,1.44,2.17,9.7,6.88,3.18,B
51755134,黒木　優太,2022,オリックス,27,2,2,1,5,7,0,0,0,0.5,106,26.2,20,3,9,0,21,2,0,8,7,2.36,0.05,4.02,1.09,2.33,11.3,7.09,3.04,B
51755134,黒木　優太,2023,オリックス,12,1,5,0,0,1,0,0,0,0.167,122,26,33,2,16,1,20,1,0,20,19,6.58,-0.1,4.54,1.88,1.25,3.3,6.92,5.88,B
51755134,黒木　優太,2024,北海道日本ハム,2,0,0,0,0,0,0,0,0,0,9,2,1,0,2,0,1,0,0,1,1,4.5,-0.02,5.12,1.5,0.5,-11.1,4.5,9.0,B
51755134,黒木　優太,2025,埼玉西武,29,1,1,0,3,4,0,0,0,0.5,123,29.1,24,1,13,0,25,4,0,15,11,3.38,0.33,3.19,1.26,1.92,9.8,7.67,3.99,B
53155138,渡邉　勇太朗,2021,埼玉西武,17,4,4,0,2,2,0,0,0,0.5,232,55,43,3,30,3,33,4,0,24,21,3.44,-0.14,4.43,1.33,1.1,1.3,5.4,5.4,B
53155138,渡邉　勇太朗,2022,埼玉西武,3,1,1,0,0,0,0,0,0,0.5,67,13.1,15,1,11,1,6,2,0,11,9,6.07,-0.25,5.89,1.95,0.55,-7.5,4.05,8.1,B
53155138,渡邉　勇太朗,2023,埼玉西武,2,1,0,0,0,0,0,0,0,1,42,11,7,0,5,0,4,0,0,1,1,0.82,0.05,3.76,1.09,0.8,-2.4,3.27,4.09,B
53155138,渡邉　勇太朗,2024,埼玉西武,14,3,4,0,0,0,0,0,0,0.429,366,87.2,81,5,27,5,50,1,0,26,26,2.67,0.37,3.82,1.23,1.85,6.3,5.13,3.29,B
53155138,渡邉　勇太朗,2025,埼玉西武,23,7,9,0,0,0,1,1,1,0.438,565,134,127,9,38,4,81,3,0,47,40,2.69,0.71,3.72,1.23,2.13,7.6,5.44,2.82,B
53555150,Ｔ．ウィンゲンター,2025,埼玉西武,49,1,4,0,31,32,0,0,0,0.2,188,46.2,26,2,20,2,69,4,0,11,9,1.74,1.07,2.13,0.99,3.45,26.1,13.31,4.24,B
61465151,浜屋　将太,2020,埼玉西武,12,3,3,0,0,0,0,0,0,0.5,217,50.2,48,7,21,3,23,1,0,30,28,4.97,-0.69,5.43,1.36,1.1,0.9,4.09,4.26,B
61465151,浜屋　将太,2021,埼玉西武,8,1,6,0,0,0,0,0,0,0.143,174,36.2,39,8,26,4,26,4,0,27,27,6.63,-1.14,6.99,1.77,1.0,0.0,6.38,7.36,B
63165136,與座　海人,2021,埼玉西武,15,1,1,0,1,1,0,0,0,0.5,157,38.2,31,3,10,4,28,0,0,12,12,2.79,0.19,3.77,1.06,2.8,11.5,6.52,3.26,B
63165136,與座　海人,2022,埼玉西武,20,10,7,0,0,1,1,1,1,0.588,463,115.2,104,11,16,4,61,2,0,39,37,2.88,0.49,3.82,1.04,3.81,9.7,4.75,1.56,B
63165136,與座　海人,2023,埼玉西武,15,2,6,0,0,0,1,1,1,0.25,340,83,72,9,21,5,39,1,0,38,34,3.69,-0.3,4.53,1.12,1.86,5.3,4.23,2.82,B
63165136,與座　海人,2024,埼玉西武,7,1,4,0,0,1,0,0,0,0.2,106,24.1,22,4,11,0,13,0,0,13,13,4.81,-0.36,5.54,1.36,1.18,1.9,4.81,4.07,B
63165136,與座　海人,2025,埼玉西武,16,6,5,0,0,0,1,0,0,0.545,377,93.2,74,10,16,9,44,0,0,30,26,2.5,-0.18,4.37,0.96,2.75,7.4,4.23,2.4,B
71075130,髙橋　光成,2015,埼玉西武,8,5,2,0,0,0,1,1,0,0.714,185,44,32,3,23,4,22,2,1,16,15,3.07,-0.32,4.85,1.25,0.96,-0.5,4.5,5.52,B
71075130,髙橋　光成,2016,埼玉西武,22,4,11,0,0,0,2,1,0,0.267,529,118,134,10,51,5,89,12,0,73,58,4.42,0.08,4.14,1.57,1.75,7.2,6.79,4.27,B
71075130,髙橋　光成,2017,埼玉西武,7,3,4,0,0,0,0,0,0,0.429,169,39.1,36,3,20,1,30,3,0,20,18,4.12,0.01,4.19,1.42,1.5,5.9,6.86,4.81,B
71075130,髙橋　光成,2018,埼玉西武,3,2,1,0,0,0,0,0,0,0.667,91,20,17,2,13,1,15,1,0,10,10,4.5,-0.18,5.02,1.5,1.15,2.2,6.75,6.3,B
71075130,髙橋　光成,2019,埼玉西武,21,10,6,0,0,0,1,0,0,0.625,554,123.2,144,13,47,14,90,7,1,77,62,4.51,-0.43,4.51,1.54,1.91,7.8,6.55,4.44,B
71075130,髙橋　光成,2020,埼玉西武,20,8,8,0,0,0,1,1,0,0.5,501,120.1,100,9,44,7,100,6,0,51,50,3.74,0.67,3.7,1.2,2.27,11.2,7.48,3.81,B
71075130,髙橋　光成,2021,埼玉西武,27,11,9,0,0,0,0,0,0,0.55,728,173.2,157,23,62,6,127,13,0,81,73,3.78,-0.68,4.55,1.26,2.05,8.9,6.58,3.52,B
71075130,髙橋　光成,2022,埼玉西武,26,12,8,0,0,0,0,0,0,0.6,705,175.2,153,9,51,11,128,5,0,48,43,2.2,1.59,3.39,1.16,2.51,10.9,6.56,3.18,A
71075130,髙橋　光成,2023,埼玉西武,23,10,8,0,0,0,4,2,1,0.556,626,155,123,8,47,7,120,7,0,47,38,2.21,1.57,3.29,1.1,2.55,11.7,6.97,3.14,A
71075130,髙橋　光成,2024,埼玉西武,15,0,11,0,0,0,0,0,0,0,362,81.1,94,5,24,6,61,3,1,39,35,3.87,0.61,3.53,1.45,2.54,10.2,6.75,3.32,B
71075130,髙橋　光成,2025,埼玉西武,24,8,9,0,0,0,0,0,0,0.471,616,148,141,10,41,6,88,7,1,56,50,3.04,0.72,3.76,1.23,2.15,7.6,5.35,2.86,B
71075139,中村　祐太,2017,広島東洋,15,5,4,0,0,0,0,0,0,0.556,312,74.2,68,7,26,2,54,1,0,33,31,3.74,0.15,4.02,1.26,2.08,9.0,6.51,3.38,B
71075139,中村　祐太,2018,広島東洋,9,3,4,0,0,0,0,0,0,0.429,205,44.2,50,8,21,5,31,1,0,33,30,6.04,-0.8,5.81,1.59,1.48,4.9,6.25,5.24,B
71075139,中村　祐太,2019,広島東洋,2,0,0,0,0,0,0,0,0,0,32,5.2,11,3,5,0,4,1,0,8,8,12.71,-0.44,11.24,2.82,0.8,-3.1,6.35,7.94,B
71075139,中村　祐太,2020,広島東洋,8,3,4,0,0,0,0,0,0,0.429,191,46.2,42,8,11,2,37,1,0,12,12,2.31,-0.21,4.6,1.14,3.36,13.6,7.14,2.51,B
71075139,中村　祐太,2021,広島東洋,3,0,3,0,0,0,0,0,0,0,65,13,21,3,5,0,6,0,0,17,16,11.08,-0.31,6.35,2.0,1.2,1.5,4.15,3.46,B
71075139,中村　祐太,2023,広島東洋,5,0,0,0,0,0,0,0,0,0,31,7,9,1,1,0,3,0,0,5,1,1.29,-0.03,4.55,1.43,3.0,6.5,3.86,1.29,B
71075139,中村　祐太,2024,埼玉西武,27,0,1,0,0,0,0,0,0,0,134,32,26,2,12,2,17,2,0,12,11,3.09,0.01,4.18,1.19,1.42,3.7,4.78,3.94,B
71075139,中村　祐太,2025,埼玉西武,20,0,2,0,0,0,0,0,0,0,101,26,21,1,9,0,23,1,0,4,3,1.04,0.38,2.89,1.15,2.56,13.9,7.96,3.12,B
71075155,菅井　信也,2024,埼玉西武,8,1,2,0,1,1,0,0,0,0.333,108,24,26,4,10,0,22,0,0,14,14,5.25,-0.13,4.7,1.5,2.2,11.1,8.25,3.75,B
71075155,菅井　信也,2025,埼玉西武,11,5,5,0,0,0,0,0,0,0.5,239,55.1,51,5,29,0,47,0,0,22,22,3.58,0.02,4.17,1.45,1.62,7.5,7.64,4.72,B
71875138,森脇　亮介,2019,埼玉西武,29,2,1,0,2,4,0,0,0,0.667,143,31,29,3,20,3,24,1,0,17,17,4.94,-0.29,5.06,1.58,1.2,2.8,6.97,6.68,B
71875138,森脇　亮介,2020,埼玉西武,47,7,1,1,16,23,0,0,0,0.875,178,46.2,22,3,20,1,41,1,1,8,7,1.35,0.34,3.55,0.9,2.05,11.8,7.91,4.05,B
71875138,森脇　亮介,2021,埼玉西武,45,3,1,1,13,16,0,0,0,0.75,184,40.1,42,3,22,2,29,3,0,18,18,4.02,-0.1,4.43,1.59,1.32,3.8,6.47,5.36,B
71875138,森脇　亮介,2022,埼玉西武,43,1,1,1,10,11,0,0,0,0.5,148,36.2,30,2,8,2,33,0,0,10,7,1.72,0.55,2.85,1.04,4.12,16.9,8.1,2.45,B
71875138,森脇　亮介,2023,埼玉西武,31,2,1,3,12,14,0,0,0,0.667,117,27.2,22,1,15,0,26,1,0,8,6,1.95,0.27,3.34,1.34,1.73,9.4,8.46,4.88,B
73975150,Ｅ．ラミレス,2025,埼玉西武,27,1,0,0,7,8,0,0,0,1,106,26.2,16,1,12,0,28,2,0,3,3,1.01,0.4,2.86,1.05,2.33,15.1,9.45,4.05,B
81685138,松本　航,2019,埼玉西武,16,7,4,0,0,0,0,0,0,0.636,384,85.1,87,11,46,2,65,8,0,47,43,4.54,-0.72,4.96,1.56,1.41,4.9,6.86,5.06,B
31335116,岩嵜　翔,2017,福岡ソフトバンク,72,6,3,2,40,46,0,0,0,0.667,289,72.1,55,8,16,2,66,1,0,16,16,1.99,0.58,3.48,0.98,4.12,17.3,8.21,2.24,B
81685138,松本　航,2020,埼玉西武,20,6,7,0,0,0,0,0,0,0.462,452,103,89,19,56,2,66,2,0,55,50,4.37,-1.98,5.93,1.41,1.18,2.2,5.77,5.07,B
81685138,松本　航,2021,埼玉西武,28,10,8,0,0,0,1,1,0,0.556,638,149.2,137,15,64,4,130,4,0,63,63,3.79,0.25,4.05,1.34,2.03,10.3,7.82,4.09,B
81685138,松本　航,2022,埼玉西武,21,7,6,0,0,0,1,0,0,0.538,536,129.2,106,8,44,3,104,3,0,49,46,3.19,1.14,3.41,1.16,2.36,11.2,7.22,3.26,B
81685138,松本　航,2023,埼玉西武,20,6,8,0,0,0,1,0,0,0.429,496,116.2,102,14,48,5,89,3,1,48,45,3.47,-0.41,4.52,1.29,1.85,8.3,6.87,4.09,B
81685138,松本　航,2024,埼玉西武,34,1,9,0,6,6,0,0,0,0.1,284,66.1,54,11,29,2,41,1,0,32,29,3.93,-0.92,5.44,1.25,1.41,4.2,5.56,4.21,B
81685138,松本　航,2025,埼玉西武,3,0,2,0,0,0,0,0,0,0,59,14,14,3,5,0,12,0,0,10,10,6.43,-0.17,5.26,1.36,2.4,11.9,7.71,3.21,B
91095159,杉山　遙希,2024,埼玉西武,1,0,1,0,0,0,0,0,0,0,17,3,5,0,0,1,2,1,0,6,0,0,0.05,2.79,1.67,2.0,11.8,6.0,3.0,B
91095159,杉山　遙希,2025,埼玉西武,1,0,1,0,0,0,0,0,0,0,24,4,11,1,1,0,2,0,0,9,8,18,-0.09,6.12,3.0,2.0,4.2,4.5,2.25,B
91395159,上田　大河,2024,埼玉西武,17,0,0,0,1,1,0,0,0,0,99,23.1,17,2,13,0,11,1,0,7,7,2.7,-0.2,4.96,1.29,0.85,-2.0,4.24,5.01,B
91395159,上田　大河,2025,埼玉西武,4,0,2,0,0,0,0,0,0,0,94,20,30,1,6,1,6,0,0,15,15,6.75,-0.0,4.22,1.8,1.0,0.0,2.7,3.15,B
1105159,石黒　佑弥,2024,阪　神,3,0,0,0,0,0,0,0,0,0,16,3.1,6,0,1,0,3,0,0,2,2,5.4,0.07,2.22,2.1,3.0,12.5,8.1,2.7,B
1105159,石黒　佑弥,2025,阪　神,8,0,0,0,1,1,0,0,0,0,33,8,9,1,2,0,7,0,0,4,4,4.5,0.04,3.75,1.38,3.5,15.2,7.88,2.25,B
1705155,桐敷　拓馬,2022,阪　神,7,0,3,0,0,0,0,0,0,0,65,14.1,20,2,4,0,16,0,0,8,8,5.02,0.11,3.54,1.67,4.0,18.5,10.05,2.51,B
1705155,桐敷　拓馬,2023,阪　神,27,2,0,0,14,15,0,0,0,1,158,40.1,28,1,12,0,40,0,0,10,8,1.79,0.83,2.35,0.99,3.33,17.7,8.93,2.68,B
1705155,桐敷　拓馬,2024,阪　神,70,3,1,0,40,43,0,0,0,0.75,263,65.1,48,0,18,4,60,1,0,14,13,1.79,1.38,2.29,1.01,3.33,16.0,8.27,3.03,B
1705155,桐敷　拓馬,2025,阪　神,43,2,1,1,13,15,0,0,0,0.667,166,38,45,0,7,2,35,0,0,13,12,2.84,0.93,1.99,1.37,5.0,16.9,8.29,2.13,B
3505132,Ｒ．ドリス,2016,阪　神,34,3,3,8,9,12,0,0,0,0.5,138,34,19,0,16,2,36,1,0,11,8,2.12,0.61,2.59,1.03,2.25,14.5,9.53,4.76,B
3505132,Ｒ．ドリス,2017,阪　神,63,4,4,37,5,9,0,0,0,0.5,259,63,53,1,17,1,85,8,0,22,19,2.71,1.9,1.49,1.11,5.0,26.3,12.14,2.57,A
3505132,Ｒ．ドリス,2018,阪　神,55,1,7,32,4,5,0,0,0,0.125,229,53.2,50,4,17,2,56,3,0,22,17,2.85,0.68,3.06,1.25,3.29,17.0,9.39,3.19,B
3505132,Ｒ．ドリス,2019,阪　神,56,5,4,19,10,15,0,0,0,0.556,213,55.1,36,1,11,1,50,7,0,16,13,2.11,1.23,2.2,0.85,4.55,18.3,8.13,1.95,B
3505132,Ｒ．ドリス,2025,阪　神,20,2,2,0,5,7,0,0,0,0.5,74,18.2,14,1,5,0,16,0,0,4,4,1.93,0.27,2.91,1.02,3.2,14.9,7.71,2.41,B
11515155,岡留　英貴,2023,阪　神,8,1,0,0,0,1,0,0,0,1,25,7,5,0,1,0,6,0,0,1,1,1.29,0.18,1.83,0.86,6.0,20.0,7.71,1.29,B
11515155,岡留　英貴,2024,阪　神,35,1,0,1,6,7,0,0,0,1,163,38,36,1,11,2,24,0,0,16,12,2.84,0.41,3.23,1.24,2.18,8.0,5.68,3.08,B
11515155,岡留　英貴,2025,阪　神,10,1,0,0,3,4,0,0,0,1,38,9.1,7,1,3,0,2,0,0,2,2,1.93,-0.09,5.05,1.07,0.67,-2.6,1.93,2.89,B
11715151,小川　一平,2020,阪　神,21,0,0,0,0,0,0,0,0,0,101,21,28,1,13,0,18,5,0,15,11,4.71,0.07,3.88,1.95,1.38,5.0,7.71,5.57,B
11715151,小川　一平,2021,阪　神,19,1,0,0,2,3,0,0,0,1,83,21.1,15,2,7,0,19,0,0,7,7,2.95,0.16,3.54,1.03,2.71,14.5,8.02,2.95,B
11715151,小川　一平,2022,阪　神,6,0,2,0,0,0,0,0,0,0,100,24.2,16,3,9,3,22,1,0,12,12,4.38,-0.05,4.38,1.01,2.44,13.0,8.03,4.38,B
13315153,村上　頌樹,2021,阪　神,2,0,1,0,0,0,0,0,0,0,30,5.1,9,3,5,0,0,1,0,10,10,16.88,-0.54,13.25,2.62,0.0,-16.7,0.0,8.44,B
13315153,村上　頌樹,2023,阪　神,22,10,6,0,1,1,2,1,1,0.625,532,144.1,92,9,15,1,137,0,0,30,28,1.75,2.94,2.36,0.74,9.13,22.9,8.54,1.0,A
13315153,村上　頌樹,2024,阪　神,25,7,11,0,0,0,2,0,1,0.389,635,153.2,143,7,33,2,130,5,0,57,44,2.58,2.56,2.7,1.15,3.94,15.3,7.61,2.05,A
13315153,村上　頌樹,2025,阪　神,26,14,4,0,0,0,3,3,2,0.778,679,175.1,131,9,25,7,144,3,1,41,41,2.1,2.94,2.69,0.89,5.76,17.5,7.39,1.64,A
21925159,椎葉　剛,2025,阪　神,3,0,0,0,0,0,0,0,0,0,13,3,2,0,2,0,1,0,0,0,0,0,-0.01,4.45,1.33,0.5,-7.7,3.0,6.0,B
31335139,岩崎　優,2014,阪　神,17,5,4,0,0,0,0,0,0,0.556,379,90,85,6,26,4,76,1,0,37,35,3.5,0.9,3.3,1.23,2.92,13.2,7.6,3.0,B
83185134,山岡　泰輔,2019,オリックス,26,13,4,0,0,0,2,0,1,0.765,699,170,154,16,45,4,154,2,0,77,70,3.71,1.52,3.4,1.17,3.42,15.6,8.15,2.59,A
31335139,岩崎　優,2015,阪　神,15,3,10,0,0,0,0,0,0,0.231,326,77,74,7,19,5,57,0,0,39,30,3.51,0.38,3.76,1.21,3.0,11.7,6.66,2.81,B
31335139,岩崎　優,2016,阪　神,16,3,5,0,0,0,0,0,0,0.375,319,74.1,73,10,27,2,59,3,0,33,30,3.63,-0.21,4.45,1.35,2.19,10.0,7.14,3.51,B
31335139,岩崎　優,2017,阪　神,66,4,1,0,15,19,0,0,0,0.8,311,71.2,63,2,27,5,88,0,0,28,19,2.39,1.46,2.37,1.26,3.26,19.6,11.05,4.02,B
31335139,岩崎　優,2018,阪　神,61,1,3,0,10,11,0,0,0,0.25,275,62,66,8,25,4,70,5,0,37,34,4.94,0.18,3.94,1.47,2.8,16.4,10.16,4.21,B
31335139,岩崎　優,2019,阪　神,48,3,0,0,26,29,0,0,0,1,204,53.2,24,5,17,3,58,1,0,11,6,1.01,0.54,3.29,0.76,3.41,20.1,9.73,3.35,B
31335139,岩崎　優,2020,阪　神,41,5,2,2,17,22,0,0,0,0.714,163,39.2,26,2,15,2,37,3,0,9,8,1.82,0.44,3.2,1.03,2.47,13.5,8.39,3.86,B
31335139,岩崎　優,2021,阪　神,62,3,4,1,41,44,0,0,0,0.429,230,57.2,47,6,15,0,51,3,0,21,17,2.65,0.46,3.48,1.08,3.4,15.7,7.96,2.34,B
31335139,岩崎　優,2022,阪　神,57,1,6,28,11,12,0,0,0,0.143,239,55,63,1,10,2,44,0,0,16,12,1.96,1.09,2.41,1.33,4.4,14.2,7.2,1.96,B
31335139,岩崎　優,2023,阪　神,60,3,3,35,12,15,0,0,0,0.5,217,56,32,3,14,2,62,0,0,13,11,1.77,1.08,2.46,0.82,4.43,22.1,9.96,2.57,B
31335139,岩崎　優,2024,阪　神,60,4,4,23,17,21,0,0,0,0.5,231,57.1,48,3,15,0,46,1,0,14,14,2.2,0.78,2.98,1.1,3.07,13.4,7.22,2.35,B
31335139,岩崎　優,2025,阪　神,53,1,3,31,8,9,0,0,0,0.25,211,51.1,49,1,13,0,40,0,0,15,12,2.1,0.93,2.57,1.21,3.08,12.8,7.01,2.28,B
31635134,畠　世周,2018,読　売,9,2,0,0,3,5,0,0,0,1,41,9.2,10,0,2,0,10,1,0,3,3,2.79,0.27,1.67,1.24,5.0,19.5,9.31,1.86,B
31635134,畠　世周,2019,読　売,5,0,1,0,0,0,0,0,0,0,76,15.2,26,2,5,1,14,0,0,14,12,6.89,0.01,4.14,1.98,2.8,11.8,8.04,3.45,B
31635134,畠　世周,2020,読　売,12,4,4,0,0,0,1,1,0,0.5,265,65.2,47,5,23,4,49,1,0,22,21,2.88,0.25,3.85,1.07,2.13,9.8,6.72,3.7,B
31635134,畠　世周,2021,読　売,52,4,3,1,11,13,0,0,0,0.571,390,96.2,83,13,25,4,97,2,1,37,33,3.07,0.47,3.76,1.12,3.88,18.5,9.03,2.7,B
31635134,畠　世周,2022,読　売,27,3,0,1,5,8,0,0,0,1,122,28.2,22,3,14,0,22,1,0,11,10,3.14,-0.07,4.41,1.26,1.57,6.6,6.91,4.4,B
31635134,畠　世周,2025,阪　神,12,0,0,0,4,4,0,0,0,0,47,12.1,8,0,5,0,3,0,0,0,0,0,0.05,3.85,1.05,0.6,-4.3,2.19,3.65,B
41145153,石井　大智,2021,阪　神,18,0,1,0,0,0,0,0,0,0,75,17.1,17,3,6,0,16,1,0,12,12,6.23,-0.07,4.56,1.33,2.67,13.3,8.31,3.12,B
41145153,石井　大智,2022,阪　神,18,0,1,0,0,0,0,0,0,0,94,24,11,2,9,2,24,2,0,4,2,0.75,0.17,3.58,0.83,2.67,16.0,9.0,4.12,B
41145153,石井　大智,2023,阪　神,44,1,1,0,19,20,0,0,0,0.5,165,40,43,2,8,1,29,0,0,8,6,1.35,0.54,3.0,1.27,3.62,12.7,6.53,2.02,B
41145153,石井　大智,2024,阪　神,56,4,1,1,30,34,0,0,0,0.8,189,48.2,34,0,14,0,58,5,0,12,8,1.48,1.41,1.6,0.99,4.14,23.3,10.73,2.59,B
41145153,石井　大智,2025,阪　神,53,1,0,9,36,37,0,0,0,1,199,53,37,0,7,1,42,2,0,1,1,0.17,1.3,1.99,0.83,6.0,17.6,7.13,1.36,B
41345136,大竹　耕太郎,2018,福岡ソフトバンク,11,3,2,0,0,0,0,0,0,0.6,197,48.2,45,6,13,1,36,0,0,21,21,3.88,0.05,4.11,1.19,2.77,11.7,6.66,2.59,B
41345136,大竹　耕太郎,2019,福岡ソフトバンク,17,5,4,0,0,0,1,0,0,0.556,442,106,111,13,20,4,72,0,1,47,45,3.82,0.19,4.04,1.24,3.6,11.8,6.11,2.04,B
41345136,大竹　耕太郎,2020,福岡ソフトバンク,3,2,0,0,0,0,0,0,0,1,60,15.2,13,1,3,0,8,0,0,4,4,2.3,0.12,3.5,1.02,2.67,8.3,4.6,1.72,B
41345136,大竹　耕太郎,2021,福岡ソフトバンク,2,0,1,0,1,1,0,0,0,0,22,4,7,0,3,0,1,0,0,7,7,15.75,-0.03,4.87,2.5,0.33,-9.1,2.25,6.75,B
41345136,大竹　耕太郎,2022,福岡ソフトバンク,2,0,2,0,0,0,0,0,0,0,35,7,10,1,2,1,5,2,0,6,5,6.43,-0.05,4.83,1.71,2.5,8.6,6.43,3.86,B
41345136,大竹　耕太郎,2023,阪　神,21,12,2,0,0,0,1,1,1,0.857,513,131.2,122,10,12,3,82,0,0,36,33,2.26,1.46,3.2,1.02,6.83,13.6,5.61,1.03,B
41345136,大竹　耕太郎,2024,阪　神,24,11,7,0,0,0,0,0,0,0.611,587,144.2,134,8,33,1,91,1,0,47,45,2.8,1.47,3.29,1.15,2.76,9.9,5.66,2.12,B
41745134,才木　浩人,2024,阪　神,25,13,3,0,0,0,4,3,1,0.812,671,167.2,140,4,38,0,137,4,0,35,34,1.83,3.21,2.48,1.06,3.61,14.8,7.35,2.04,S
41745134,才木　浩人,2025,阪　神,24,12,6,0,0,0,3,2,2,0.667,636,157,123,6,44,1,122,1,0,29,27,1.55,2.23,2.92,1.06,2.77,12.3,6.99,2.58,A
41745150,木下　里都,2025,阪　神,11,0,0,0,1,1,0,0,0,0,59,13.2,18,0,2,0,12,1,0,7,5,3.29,0.36,1.8,1.46,6.0,16.9,7.9,1.32,B
41845138,湯浅　京己,2021,阪　神,3,0,0,0,0,0,0,0,0,0,21,3,10,0,2,0,2,2,0,7,6,18,0.01,3.79,4.0,1.0,0.0,6.0,6.0,B
41845138,湯浅　京己,2022,阪　神,59,2,3,0,43,45,0,0,0,0.4,221,58,38,1,12,0,67,2,0,7,7,1.09,1.64,1.65,0.86,5.58,24.9,10.4,1.86,A
81285112,平野　佳寿,2011,オリックス,72,6,2,2,43,49,0,0,0,0.75,317,83.2,48,4,17,2,99,5,0,18,18,1.94,1.99,2.06,0.78,5.82,25.9,10.65,2.04,A
81285112,平野　佳寿,2012,オリックス,70,7,4,9,21,28,0,0,0,0.636,307,79.2,65,4,5,2,80,6,0,21,19,2.15,1.92,2.03,0.88,16.0,24.4,9.04,0.79,A
81285112,平野　佳寿,2013,オリックス,60,2,5,31,9,11,0,0,0,0.286,258,62.2,57,2,14,1,71,1,0,16,13,1.87,1.54,1.99,1.13,5.07,22.1,10.2,2.15,A
81285112,平野　佳寿,2014,オリックス,62,1,6,40,8,9,0,0,0,0.143,238,60.1,52,6,13,0,70,1,1,23,23,3.43,0.98,2.74,1.08,5.38,23.9,10.44,1.94,B
81285112,平野　佳寿,2015,オリックス,33,0,3,12,10,10,0,0,0,0,136,31,29,4,14,1,39,5,0,14,14,4.06,0.16,3.73,1.39,2.79,18.4,11.32,4.35,B
81285112,平野　佳寿,2016,オリックス,58,4,4,31,8,12,0,0,0,0.5,237,61,44,2,16,1,57,4,0,13,13,1.92,1.14,2.51,0.98,3.56,17.3,8.41,2.51,B
81285112,平野　佳寿,2017,オリックス,58,3,7,29,8,11,0,0,0,0.3,240,57.1,57,5,16,1,47,2,0,19,17,2.67,0.44,3.5,1.27,2.94,12.9,7.38,2.67,B
81285112,平野　佳寿,2021,オリックス,46,1,3,29,3,4,0,0,0,0.25,163,43,30,4,9,0,37,1,0,11,11,2.3,0.46,3.24,0.91,4.11,17.2,7.74,1.88,B
81285112,平野　佳寿,2022,オリックス,48,3,2,28,8,11,0,0,0,0.6,175,46,25,3,12,2,42,1,0,8,8,1.57,0.59,3.05,0.8,3.5,17.1,8.22,2.74,B
81285112,平野　佳寿,2023,オリックス,42,3,2,29,5,8,0,0,0,0.6,167,40,36,1,13,0,24,1,0,5,5,1.12,0.44,3.22,1.23,1.85,6.6,5.4,2.92,B
81285112,平野　佳寿,2024,オリックス,12,1,1,7,1,2,0,0,0,0.5,58,10.2,19,1,5,0,11,0,0,10,5,4.22,0.06,3.68,2.25,2.2,10.3,9.28,4.22,B
81285112,平野　佳寿,2025,オリックス,3,0,1,1,0,0,0,0,0,0,14,2.1,5,1,2,0,1,0,0,4,4,15.43,-0.16,10.41,3.0,0.5,-7.1,3.86,7.71,B
81985157,曽谷　龍平,2023,オリックス,10,1,2,0,0,0,0,0,0,0.333,138,32.2,33,0,15,1,27,2,0,16,14,3.86,0.46,2.94,1.47,1.8,8.7,7.44,4.41,B
81985157,曽谷　龍平,2024,オリックス,20,7,11,0,0,0,0,0,0,0.389,490,119,112,4,27,1,117,1,0,37,31,2.34,2.52,2.3,1.17,4.33,18.4,8.85,2.12,A
23125151,横山　陸人,2021,千葉ロッテ,10,0,0,0,0,0,0,0,0,0,48,9.2,14,1,3,2,11,0,0,6,5,4.66,0.05,3.74,1.76,3.67,16.7,10.24,4.66,B
31635134,畠　世周,2024,読　売,1,0,0,0,0,0,0,0,0,0,10,3,1,1,0,0,3,0,0,1,1,3,-0.04,5.45,0.33,3.0,30.0,9.0,0.0,B
81885138,横川　凱,2021,読　売,2,0,1,0,0,0,0,0,0,0,37,8,9,2,2,0,9,0,0,4,3,3.38,-0.06,4.87,1.38,4.5,18.9,10.12,2.25,B
81885138,横川　凱,2022,読　売,1,0,1,0,0,0,0,0,0,0,17,3,7,0,1,0,0,0,0,5,5,15,0.0,4.12,2.67,0.0,-5.9,0.0,3.0,B
81885138,横川　凱,2023,読　売,20,4,8,0,0,2,0,0,0,0.333,348,84.1,79,10,24,4,46,2,0,38,37,3.95,-0.34,4.57,1.22,1.92,6.3,4.91,2.99,B
81885138,横川　凱,2024,読　売,12,3,1,0,0,2,0,0,0,0.75,111,28.2,23,0,10,0,9,0,0,4,3,0.94,0.21,3.54,1.15,0.9,-0.9,2.83,3.14,B
81885138,横川　凱,2025,読　売,25,2,0,0,1,1,0,0,0,1,269,66,63,5,16,3,41,0,1,20,19,2.59,0.35,3.73,1.2,2.56,9.3,5.59,2.59,B
91095134,高梨　雄平,2017,東北楽天,46,1,0,0,14,15,0,0,0,1,183,43.2,31,2,17,2,48,0,0,13,5,1.03,0.67,2.82,1.1,2.82,16.9,9.89,3.92,B
91095134,高梨　雄平,2018,東北楽天,70,1,4,1,16,17,0,0,0,0.2,212,48,38,1,23,6,53,0,0,21,13,2.44,0.64,3.0,1.27,2.3,14.2,9.94,5.44,B
91095134,高梨　雄平,2019,東北楽天,48,2,1,0,14,16,0,0,0,0.667,146,31.1,25,0,23,4,41,0,0,8,8,2.3,0.39,3.09,1.53,1.78,12.3,11.78,7.76,B
91095134,高梨　雄平,2020,読　売,44,1,1,2,21,22,0,0,0,0.5,141,37.1,17,2,13,6,37,1,1,10,8,1.93,0.35,3.36,0.8,2.85,17.0,8.92,4.58,B
91095134,高梨　雄平,2021,読　売,55,2,2,1,20,22,0,0,0,0.5,171,39,34,2,21,5,47,2,0,17,16,3.69,0.36,3.38,1.41,2.24,15.2,10.85,6.0,B
91095134,高梨　雄平,2022,読　売,59,2,0,0,25,27,0,0,0,1,195,46.1,32,1,19,4,44,1,0,13,11,2.14,0.62,2.99,1.1,2.32,12.8,8.55,4.47,B
91095134,高梨　雄平,2023,読　売,55,2,1,0,23,25,0,0,0,0.667,185,43,32,7,19,4,49,0,1,21,20,4.19,-0.17,4.56,1.19,2.58,16.2,10.26,4.81,B
91095134,高梨　雄平,2024,読　売,51,4,3,0,25,29,0,0,0,0.571,145,35.1,26,1,15,0,29,1,0,9,8,2.04,0.42,3.12,1.16,1.93,9.7,7.39,3.82,B
91095134,高梨　雄平,2025,読　売,21,0,1,0,5,5,0,0,0,0,74,15,14,0,14,3,16,0,1,6,6,3.6,-0.03,4.39,1.87,1.14,2.7,9.6,10.2,B
91795155,京本　眞,2024,読　売,4,0,0,0,0,0,0,0,0,0,20,5,4,0,2,1,3,0,0,2,2,3.6,0.03,3.72,1.2,1.5,5.0,5.4,5.4,B
1305138,大貫　晋一,2019,横浜DeNA,15,6,5,0,0,0,0,0,0,0.545,302,66.2,81,7,25,2,54,1,0,38,37,4.99,0.09,4.08,1.59,2.16,9.6,7.29,3.64,B
1305138,大貫　晋一,2020,横浜DeNA,19,10,6,0,0,0,1,0,1,0.625,452,113.2,96,13,29,3,81,0,1,34,32,2.53,0.22,4.03,1.1,2.79,11.5,6.41,2.53,B
1305138,大貫　晋一,2021,横浜DeNA,22,6,7,0,0,0,0,0,0,0.462,499,112,137,9,30,3,106,3,0,57,54,4.34,1.3,3.16,1.49,3.53,15.2,8.52,2.65,B
1305138,大貫　晋一,2022,横浜DeNA,24,11,8,0,0,0,0,0,0,0.579,562,136.2,126,13,36,8,118,4,0,48,42,2.77,0.92,3.6,1.19,3.28,14.6,7.77,2.9,B
1305138,大貫　晋一,2023,横浜DeNA,13,5,4,0,0,0,1,1,0,0.556,304,76.1,57,6,18,4,55,0,0,27,25,2.95,0.54,3.57,0.98,3.06,12.2,6.48,2.59,B
1305138,大貫　晋一,2024,横浜DeNA,15,6,7,0,0,0,0,0,0,0.462,370,88.1,78,6,24,4,58,0,1,35,28,2.85,0.55,3.64,1.15,2.42,9.2,5.91,2.85,B
1305138,大貫　晋一,2025,横浜DeNA,11,2,6,0,0,0,1,1,0,0.25,274,67,67,4,13,3,44,0,0,24,23,3.09,0.67,3.3,1.19,3.38,11.3,5.91,2.15,B
1905139,平良　拳太郎,2016,読　売,1,0,1,0,0,0,0,0,0,0,18,3.2,4,1,3,0,4,0,0,4,4,9.82,-0.11,6.94,1.91,1.33,5.6,9.82,7.36,B
1905139,平良　拳太郎,2017,横浜DeNA,4,1,3,0,0,0,0,0,0,0.25,71,14,21,4,9,1,6,0,0,16,11,7.07,-0.61,8.12,2.14,0.67,-4.2,3.86,6.43,B
83185134,山岡　泰輔,2020,オリックス,12,4,5,0,0,0,1,0,0,0.444,284,69.1,68,7,21,2,64,3,0,22,20,2.6,0.48,3.58,1.28,3.05,15.1,8.31,2.99,B
83185134,山岡　泰輔,2021,オリックス,12,3,4,0,0,0,0,0,0,0.429,297,69.1,64,7,20,3,74,1,0,30,30,3.89,0.7,3.29,1.21,3.7,18.2,9.61,2.99,B
83185134,山岡　泰輔,2022,オリックス,22,6,8,0,1,1,2,1,0,0.429,518,128,118,6,27,7,99,2,0,42,37,2.6,1.74,2.98,1.13,3.67,13.9,6.96,2.39,A
83185134,山岡　泰輔,2023,オリックス,31,2,1,3,8,9,0,0,0,0.667,390,94,75,4,33,3,97,7,0,26,24,2.3,1.51,2.76,1.15,2.94,16.4,9.29,3.45,A
83185134,山岡　泰輔,2024,オリックス,6,0,0,0,1,1,0,0,0,0,21,5.1,5,1,1,0,5,0,0,2,2,3.38,-0.0,4.25,1.12,5.0,19.0,8.44,1.69,B
83185134,山岡　泰輔,2025,オリックス,41,5,3,0,13,18,0,0,0,0.625,158,36,42,1,8,2,32,0,0,17,17,4.25,0.67,2.54,1.39,4.0,15.2,8.0,2.5,B
83185150,山口　廉王,2025,オリックス,1,0,0,0,0,0,0,0,0,0,4,1,0,0,1,0,0,0,0,0,0,0,-0.02,6.12,1.0,0.0,-25.0,0.0,9.0,B
1005157,田中　晴也,2024,千葉ロッテ,4,1,1,0,0,0,0,0,0,0.5,79,20,14,2,6,0,17,0,0,9,4,1.8,0.13,3.62,1.0,2.83,13.9,7.65,2.7,B
1005157,田中　晴也,2025,千葉ロッテ,13,3,5,0,0,0,0,0,0,0.375,316,76.1,63,4,27,1,77,6,0,24,21,2.48,1.12,2.88,1.18,2.85,15.8,9.08,3.3,B
1205118,西野　勇士,2013,千葉ロッテ,24,9,6,0,0,0,0,0,0,0.6,588,139.2,140,5,40,3,106,8,0,61,59,3.8,1.88,2.99,1.29,2.65,11.2,6.83,2.77,A
1205118,西野　勇士,2014,千葉ロッテ,57,1,1,31,9,10,0,0,0,0.5,219,58,33,4,15,0,63,3,0,12,12,1.86,1.02,2.62,0.83,4.2,21.9,9.78,2.33,B
1205118,西野　勇士,2015,千葉ロッテ,54,1,2,34,4,5,0,0,0,0.333,219,54,44,1,12,1,71,8,0,13,11,1.83,1.65,1.45,1.04,5.92,26.9,11.83,2.17,A
1905139,平良　拳太郎,2018,横浜DeNA,13,5,3,0,0,0,0,0,0,0.625,284,67,65,9,29,0,53,2,0,29,26,3.49,-0.28,4.58,1.4,1.83,8.5,7.12,3.9,B
1905139,平良　拳太郎,2019,横浜DeNA,15,5,6,0,0,0,0,0,0,0.455,289,70,68,9,17,0,55,0,1,34,32,4.11,0.2,3.95,1.21,3.24,13.1,7.07,2.19,B
23325155,八木　彬,2023,千葉ロッテ,3,0,0,0,0,0,0,0,0,0,20,3,9,1,2,0,2,0,0,6,6,18,-0.13,8.12,3.67,1.0,0.0,6.0,6.0,B
51555130,小野　郁,2015,東北楽天,4,0,0,0,0,0,0,0,0,0,27,5,10,1,4,1,0,1,0,8,8,14.4,-0.25,8.72,2.8,0.0,-14.8,0.0,9.0,B
51555130,小野　郁,2016,東北楽天,11,0,0,0,0,0,0,0,0,0,69,13.1,20,1,9,0,7,3,0,14,13,8.78,-0.13,5.07,2.17,0.78,-2.9,4.72,6.07,B
51555130,小野　郁,2017,東北楽天,2,0,0,0,0,0,0,0,0,0,8,2,2,2,0,0,1,0,0,2,2,9,-0.24,15.12,1.0,1.0,12.5,4.5,0.0,B
51555130,小野　郁,2018,東北楽天,9,0,1,0,0,0,0,0,0,0,42,10.1,9,1,4,2,9,0,0,4,4,3.48,-0.02,4.38,1.26,2.25,11.9,7.84,5.23,B
51555130,小野　郁,2019,東北楽天,13,0,0,0,0,0,0,0,0,0,87,18.2,26,3,5,2,14,1,0,13,13,6.27,-0.13,4.83,1.66,2.8,10.3,6.75,3.38,B
31635155,長谷川　威展,2023,北海道日本ハム,9,0,0,0,0,0,0,0,0,0,35,8.1,8,0,3,1,5,0,0,1,1,1.08,0.08,3.36,1.32,1.67,5.7,5.4,4.32,B
31635155,長谷川　威展,2024,福岡ソフトバンク,32,4,0,0,6,10,0,0,0,1,108,25.1,20,1,10,0,21,0,0,7,7,2.49,0.29,3.16,1.18,2.1,10.2,7.46,3.55,B
31735150,川口　冬弥,2025,福岡ソフトバンク,5,0,0,0,0,0,0,0,0,0,21,6,3,0,1,0,7,0,0,0,0,0,0.19,1.29,0.67,7.0,28.6,10.5,1.5,B
3105136,山本　拓実,2019,中　日,9,3,3,0,0,0,0,0,0,0.5,194,45.1,39,4,24,1,27,3,0,15,15,2.98,-0.27,4.73,1.39,1.12,1.5,5.36,4.96,B
3105136,山本　拓実,2020,中　日,9,1,3,0,0,0,0,0,0,0.25,133,29,31,4,17,1,25,0,0,20,18,5.59,-0.27,5.05,1.66,1.47,6.0,7.76,5.59,B
3105136,山本　拓実,2021,中　日,9,1,0,0,0,1,0,0,0,1,67,14,16,1,8,1,12,0,0,10,10,6.43,-0.01,4.26,1.71,1.5,6.0,7.71,5.79,B
3105136,山本　拓実,2022,中　日,30,1,0,0,4,5,0,0,0,1,131,30,24,2,17,1,19,1,0,13,12,3.6,-0.11,4.52,1.37,1.12,1.5,5.7,5.4,B
41645153,根本　悠楓,2024,北海道日本ハム,2,0,0,0,0,0,0,0,0,0,29,4.1,7,0,7,1,4,1,0,8,7,14.54,-0.13,6.81,3.23,0.57,-10.3,8.31,16.62,B
41945138,清宮　虎多朗,2024,東北楽天,3,0,0,0,0,0,0,0,0,0,16,3,4,0,3,0,1,1,0,4,4,12,-0.04,5.45,2.33,0.33,-12.5,3.0,9.0,B
51055133,島本　浩也,2015,阪　神,18,0,0,0,1,1,0,0,0,0,93,18.1,31,6,8,1,12,0,0,19,18,8.84,-0.68,7.54,2.13,1.5,4.3,5.89,4.42,B
1605159,日當　直喜,2025,東北楽天,1,1,0,0,0,1,0,0,0,1,3,1,0,0,0,0,2,0,0,0,0,0,0.06,-0.88,0.0,2.0,66.7,18.0,0.0,B
1905138,鈴木　翔天,2020,東北楽天,2,0,0,0,0,0,0,0,0,0,8,1.1,2,1,1,2,1,0,0,2,2,13.5,-0.21,18.12,2.25,1.0,0.0,6.75,20.25,B
21725139,今野　龍太,2017,東北楽天,1,0,0,0,0,0,0,0,0,0,6,1,2,1,1,0,1,0,0,3,3,27,-0.14,17.12,3.0,1.0,0.0,9.0,9.0,B
61065150,篠原　響,2025,埼玉西武,2,0,1,0,0,0,0,0,0,0,39,7,15,1,2,1,8,0,0,8,8,10.29,0.02,3.98,2.43,4.0,15.4,10.29,3.86,B
61465151,浜屋　将太,2024,埼玉西武,1,0,0,0,0,0,0,0,0,0,15,2.1,3,0,3,1,1,0,0,4,3,11.57,-0.08,7.41,2.57,0.33,-13.3,3.86,15.43,B
61465151,浜屋　将太,2025,埼玉西武,16,0,0,0,0,0,0,0,0,0,60,14,13,0,10,0,12,1,0,8,7,4.5,0.1,3.55,1.64,1.2,3.3,7.71,6.43,B
63165136,與座　海人,2020,埼玉西武,8,2,4,0,0,0,0,0,0,0.333,169,38,47,5,13,2,18,0,0,23,23,5.45,-0.37,5.07,1.58,1.38,3.0,4.26,3.55,B
31635134,畠　世周,2017,読　売,13,6,4,0,0,0,0,0,0,0.6,288,72.1,53,9,23,2,72,1,0,27,24,2.99,0.33,3.78,1.05,3.13,17.0,8.96,3.11,B
41345136,大竹　耕太郎,2025,阪　神,16,9,4,0,0,0,1,1,0,0.692,388,98,87,5,7,8,48,1,0,31,31,2.85,1.02,3.26,0.96,6.86,10.6,4.41,1.38,B
41745134,才木　浩人,2017,阪　神,2,0,0,0,1,1,0,0,0,0,13,2.2,2,0,3,0,3,0,0,0,0,0,-0.0,4.25,1.88,1.0,0.0,10.12,10.12,B
41745134,才木　浩人,2018,阪　神,22,6,10,0,1,2,0,0,0,0.375,368,82,81,12,38,5,85,5,0,46,42,4.61,-0.29,4.52,1.45,2.24,12.8,9.33,4.72,B
41745134,才木　浩人,2019,阪　神,3,2,1,0,0,0,0,0,0,0.667,70,15.1,20,0,5,0,14,0,0,8,8,4.7,0.33,2.27,1.63,2.8,12.9,8.22,2.93,B
41745134,才木　浩人,2022,阪　神,9,4,1,0,0,0,1,1,0,0.8,186,47,40,4,11,0,43,0,0,10,8,1.53,0.58,3.1,1.09,3.91,17.2,8.23,2.11,B
41745134,才木　浩人,2023,阪　神,19,8,5,0,1,1,1,1,0,0.615,473,118.2,88,8,36,2,107,3,0,29,24,1.82,1.38,3.15,1.04,2.97,15.0,8.12,2.88,B
1905139,平良　拳太郎,2020,横浜DeNA,14,4,6,0,0,0,1,0,0,0.4,335,83.1,75,3,17,2,65,0,0,24,21,2.27,1.38,2.71,1.1,3.82,14.3,7.02,2.05,B
1905139,平良　拳太郎,2021,横浜DeNA,2,0,0,0,0,0,0,0,0,0,39,10,6,0,3,0,6,0,0,1,1,0.9,0.15,2.82,0.9,2.0,7.7,5.4,2.7,B
1905139,平良　拳太郎,2023,横浜DeNA,11,4,4,0,0,0,0,0,0,0.5,246,59.1,58,5,13,0,61,1,0,23,23,3.49,0.91,2.82,1.2,4.69,19.5,9.25,1.97,B
1905139,平良　拳太郎,2024,横浜DeNA,4,2,0,0,0,0,1,1,1,1,108,29.2,24,1,2,0,22,0,0,4,4,1.21,0.63,2.28,0.88,11.0,18.5,6.67,0.61,B
1905139,平良　拳太郎,2025,横浜DeNA,12,4,3,0,1,1,1,1,1,0.571,228,55,54,5,11,1,46,0,0,19,18,2.95,0.56,3.28,1.18,4.18,15.4,7.53,1.96,B
11015151,坂本　裕哉,2020,横浜DeNA,10,4,1,0,0,0,0,0,0,0.8,200,46,48,10,17,3,29,1,0,30,29,5.67,-0.91,5.99,1.41,1.71,6.0,5.67,3.91,B
81285132,中川　皓太,2016,読　売,2,0,0,0,0,0,0,0,0,0,11,2,4,2,1,0,2,0,0,3,3,13.5,-0.25,15.62,2.5,2.0,9.1,9.0,4.5,B
81285132,中川　皓太,2017,読　売,18,0,0,0,0,0,0,0,0,0,107,25,28,2,4,2,19,0,1,12,12,4.32,0.23,3.36,1.28,4.75,14.0,6.84,2.16,B
81285132,中川　皓太,2018,読　売,30,1,0,1,3,4,0,0,0,1,165,37.2,47,7,8,1,31,2,0,24,21,5.02,-0.17,4.61,1.46,3.88,13.9,7.41,2.15,B
81285132,中川　皓太,2019,読　売,67,4,3,16,17,21,0,0,0,0.571,270,64.2,57,3,18,2,74,0,0,19,17,2.37,1.32,2.36,1.16,4.11,20.7,10.3,2.78,B
81285132,中川　皓太,2020,読　売,37,2,1,6,15,17,0,0,0,0.667,139,36,24,1,10,1,26,0,0,4,4,1,0.5,2.95,0.94,2.6,11.5,6.5,2.75,B
81285132,中川　皓太,2021,読　売,58,4,3,1,25,29,0,0,0,0.571,220,54.2,47,2,10,5,49,0,0,17,15,2.47,0.96,2.63,1.04,4.9,17.7,8.07,2.47,B
81285132,中川　皓太,2023,読　売,44,1,4,14,17,18,0,0,0,0.2,172,43.1,37,3,9,1,38,0,0,10,10,2.08,0.6,2.96,1.06,4.22,16.9,7.89,2.08,B
81285132,中川　皓太,2024,読　売,15,0,2,0,7,7,0,0,0,0,60,12.1,19,3,3,0,7,0,0,12,12,8.76,-0.23,5.88,1.78,2.33,6.7,5.11,2.19,B
81285132,中川　皓太,2025,読　売,63,2,4,0,36,38,0,0,0,0.333,225,52.1,55,4,12,3,57,0,0,16,13,2.24,0.82,2.8,1.28,4.75,20.0,9.8,2.58,B
81885138,横川　凱,2020,読　売,2,0,0,0,0,0,0,0,0,0,20,5.2,4,1,1,0,2,0,0,1,1,1.59,-0.07,5.24,0.88,2.0,5.0,3.18,1.59,B
11015151,坂本　裕哉,2021,横浜DeNA,16,4,6,0,0,0,0,0,0,0.4,310,70.1,89,9,22,3,46,2,0,43,41,5.25,-0.27,4.54,1.58,2.09,7.7,5.89,3.2,B
11015151,坂本　裕哉,2022,横浜DeNA,15,0,5,0,0,0,0,0,0,0,212,48,52,9,21,3,28,1,0,33,33,6.19,-0.9,5.89,1.52,1.33,3.3,5.25,4.5,B
11015151,坂本　裕哉,2023,横浜DeNA,13,0,1,0,0,0,0,0,0,0,111,25,27,2,12,2,13,1,0,16,16,5.76,-0.17,4.8,1.56,1.08,0.9,4.68,5.04,B
11015151,坂本　裕哉,2024,横浜DeNA,48,1,1,0,13,14,0,0,0,0.5,190,45,43,3,12,1,39,3,0,16,11,2.2,0.54,3.12,1.22,3.25,14.2,7.8,2.6,B
11015151,坂本　裕哉,2025,横浜DeNA,35,4,1,0,4,8,0,0,0,0.8,157,37,35,2,10,1,33,2,0,14,13,3.16,0.52,2.93,1.22,3.3,14.6,8.03,2.68,B
11315130,石田　健大,2015,横浜DeNA,12,2,6,0,0,0,0,0,0,0.25,300,71.2,67,6,26,1,58,3,0,23,23,2.89,0.38,3.72,1.3,2.23,10.7,7.28,3.39,B
21625130,塹江　敦哉,2024,広島東洋,53,2,0,0,16,18,0,0,0,1,174,40,39,0,16,4,38,1,0,13,7,1.57,0.66,2.72,1.38,2.38,12.6,8.55,4.5,B
21625130,塹江　敦哉,2025,広島東洋,28,0,1,1,8,8,0,0,0,0,104,21.2,26,2,8,3,28,1,0,13,13,5.4,0.23,3.26,1.57,3.5,19.2,11.63,4.57,B
31135134,アドゥワ　誠,2018,広島東洋,53,6,2,0,5,11,0,0,0,0.75,293,67.1,62,4,36,2,30,2,0,29,28,3.74,-0.37,4.69,1.46,0.83,-2.0,4.01,5.08,B
31135134,アドゥワ　誠,2019,広島東洋,19,3,5,0,0,0,1,0,1,0.375,404,91.2,101,14,27,4,52,2,0,52,44,4.32,-0.8,4.99,1.4,1.93,6.2,5.11,3.04,B
31135134,アドゥワ　誠,2023,広島東洋,14,1,0,0,1,2,0,0,0,1,67,16.2,15,1,2,1,13,0,0,6,6,3.24,0.24,2.88,1.02,6.5,16.4,7.02,1.62,B
31135134,アドゥワ　誠,2024,広島東洋,20,6,4,0,0,0,1,1,0,0.6,452,106.1,102,9,29,5,61,0,0,43,37,3.13,0.2,4.03,1.23,2.1,7.1,5.16,2.88,B
31135134,アドゥワ　誠,2025,広島東洋,4,0,3,0,0,0,0,0,0,0,88,19,26,2,5,1,11,0,0,14,11,5.21,-0.02,4.28,1.63,2.2,6.8,5.21,2.84,B
31235133,中﨑　翔太,2012,広島東洋,12,0,1,0,1,1,0,0,0,0,84,21,15,1,8,1,14,1,0,7,6,2.57,0.12,3.69,1.1,1.75,7.1,6.0,3.86,B
31235133,中﨑　翔太,2013,広島東洋,17,2,7,0,1,2,0,0,0,0.222,273,60.1,67,7,31,1,40,1,0,41,39,5.82,-0.46,4.89,1.62,1.29,3.3,5.97,4.77,B
31235133,中﨑　翔太,2014,広島東洋,32,2,3,1,10,12,0,0,0,0.4,193,43.2,45,2,15,3,32,0,0,20,19,3.92,0.35,3.49,1.37,2.13,8.8,6.6,3.71,B
31235133,中﨑　翔太,2015,広島東洋,69,0,6,29,11,11,0,0,0,0,300,73,65,4,23,1,61,0,0,20,19,2.34,0.85,3.15,1.21,2.65,12.7,7.52,2.96,B
11415134,床田　寛樹,2019,広島東洋,25,7,6,0,0,0,1,0,0,0.538,590,139.2,131,17,48,5,101,2,0,54,46,2.96,-0.3,4.39,1.28,2.1,9.0,6.51,3.42,B
31235133,中﨑　翔太,2016,広島東洋,61,3,4,34,7,10,0,0,0,0.429,251,61.1,50,2,19,2,54,0,0,11,9,1.32,0.95,2.81,1.12,2.84,13.9,7.92,3.08,B
31235133,中﨑　翔太,2017,広島東洋,59,4,1,10,25,29,0,0,0,0.8,218,57.2,33,2,20,0,36,0,0,9,9,1.4,0.54,3.36,0.92,1.8,7.3,5.62,3.12,B
31235133,中﨑　翔太,2018,広島東洋,68,4,2,32,6,10,0,0,0,0.667,293,66.1,66,7,29,1,56,0,0,23,20,2.71,0.03,4.16,1.43,1.93,9.2,7.6,4.07,B
31235133,中﨑　翔太,2019,広島東洋,36,3,3,9,5,8,0,0,0,0.5,171,35.1,44,3,17,2,23,0,0,24,16,4.08,-0.13,4.54,1.73,1.35,3.5,5.86,4.84,B
31235133,中﨑　翔太,2020,広島東洋,6,1,0,0,0,1,0,0,0,1,25,5,8,3,3,0,3,0,0,5,5,9,-0.41,11.52,2.2,1.0,0.0,5.4,5.4,B
31235133,中﨑　翔太,2021,広島東洋,4,0,0,0,0,0,0,0,0,0,24,4,9,0,2,0,1,0,0,8,6,13.5,0.0,4.12,2.75,0.5,-4.2,2.25,4.5,B
31235133,中﨑　翔太,2022,広島東洋,28,2,5,0,7,9,0,0,0,0.286,108,23.2,27,6,10,1,18,0,0,19,17,6.46,-0.55,6.29,1.56,1.8,7.4,6.85,4.18,B
31935138,島内　颯太郎,2019,広島東洋,25,0,0,0,0,0,0,0,0,0,127,28.2,19,1,19,2,33,1,0,15,14,4.4,0.23,3.47,1.33,1.74,11.0,10.36,6.59,B
31935138,島内　颯太郎,2020,広島東洋,38,1,0,0,4,5,0,0,0,1,166,37.2,29,1,28,1,48,1,0,23,19,4.54,0.41,3.23,1.51,1.71,12.0,11.47,6.93,B
31935138,島内　颯太郎,2021,広島東洋,51,0,2,0,15,15,0,0,0,0,205,49,44,4,14,0,51,2,0,20,17,3.12,0.68,2.96,1.18,3.64,18.0,9.37,2.57,B
31935138,島内　颯太郎,2022,広島東洋,22,0,3,0,7,7,0,0,0,0,91,19,21,2,11,1,20,2,0,13,8,3.79,-0.02,4.28,1.68,1.82,9.9,9.47,5.68,B
31935138,島内　颯太郎,2023,広島東洋,62,3,3,2,39,42,0,0,0,0.5,235,58.1,50,3,17,0,64,4,1,17,15,2.31,1.12,2.47,1.15,3.76,20.0,9.87,2.62,B
31935138,島内　颯太郎,2024,広島東洋,58,11,6,0,24,35,0,0,0,0.647,238,55.1,43,2,27,2,53,4,0,20,17,2.77,0.59,3.25,1.27,1.96,10.9,8.62,4.72,B
31935138,島内　颯太郎,2025,広島東洋,60,4,2,1,29,33,0,0,0,0.667,224,57.2,30,1,21,1,57,2,0,11,9,1.4,1.08,2.51,0.88,2.71,16.1,8.9,3.43,B
41045159,髙　太一,2024,広島東洋,1,0,0,0,1,1,0,0,0,0,8,2,1,0,1,0,2,0,0,0,0,0,0.04,2.62,1.0,2.0,12.5,9.0,4.5,B
41045159,髙　太一,2025,広島東洋,8,3,2,0,0,0,1,0,0,0.6,179,45.1,34,3,13,1,32,0,0,13,13,2.58,0.36,3.5,1.04,2.46,10.6,6.35,2.78,B
41245151,玉村　昇悟,2021,広島東洋,17,4,7,0,0,0,0,0,0,0.364,432,101,95,13,40,1,67,0,0,47,43,3.83,-0.54,4.68,1.34,1.68,6.2,5.97,3.65,B
41245151,玉村　昇悟,2022,広島東洋,9,2,2,0,0,0,0,0,0,0.5,188,43.2,46,2,13,1,21,0,0,19,19,3.92,0.24,3.72,1.35,1.62,4.3,4.33,2.89,B
41245151,玉村　昇悟,2023,広島東洋,9,3,1,0,0,0,0,0,0,0.75,199,45.1,52,9,11,2,44,0,0,28,25,4.96,-0.21,4.62,1.39,4.0,16.6,8.74,2.58,B
41245151,玉村　昇悟,2024,広島東洋,15,4,5,0,0,0,2,0,1,0.444,311,76,77,3,11,2,58,1,0,32,25,2.96,1.33,2.62,1.16,5.27,15.1,6.87,1.54,B
41245151,玉村　昇悟,2025,広島東洋,17,6,8,0,0,0,0,0,0,0.429,368,88.1,92,3,13,3,71,0,0,40,38,3.87,1.67,2.5,1.19,5.46,15.8,7.23,1.63,A
41745155,黒原　拓未,2022,広島東洋,12,0,0,0,1,1,0,0,0,0,44,9.2,11,0,4,1,11,0,1,7,7,6.52,0.19,2.4,1.55,2.75,15.9,10.24,4.66,B
41745155,黒原　拓未,2023,広島東洋,5,0,1,0,0,0,0,0,0,0,69,12.2,21,1,10,0,13,2,0,15,15,10.66,-0.04,4.46,2.45,1.3,4.3,9.24,7.11,B
41745155,黒原　拓未,2024,広島東洋,53,4,3,0,3,7,0,0,0,0.571,244,59.2,40,2,20,3,67,0,0,15,14,2.11,1.15,2.47,1.01,3.35,19.3,10.11,3.47,B
51655157,長谷部　銀次,2024,広島東洋,5,0,0,0,1,1,0,0,0,0,25,7,1,0,5,0,4,0,0,0,0,0,0.01,4.12,0.86,0.8,-4.0,5.14,6.43,B
51655157,長谷部　銀次,2025,広島東洋,5,0,0,0,0,0,0,0,0,0,30,5.1,9,0,4,1,7,0,0,9,9,15.19,0.05,3.31,2.44,1.75,10.0,11.81,8.44,B
53155151,森下　暢仁,2020,広島東洋,18,10,3,0,0,0,2,1,1,0.769,485,122.2,102,6,32,4,124,2,0,30,26,1.91,2.16,2.61,1.09,3.88,19.0,9.1,2.64,A
53155151,森下　暢仁,2021,広島東洋,24,8,7,0,0,0,1,1,0,0.533,672,163.1,144,16,52,3,132,6,0,55,54,2.98,0.75,3.79,1.2,2.54,11.9,7.27,3.03,B
53155151,森下　暢仁,2022,広島東洋,27,10,8,0,0,0,3,2,0,0.556,764,178.2,195,13,44,8,133,3,1,67,63,3.17,1.49,3.45,1.34,3.02,11.6,6.7,2.62,B
53155151,森下　暢仁,2023,広島東洋,20,9,6,0,0,0,3,1,0,0.6,544,131.2,127,10,36,2,94,3,0,49,44,3.01,0.96,3.55,1.24,2.61,10.7,6.43,2.6,B
53155151,森下　暢仁,2024,広島東洋,23,10,10,0,0,0,2,1,1,0.5,612,151.2,137,6,29,7,98,2,0,46,43,2.55,1.93,3.05,1.09,3.38,11.3,5.82,2.14,A
53155151,森下　暢仁,2025,広島東洋,22,6,14,0,0,0,3,0,1,0.3,622,152.1,140,6,37,5,92,1,0,53,42,2.48,1.61,3.25,1.16,2.49,8.8,5.44,2.48,A
61065151,鈴木　健矢,2020,北海道日本ハム,11,0,1,0,0,0,0,0,0,0,55,11.1,15,0,7,0,11,0,0,10,10,7.94,0.15,3.03,1.94,1.57,7.3,8.74,5.56,B
61065151,鈴木　健矢,2021,北海道日本ハム,21,0,0,0,0,0,0,0,0,0,84,19.1,17,1,7,3,11,0,0,10,9,4.19,-0.0,4.21,1.24,1.57,4.8,5.12,4.66,B
61065151,鈴木　健矢,2022,北海道日本ハム,19,2,1,0,3,4,0,0,0,0.667,159,38,33,2,13,4,25,1,0,12,12,2.84,0.16,3.83,1.21,1.92,7.5,5.92,4.03,B
61065151,鈴木　健矢,2023,北海道日本ハム,24,6,4,0,1,2,0,0,0,0.6,273,65,59,3,21,3,23,0,0,24,19,2.63,0.06,4.12,1.23,1.1,0.7,3.18,3.32,B
61065151,鈴木　健矢,2024,北海道日本ハム,8,1,2,0,1,1,0,0,0,0.333,90,23,17,3,7,1,6,0,0,7,7,2.74,-0.29,5.34,1.04,0.86,-1.1,2.35,3.13,B
61065151,鈴木　健矢,2025,広島東洋,24,2,0,0,0,2,0,0,0,1,137,33.1,27,1,8,3,19,0,1,8,7,1.89,0.31,3.36,1.05,2.38,8.0,5.13,2.97,B
61365139,大瀬良　大地,2014,広島東洋,26,10,8,0,0,0,3,1,0,0.556,648,151,165,20,40,3,116,5,0,80,68,4.05,0.07,4.16,1.36,2.9,11.7,6.91,2.56,B
61365139,大瀬良　大地,2015,広島東洋,51,3,8,2,20,22,2,0,0,0.273,475,109.1,111,5,31,1,97,4,0,53,38,3.13,1.68,2.82,1.3,3.13,13.9,7.98,2.63,A
61365139,大瀬良　大地,2016,広島東洋,17,3,1,0,4,7,0,0,0,0.75,87,21.2,15,2,6,1,24,1,0,8,8,3.32,0.27,3.07,0.97,4.0,20.7,9.97,2.91,B
61365139,大瀬良　大地,2017,広島東洋,24,10,2,0,0,0,0,0,0,0.833,617,145.2,143,12,43,1,109,9,0,68,59,3.65,0.97,3.6,1.28,2.53,10.7,6.73,2.72,B
61365139,大瀬良　大地,2018,広島東洋,27,15,7,0,0,0,2,0,1,0.682,727,182,143,22,41,4,159,4,0,65,53,2.62,1.04,3.69,1.01,3.88,16.2,7.86,2.23,B
61365139,大瀬良　大地,2019,広島東洋,26,11,9,0,0,0,6,2,3,0.55,712,173.1,176,22,35,4,136,4,0,72,68,3.53,0.62,3.88,1.22,3.89,14.2,7.06,2.02,B
61365139,大瀬良　大地,2020,広島東洋,11,5,4,0,0,0,2,0,0,0.556,272,63.1,70,6,14,1,38,0,0,33,31,4.41,0.24,3.86,1.33,2.71,8.8,5.4,2.13,B
61365139,大瀬良　大地,2021,広島東洋,23,10,5,0,0,0,1,1,0,0.667,600,146.2,136,12,31,5,102,1,0,57,50,3.07,1.09,3.53,1.14,3.29,11.8,6.26,2.21,B
61365139,大瀬良　大地,2022,広島東洋,23,8,9,0,0,0,3,2,3,0.471,583,135.1,156,18,27,2,97,0,0,73,71,4.72,0.21,4.06,1.35,3.59,12.0,6.45,1.93,B
61365139,大瀬良　大地,2023,広島東洋,23,6,11,0,0,0,0,0,0,0.353,539,129.2,117,15,33,4,103,2,0,53,52,3.61,0.44,3.89,1.16,3.12,13.0,7.15,2.57,B
61365139,大瀬良　大地,2024,広島東洋,25,6,6,0,0,0,2,1,0,0.5,627,155,118,5,49,3,98,0,0,37,32,1.86,1.58,3.28,1.08,2.0,7.8,5.69,3.02,A
61365139,大瀬良　大地,2025,広島東洋,23,7,9,0,0,0,0,0,0,0.438,571,134.2,131,11,38,2,88,4,0,57,52,3.48,0.65,3.77,1.25,2.32,8.8,5.88,2.67,B
61765157,斉藤　優汰,2025,広島東洋,2,0,1,0,0,0,0,0,0,0,26,5.2,7,1,2,0,7,2,0,5,5,7.94,0.01,4.0,1.59,3.5,19.2,11.12,3.18,B
71075150,佐藤　柳之介,2025,広島東洋,6,1,2,0,0,0,0,0,0,0.333,108,25,22,1,13,0,17,1,0,11,10,3.6,0.1,3.84,1.4,1.31,3.7,6.12,4.68,B
71375136,遠藤　淳志,2019,広島東洋,34,1,1,1,6,7,0,0,0,0.5,188,42.2,36,1,25,1,38,3,1,19,15,3.16,0.35,3.47,1.43,1.52,6.9,8.02,5.48,B
71375136,遠藤　淳志,2020,広島東洋,19,5,6,0,0,0,2,0,1,0.455,464,107,90,13,52,4,97,2,1,53,46,3.87,-0.3,4.46,1.33,1.87,9.7,8.16,4.71,B
71375136,遠藤　淳志,2021,広島東洋,2,0,0,0,0,0,0,0,0,0,36,6.2,9,2,6,1,11,0,0,6,5,6.75,-0.2,6.87,2.25,1.83,13.9,14.85,9.45,B
71375136,遠藤　淳志,2022,広島東洋,20,4,7,0,0,0,0,0,0,0.364,434,105.1,104,17,18,3,78,0,0,47,42,3.59,-0.16,4.34,1.16,4.33,13.8,6.66,1.79,B
71375136,遠藤　淳志,2023,広島東洋,8,1,5,0,0,0,1,1,0,0.167,174,41,36,7,15,2,22,0,0,20,20,4.39,-0.6,5.51,1.24,1.47,4.0,4.83,3.73,B
71375136,遠藤　淳志,2024,広島東洋,3,0,0,0,0,0,0,0,0,0,17,4,5,0,3,0,0,0,0,2,2,4.5,-0.05,5.37,2.0,0.0,-17.6,0.0,6.75,B
71375136,遠藤　淳志,2025,広島東洋,7,1,2,0,0,0,0,0,0,0.333,68,14,19,2,6,0,15,0,0,10,9,5.79,0.01,4.12,1.79,2.5,13.2,9.64,3.86,B
71575157,河野　佳,2023,広島東洋,8,0,1,0,0,0,0,0,0,0,60,12.1,19,6,5,1,11,2,0,13,13,9.49,-0.67,9.12,1.95,2.2,10.0,8.03,4.38,B
71575157,河野　佳,2024,広島東洋,13,0,0,1,0,0,0,0,0,0,72,16.2,20,1,4,1,17,0,0,4,4,2.16,0.27,2.76,1.44,4.25,18.1,9.18,2.7,B
71775136,ケムナ　誠,2019,広島東洋,1,0,0,0,0,0,0,0,0,0,5,1,1,0,1,0,1,0,0,0,0,0,0.0,4.12,2.0,1.0,0.0,9.0,9.0,B
71775136,ケムナ　誠,2020,広島東洋,41,1,1,0,11,12,0,0,0,0.5,212,51,37,3,23,1,55,3,0,22,22,3.88,0.6,3.14,1.18,2.39,15.1,9.71,4.24,B
71775136,ケムナ　誠,2021,広島東洋,40,2,2,0,12,14,0,0,0,0.5,175,39.1,45,4,15,2,28,2,0,20,20,4.58,-0.05,4.31,1.53,1.87,7.4,6.41,3.89,B
71775136,ケムナ　誠,2022,広島東洋,43,4,0,0,14,18,0,0,0,1,172,39.1,37,1,18,3,37,1,0,21,14,3.2,0.45,3.17,1.4,2.06,11.0,8.47,4.81,B
71775136,ケムナ　誠,2023,広島東洋,24,2,0,0,1,3,0,0,0,1,113,26.2,24,1,13,0,25,2,0,12,11,3.71,0.3,3.2,1.39,1.92,10.6,8.44,4.39,B
71775136,ケムナ　誠,2024,広島東洋,5,0,0,0,0,0,0,0,0,0,25,5,6,0,5,0,5,0,0,1,1,1.8,0.0,4.12,2.2,1.0,0.0,9.0,9.0,B
73175155,松本　竜也,2022,広島東洋,50,4,2,0,4,8,0,0,0,0.667,240,55.2,58,5,15,3,54,0,0,23,22,3.56,0.55,3.32,1.31,3.6,16.2,8.73,2.91,B
73175155,松本　竜也,2023,広島東洋,13,0,3,1,8,8,0,0,0,0,50,10.1,13,2,7,0,6,0,0,6,5,4.35,-0.26,6.51,1.94,0.86,-2.0,5.23,6.1,B
73175155,松本　竜也,2024,広島東洋,12,0,1,0,0,0,0,0,0,0,50,12.2,9,1,5,0,10,0,0,4,4,2.84,0.06,3.75,1.11,2.0,10.0,7.11,3.55,B
73175155,松本　竜也,2025,広島東洋,4,0,0,0,0,0,0,0,0,0,17,3.2,4,1,1,0,4,0,0,4,2,4.91,-0.04,5.3,1.36,4.0,17.6,9.82,2.45,B
73375153,森浦　大輔,2021,広島東洋,54,3,3,0,17,20,0,0,0,0.5,206,48.1,39,3,21,4,41,3,0,18,17,3.17,0.22,3.78,1.24,1.95,9.7,7.63,4.66,B
73375153,森浦　大輔,2022,広島東洋,51,3,6,0,24,27,0,0,0,0.333,201,46.1,47,4,16,3,48,1,1,17,17,3.3,0.41,3.4,1.36,3.0,15.9,9.32,3.69,B
73375153,森浦　大輔,2023,広島東洋,13,0,0,0,0,0,0,0,0,0,57,11.2,11,1,12,0,8,2,0,8,8,6.17,-0.23,5.95,1.97,0.67,-7.0,6.17,9.26,B
73375153,森浦　大輔,2024,広島東洋,53,2,0,0,17,19,0,0,0,1,203,46.2,40,1,27,1,43,0,0,13,13,2.51,0.44,3.36,1.44,1.59,7.9,8.29,5.4,B
73375153,森浦　大輔,2025,広島東洋,60,2,3,12,25,27,0,0,0,0.4,224,55.1,44,3,15,4,60,5,0,10,10,1.63,0.93,2.69,1.07,4.0,20.1,9.76,3.09,B
73975159,Ｔ．ハーン,2024,広島東洋,35,0,1,2,17,17,0,0,0,0,129,35,18,1,7,0,26,0,0,5,5,1.29,0.62,2.61,0.71,3.71,14.7,6.69,1.8,B
73975159,Ｔ．ハーン,2025,広島東洋,55,1,2,8,21,22,0,0,0,0.333,222,51,54,3,17,3,54,4,0,20,19,3.35,0.71,2.94,1.39,3.18,16.7,9.53,3.53,B
81085157,辻　大雅,2025,広島東洋,16,0,0,0,0,0,0,0,0,0,62,16,12,2,3,0,21,0,0,2,2,1.12,0.27,2.68,0.94,7.0,29.0,11.81,1.69,B
91595150,岡本　駿,2025,広島東洋,41,1,1,0,1,2,0,0,0,0.5,169,40.2,44,1,6,1,37,1,1,13,13,2.88,0.93,2.14,1.23,6.17,18.3,8.19,1.55,B
91795150,菊地　ハルン,2025,広島東洋,4,0,0,0,0,0,0,0,0,0,15,4,2,0,1,0,1,0,0,1,1,2.25,0.04,3.37,0.75,1.0,0.0,2.25,2.25,B
91895157,益田　武尚,2023,広島東洋,8,1,0,0,0,1,0,0,0,1,43,11,8,1,3,0,12,1,0,2,2,1.64,0.15,2.94,1.0,4.0,20.9,9.82,2.45,B
91895157,益田　武尚,2024,広島東洋,10,0,0,0,3,3,0,0,0,0,45,8.1,12,2,6,2,9,0,0,6,6,6.48,-0.26,6.96,2.16,1.5,6.7,9.72,8.64,B
91895157,益田　武尚,2025,広島東洋,4,0,0,0,0,0,0,0,0,0,23,5,6,1,3,1,5,0,0,5,5,9,-0.11,6.12,1.8,1.67,8.7,9.0,7.2,B
91995153,栗林　良吏,2021,広島東洋,53,0,1,37,0,0,0,0,0,0,201,52.1,23,1,28,1,81,1,1,5,5,0.86,1.32,1.94,0.97,2.89,26.4,13.93,4.99,B
91995153,栗林　良吏,2022,広島東洋,48,0,2,31,6,6,0,0,0,0,185,48.1,22,0,15,2,59,1,0,8,8,1.49,1.32,1.73,0.77,3.93,23.8,10.99,3.17,B
91995153,栗林　良吏,2023,広島東洋,55,3,7,18,15,18,0,0,0,0.3,210,52.1,42,4,19,1,51,2,0,18,17,2.92,0.52,3.31,1.17,2.68,15.2,8.77,3.44,B
91995153,栗林　良吏,2024,広島東洋,60,0,6,38,12,12,0,0,0,0,214,55,33,3,16,2,65,3,0,14,12,1.96,1.07,2.45,0.89,4.06,22.9,10.64,2.95,B
91995153,栗林　良吏,2025,広島東洋,55,1,1,10,23,24,0,0,0,0.5,210,52.1,35,3,18,1,54,0,0,14,13,2.24,0.76,2.89,1.01,3.0,17.1,9.29,3.27,B
93395155,森　翔平,2022,広島東洋,8,1,0,0,1,1,0,0,0,1,87,19,22,1,8,1,10,2,0,5,4,1.89,0.01,4.17,1.58,1.25,2.3,4.74,4.26,B
93395155,森　翔平,2023,広島東洋,12,4,2,0,0,0,0,0,0,0.667,224,51.2,58,7,10,1,38,0,1,29,26,4.53,0.09,4.05,1.32,3.8,12.5,6.62,1.92,B
93395155,森　翔平,2024,広島東洋,5,1,3,0,0,0,1,0,0,0.25,109,26.2,25,1,4,1,17,0,0,10,8,2.7,0.39,2.9,1.09,4.25,11.9,5.74,1.69,B
93395155,森　翔平,2025,広島東洋,23,7,8,0,0,0,1,1,0,0.467,554,132,129,14,32,4,101,2,0,54,52,3.55,0.61,3.79,1.22,3.16,12.5,6.89,2.45,B
1705132,小澤　怜史,2017,福岡ソフトバンク,2,0,0,0,0,0,0,0,0,0,12,2,5,0,1,0,2,0,0,3,3,13.5,0.04,2.62,3.0,2.0,8.3,9.0,4.5,B
1705132,小澤　怜史,2022,東京ヤクルト,10,2,1,0,0,0,0,0,0,0.667,200,46,48,4,17,6,44,2,0,21,21,4.11,0.19,3.84,1.41,2.59,13.5,8.61,4.5,B
1705132,小澤　怜史,2023,東京ヤクルト,29,6,4,0,2,2,1,1,0,0.6,411,101.1,83,10,29,9,83,1,0,38,34,3.02,0.35,3.89,1.11,2.86,13.1,7.37,3.38,B
1705132,小澤　怜史,2024,東京ヤクルト,40,6,6,11,2,8,0,0,0,0.5,309,77.2,64,6,23,1,66,4,0,22,22,2.55,0.73,3.35,1.12,2.87,13.9,7.65,2.78,B
1705132,小澤　怜史,2025,東京ヤクルト,25,0,5,0,3,3,0,0,0,0,124,26.1,27,5,18,1,30,0,0,17,16,5.47,-0.37,5.47,1.71,1.67,9.7,10.25,6.49,B
3105159,松本　健吾,2024,東京ヤクルト,3,1,1,0,0,0,1,1,1,0.5,60,14.1,17,2,1,1,12,0,0,7,7,4.4,0.08,3.68,1.26,12.0,18.3,7.53,1.26,B
11415134,床田　寛樹,2025,広島東洋,26,9,12,0,0,0,6,3,3,0.429,705,171.1,158,13,42,1,102,5,0,64,60,3.15,1.01,3.67,1.17,2.43,8.5,5.36,2.26,B
21625130,塹江　敦哉,2016,広島東洋,3,0,1,0,0,0,0,0,0,0,28,6.1,6,2,4,1,6,0,0,8,8,11.37,-0.25,7.7,1.58,1.5,7.1,8.53,7.11,B
21625130,塹江　敦哉,2019,広島東洋,11,0,1,0,0,0,0,0,0,0,95,20.2,20,4,14,1,23,0,0,14,14,6.1,-0.32,5.59,1.65,1.64,9.5,10.02,6.53,B
21625130,塹江　敦哉,2020,広島東洋,52,3,4,0,19,22,0,0,0,0.429,224,49.2,50,7,31,1,41,4,0,26,23,4.17,-0.57,5.23,1.63,1.32,4.5,7.43,5.8,B
21625130,塹江　敦哉,2021,広島東洋,51,5,4,0,17,22,0,0,0,0.556,202,42.1,48,4,25,1,29,3,0,25,20,4.25,-0.29,4.82,1.72,1.16,2.0,6.17,5.53,B
21625130,塹江　敦哉,2022,広島東洋,26,3,2,0,6,9,0,0,0,0.6,73,17.1,13,1,8,1,8,5,0,6,6,3.12,-0.06,4.5,1.21,1.0,0.0,4.15,4.67,B
21625130,塹江　敦哉,2023,広島東洋,8,0,0,0,2,2,0,0,0,0,33,7,10,1,3,0,10,0,0,4,4,5.14,0.06,3.41,1.86,3.33,21.2,12.86,3.86,B
31235133,中﨑　翔太,2023,広島東洋,35,1,0,0,7,8,0,0,0,1,132,33,25,1,6,2,24,0,0,13,10,2.73,0.52,2.79,0.94,4.0,13.6,6.55,2.18,B
31235133,中﨑　翔太,2024,広島東洋,24,1,1,0,3,4,0,0,0,0.5,94,23,24,1,2,1,16,1,0,5,5,1.96,0.39,2.69,1.13,8.0,14.9,6.26,1.17,B
31235133,中﨑　翔太,2025,広島東洋,51,3,2,0,14,17,0,0,0,0.6,172,42,36,2,9,4,29,1,0,12,11,2.36,0.43,3.29,1.07,3.22,11.6,6.21,2.79,B
31235159,滝田　一希,2024,広島東洋,1,1,0,0,0,1,0,0,0,1,18,4,2,0,4,0,5,0,0,1,1,2.25,0.03,3.62,1.5,1.25,5.6,11.25,9.0,B
31235159,滝田　一希,2025,広島東洋,7,0,0,0,0,0,0,0,0,0,32,8.1,3,0,5,0,7,0,0,2,2,2.16,0.09,3.24,0.96,1.4,6.2,7.56,5.4,B
31435159,常廣　羽也斗,2024,広島東洋,2,1,0,0,0,0,0,0,0,1,52,11,15,0,4,1,7,1,0,3,3,2.45,0.12,3.21,1.73,1.75,5.8,5.73,4.09,B
31435159,常廣　羽也斗,2025,広島東洋,7,2,4,0,0,0,0,0,0,0.333,125,26,37,2,4,4,21,1,0,28,23,7.96,0.22,3.43,1.58,5.25,13.6,7.27,2.77,B
