選手名,チーム,出身地,血液型,プロ通算年,年俸,寸評
"高橋　昂也","広島東洋カープ","埼玉","A","10","1,400万円（推定）","打者の手元で変化するカットボールが武器の左腕。昨季は自己最多の24試合に登板。ショートスターターやロングリリーフなど、さまざまな起用に応えた。10年目の今季も与えられた役割をこなし、投手陣を支えたい。"
"高橋　礼","埼玉西武ライオンズ","千葉","O","9","","アンダーハンドから力強いボールを投げ込む右腕。巨人に所属した昨季は、二軍で防御率5点台と低迷。プロ入り後初めて一軍登板なしでシーズンを終えた。新天地で育成契約を結んで迎える今季は、本来の投球を取り戻したい。"
"澤田　遥斗","埼玉西武ライオンズ","北海道","A","2","280万円（推定）","優れた脚力が武器のスイッチヒッター。高卒1年目の昨季は三軍を主戦場とし、貴重な実戦経験を蓄積。体づくりに励みつつ、技術を磨いた。今季は公式戦デビューを果たし、活躍の場を二軍へ移したい。"
"佐々木　健","埼玉西武ライオンズ","青森","B","6","1,400万円（推定）","内角を強気に突く投球が特徴のサウスポー。昨季は6月に支配下復帰を果たすも、一軍では15登板で防御率5.02と結果を残せず。オフに再び育成契約となった。先発転向を決意して臨む今季は信頼を勝ち取り、2ケタの背番号を取り戻す。"
"鈴木　叶","東京ヤクルトスワローズ","静岡","O","3","600万円（推定）","打撃センスが光る捕手。昨季はコンディション不良の影響もあり、二軍での出場は33試合止まり。オフには秋季教育リーグやジャパンウインターリーグで実戦経験を積んだ。今季は春先から万全の状態で臨み、一軍での出番を増やしたい。"
"飯田　琉斗","東京ヤクルトスワローズ","神奈川","不明","1","","力強い真っすぐとスプリットが武器の右腕。2024年の日本選手権で最速155キロを記録。25年の都市対抗予選では3試合に登板し、打者10人をパーフェクトに抑えた。1年目からフル回転の働きを見せ、ブルペンに厚みをもたらす。"
"石黒　佑弥","阪神タイガース","愛知","O","3","900万円（推定）","キレのある直球を丁寧に投げ込む右腕。2年目の昨季は開幕一軍入りを果たすも、わずか1週間ほどで登録抹消。その後は故障などもあり、一軍での登板は8試合にとどまった。今季は変化球の精度を磨き、チームの戦力となりたい。"
"谷端　将伍","阪神タイガース","石川","B","1","","走攻守3拍子そろった新人内野手。日本大では3年時に東都大学リーグの首位打者を2季連続で獲得。同期間は6本塁打を放ち、パンチ力も示した。プロでも持ち前の向上心で鍛錬を積み、実績のある選手が居並ぶ一軍の高い壁に挑む。"
"谷口　朝陽","埼玉西武ライオンズ","徳島","O","3","280万円（推定）","NPB入りを機に野手へ転向した異色の育成選手。2年目の昨季は三軍で鍛錬に励み、実戦では内外野の複数ポジションでプレー。秋季教育リーグではバットで存在感を示した。今季も全体的なスキルを磨き、公式戦デビューを目指す。"
"植田　海","阪神タイガース","滋賀","O","12","2,500万円（推定）","チーム屈指の脚力を誇るユーティリティー。昨季は主に代走や守備固めとして42試合に出場。試合終盤の重要な局面で持ち味を生かし、首脳陣の起用に応えた。FA権を行使せず残留を決めた今季も、自慢の快足でチームを支える。"
"大島　洋平","中日ドラゴンズ","愛知","A","17","6,000万円（推定）","類まれなバットコントロールを誇るベテラン外野手。昨季は代打打率.186と首脳陣の起用に応えられず。出場は自己最少の59試合に終わった。今季は本来の打撃を取り戻し、衰えを感じさせない活躍を見せたい。"
"野間　峻祥","広島東洋カープ","兵庫","B","12","7,000万円（推定）","粘り強い打撃を見せるベテラン外野手。昨季は代打を中心として79試合に出場するも、打率.247と満足のいく結果を残せなかった。12年目を迎える今季は与えられた役割を全うし、首脳陣の起用に応えたい。"
"林　晃汰","広島東洋カープ","和歌山","O","8","1,200万円（推定）","豪快なスイングで長打を放つスラッガー。昨季は7月に2試合連続アーチを記録するも、シーズン全体では打率.188と低迷。前年を下回る22試合の出場に終わった。今季は変化球への対応力を向上させ、一軍の舞台で結果を残したい。"
"田中　陽翔","東京ヤクルトスワローズ","東京","B","2","650万円（推定）","優れた打撃センスを誇る若手内野手。ルーキーイヤーの昨季は二軍で75試合に出場し、打率.254をマーク。シーズン終盤には一軍で猛打賞を記録するなど、大器の片りんを見せた。今季はさらなる成長を遂げ、出場機会を増やしたい。"
"西川　篤夢","広島東洋カープ","三重","A","1","","抜群の身体能力を誇る新人内野手。高校時代は主にショートを守り、高い守備力を発揮。2年秋からはチーム事情で投手も兼務し、140キロ台に達する速球を武器に活躍した。まずはプロのスピード感に慣れ、実戦デビューに備えたい。"
"中川　拓真","東京ヤクルトスワローズ","愛知","B","6","400万円（推定）","力強いスイングが魅力の若手キャッチャー。昨季は二軍で55試合に出場するも、打率は1割台と低迷。一軍へ昇格することができず、オフに育成契約を結んだ。今季は持ち前のバッティングで結果を残し、支配下登録への返り咲きを狙う。"
"北村　恵吾","東京ヤクルトスワローズ","岐阜","O","4","1,300万円（推定）","昨季は8月に2シーズンぶりの一軍昇格を果たすと、キャリアハイの46試合に出場。5本塁打を記録するなど自慢の長打力を発揮し、シーズン終盤にはスタメン出場の機会を増やした。今季は春先から結果を残し、レギュラー奪取を狙う。"
"小澤　怜史","東京ヤクルトスワローズ","静岡","A","11","4,100万円（推定）","力のあるストレートで空振りを奪うサイドハンド。開幕からリリーフに専念した昨季は25試合に登板。好不調の波が激しく、防御率5点台に終わる悔しいシーズンとなった。今季は変化球の精度を高め、より多くの出番を勝ち取りたい。"
"古賀　優大","東京ヤクルトスワローズ","福岡","B","10","3,000万円（推定）","鋭く正確な送球が武器の捕手。昨季は75試合でスタメンマスクをかぶり、12球団トップの盗塁阻止率.500を記録。バットでも存在感を示し、充実のシーズンを過ごした。選手会長となって迎える今季も、扇の要としてナインを引っ張る。"
"小園　海斗","広島東洋カープ","兵庫","AB","8","15,000万円（推定）","昨季は自身初のタイトルとなる首位打者、最高出塁率の2冠を獲得。得点圏打率.413と抜群の勝負強さも光り、シーズンを通して打線をけん引した。今季もここぞの場面で高い集中力を発揮し、ヒットを積み重ねたい。"
"桐敷　拓馬","阪神タイガース","埼玉","O","5","8,500万円（推定）","キレのある直球を投げ込む左腕。昨季は故障などもあって4度の登録抹消を経験するも、チーム4位の43試合に登板。防御率2.84、13ホールドと一定の成績を収めた。今季は本来の投球を取り戻し、再び勝利の方程式入りを狙う。"
"宮本　丈","東京ヤクルトスワローズ","大阪","B","9","2,800万円（推定）","優れた選球眼が光るクラッチヒッター。昨季は代打を中心として80試合に出場。代打打率.309を記録し、得点圏でも3割近い打率を残した。今季も持ち前の打棒を存分に発揮し、勝負どころでの一打でファンを魅了する。"
"増居　翔太","東京ヤクルトスワローズ","滋賀","B","1","","ゲームメーク力に秀でた即戦力左腕。2024年の日本選手権では、2完封を記録してMVPを獲得。昨秋には社会人日本代表としてアジア選手権に出場し、ベストナインを受賞した。1年目から本領を発揮し、チームの勝利に貢献する。"
"清水　達也","中日ドラゴンズ","埼玉","AB","9","12,500万円（推定）","威力抜群の直球とフォークが武器のセットアッパー。昨季は4年連続で50試合登板をクリア。チームトップの30ホールドをマークするなど、フル回転の活躍を見せた。今季も勝利の方程式の一翼を担い、チームのリードを守りきる。"
"シンクレア（シンクレア　ジョセフ　孝ノ助）","埼玉西武ライオンズ","カナダ","不明","3","","長身を生かしたピッチングが持ち味の育成左腕。昨季は三軍で制球難に苦しみ、二軍での登板はゼロに終わった。3年目を迎える今季はコントロールを安定させ、支配下昇格に向けて首脳陣に成長を示したい。"
"Ｃ．ロドリゲス","中日ドラゴンズ","キューバ","不明","3","","高い身体能力を生かしたプレーが光る助っ人内野手。昨季は打率.207とバットでアピールできず。前年を下回る20試合の出場にとどまった。今季は与えられたチャンスで結果を残し、一軍の戦力となりたい。"
"森　駿太","中日ドラゴンズ","神奈川","B","2","620万円（推定）","鋭いスイングで長打を放つ若手内野手。1年目の昨季は二軍で74試合に出場し、リーグ2位の9本塁打をマーク。9月には一軍でプロ初安打を放つなど、飛躍の足がかりをつくった。今季は開幕一軍入りを目指し、春先からアピールを重ねる。"
"山﨑　照英","阪神タイガース","長崎","A","1","","積極果敢に次の塁を狙う育成外野手。昨季まで関西独立リーグの兵庫でプレーし、2024年には40試合で74盗塁を記録。25年も快足ぶりを発揮し、2年連続で盗塁王に輝いた。将来のスピードスターを目指し、実戦でアピールを重ねる。"
"村松　開人","中日ドラゴンズ","静岡","B","4","2,800万円（推定）","シュアな打撃と高い守備力が持ち味の内野手。3年目の昨季は開幕スタメンを勝ち取るも、打率1割台と結果を残せず。出場は前年を下回る54試合にとどまった。今季は打撃の確実性を向上させ、首脳陣の期待に応えたい。"
"松本　健吾","東京ヤクルトスワローズ","東京","B","3","2,000万円（推定）","多彩な変化球を高い制球力で操る右腕。2年目の昨季は救援として23試合に登板し、防御率1.87を記録。ロングリリーフをこなすなど、さまざまな場面で腕を振った。今季も首脳陣の起用に応え、チームの勝利に貢献する。"
"Ｒ．ドリス","阪神タイガース","ドミニカ共和国","不明","6","","150キロ超の速球とスプリットが光る右腕。昨季は7月中旬まで日本の独立リーグでプレー。その後6年ぶりに阪神へ復帰すると、20試合の登板で防御率1.93の好成績を収めた。今季は開幕からフル稼働し、ブルペン陣を支えたい。"
"Ｓ．コンスエグラ","阪神タイガース","ドミニカ共和国","不明","2","","痛烈な打球を放つ育成外野手。NPB1年目の昨季は5月下旬に足首を痛めた影響もあり、二軍での出場は25試合止まり。打率.148、0本塁打と持ち味をアピールできなかった。今季は打撃の確実性を高め、実戦で結果を残したい。"
"Ｄ．モレッタ","阪神タイガース","ドミニカ共和国","不明","1","","独特な軌道のスライダーが売りの助っ人右腕。2023年にはメジャーで55試合に登板。24年は右肘手術により全休となるも、昨季の後半戦では完全復活を印象づけた。NPBでも実力を示し、チームの重要なピースとなりたい。"
"佐々木　泰","広島東洋カープ","岐阜","O","2","1,800万円（推定）","積極的なバッティングを見せる中軸候補。ルーキーイヤーの昨季は度重なるケガに苦しむも、54試合の出場で打率.271をマーク。9月には15試合連続安打を記録した。今季は長打力をさらに磨き、レギュラーの座をつかみたい。"
"近藤　廉","中日ドラゴンズ","東京","A","6","900万円（推定）","カット気味の速球を投げ込むサウスポー。昨季は4月に支配下登録へ返り咲き、一軍で16試合に登板。8月以降は防御率1点台を記録するなど、安定した投球を見せた。今季はさらなる飛躍を遂げ、勝利の方程式入りを狙う。"
"髙木　翔斗","広島東洋カープ","岐阜","O","5","500万円（推定）","力強いスイングを見せる5年目捕手。昨季は二軍で30試合に出場。前年を上回る打率.234を記録するも、アピール不足に終わった。今季は攻守両面で技術向上に努め、念願の一軍デビューを目指す。"
"戸井　零士","阪神タイガース","大阪","A","4","480万円（推定）","鋭いライナーを放つ若手内野手。高卒3年目の昨季は二軍で86試合に出場。内野の全ポジションをこなす器用さを見せるも、打率.168と打撃面が振るわなかった。育成契約を結んで迎える今季はミート力を磨き、支配下復帰を目指す。"
"石川　雅規","東京ヤクルトスワローズ","秋田","A","25","3,200万円（推定）","多彩な球種で打者を翻弄するベテラン左腕。昨季はNPB新記録の24年連続勝利を達成するも、トータルでは2勝と振るわず。登板も自己最少の8試合にとどまった。今季は熟練の投球術で打者を手玉に取り、チームを上位に押し上げたい。"
"糸川　亮太","埼玉西武ライオンズ","愛媛","B","3","1,150万円（推定）","大きく落ちるシンカーが武器の右腕。2年目の昨季は5月末からリリーフに専念。8月の一軍再昇格後は13登板で防御率2.89の成績を収め、ブルペン陣を支えた。今季も与えられた役割を全うし、チームの勝利に貢献したい。"
"床田　寛樹","広島東洋カープ","兵庫","A","10","18,500万円（推定）","緩急で打者を翻弄する左腕。昨季は3年連続で規定投球回をクリアするも、9勝12敗と黒星が先行。9月には4試合で計24失点を喫するなど、シーズン終盤に精彩を欠いた。今季は年間を通して安定感を見せ、先発陣をけん引したい。"
"野村　大樹","埼玉西武ライオンズ","兵庫","O","8","1,200万円（推定）","鋭い打球を飛ばすスラッガー。昨季は内野手として開幕一軍入りを果たすも結果を残せず、7月には腰の手術を経験。オフに育成契約を結び、キャッチャーへの挑戦を決断した。今季は捕手としての経験を積みつつ、支配下復帰を目指す。"
"名原　典彦","広島東洋カープ","広島","B","4","","脚力を生かしたプレーが売りの育成外野手。昨季は4月に左膝のケガで戦線離脱。二軍での出場は46試合にとどまり、打率.229とバットで成長を示すこともできなかった。4年目の今季は春先から結果を残し、悲願の支配下登録を目指す。"
"津田　淳哉","阪神タイガース","奈良","O","3","720万円（推定）","真上から力強い直球を投げ下ろす右腕。昨季は二軍で24試合に登板。先発では結果を残せなかったものの、リリーフに専念した7月以降は防御率1.04を記録した。今季は持ち球の精度を磨き、一軍デビューを目指す。"
"大野　雄大","中日ドラゴンズ","京都","O","16","17,000万円（推定）","伸びのある直球と鋭く落ちる変化球が武器のベテラン。昨季は20試合の先発で防御率2.10をマーク。5年ぶりとなる2ケタ勝利を達成し、カムバック賞に輝いた。今季も白星を積み重ね、チームの上位進出に貢献する。"
"小川　泰弘","東京ヤクルトスワローズ","愛知","A","14","8,900万円（推定）","昨季は4月に自身3年ぶりとなる完封勝利を挙げるも、最終的には13先発で4勝止まり。精彩を欠いた登板が多かったこともあり、ローテーションを守れなかった。今季は安定した投球を続け、チームに多くの白星をもたらしたい。"
"岡留　英貴","阪神タイガース","沖縄","O","5","1,900万円（推定）","サイド気味のフォームからキレのあるボールを投げ込む右腕。昨季は開幕を一軍で迎えるも、登板は10試合止まり。二軍では30試合に登板し、防御率1.16と好成績を残した。今季は速球の質をさらに磨き、出番を増やしたい。"
"長谷川　宙輝","東京ヤクルトスワローズ","東京","O","10","900万円（推定）","キレのあるスライダーを投げ込む左腕。昨季は二軍で39試合に登板し、防御率2.21を記録。一定の成績を残したものの、一軍では4登板のみに終わった。今季は持ち球の精度を高め、チームの力となりたい。"
"橋本　星哉","東京ヤクルトスワローズ","兵庫","O","4","650万円（推定）","広角に鋭い打球を放つ育成出身スラッガー。昨季は二軍で91試合に出場し、打率.281をマーク。一軍でもプロ初安打を記録するなど、着実にステップアップを果たした。今季も得意の打撃でアピールし、より多くの出番をつかみたい。"
"西舘　昂汰","東京ヤクルトスワローズ","福岡","不明","3","1,050万円（推定）","力のある直球で打者を封じる2023年のドラフト1位右腕。昨季は前年に受けたトミー・ジョン手術の影響でリハビリが続き、実戦復帰を果たせずにシーズンを終えた。今季はコンディションを万全に整え、マウンドで躍動する姿を見せたい。"
"小川　一平","阪神タイガース","神奈川","A","7","650万円（推定）","力強い直球が持ち味の育成右腕。昨季は2023年9月に受けたトミー・ジョン手術のリハビリを乗り越え、実戦に復帰。二軍で5試合に登板し、完全復活へ向けて一歩前進した。今季は支配下登録へ返り咲き、一軍のマウンドに上がりたい。"
"星　知弥","東京ヤクルトスワローズ","栃木","O","10","5,600万円（推定）","150キロ台のストレートで打者を押し込む右腕。昨季は44試合に登板し、防御率1.67を記録。7月中旬からはクローザーを任され、17セーブを挙げる活躍を披露した。今季も重要な場面でマウンドに上がり、ブルペン陣をけん引する。"
"増田　珠","東京ヤクルトスワローズ","長崎","O","9","1,600万円（推定）","持ち前の明るさでナインを鼓舞するムードメーカー。昨季は年間を通して一軍に同行し、自己最多の75試合に出場。代打打率.350を記録するなど、貴重な戦力となった。今季はキャンプからアピールを重ね、スタメンの機会を増やしたい。"
"廣澤　優","東京ヤクルトスワローズ","東京","O","2","350万円（推定）","150キロ台の直球を投げ下ろす長身右腕。ルーキーイヤーの昨季は、二軍で26試合に救援登板。今季は春先から実戦でアピールを重ね、開幕前に支配下登録を勝ち取った。自慢のストレートを武器に、一軍のマウンドで輝きを放ちたい。"
"福島　圭音","阪神タイガース","埼玉","O","3","300万円（推定）","抜群の脚力を誇る韋駄天。昨季は二軍でチーム最多の111試合に出場し、ウエスタン・リーグの盗塁王を獲得。公式戦で初めて柵越えの本塁打を放つなど、打撃でも成長を示した。3年目の今季もアピールを続け、支配下契約を勝ち取りたい。"
"齋藤　綱記","中日ドラゴンズ","北海道","O","12","5,500万円（推定）","切れ味鋭いスライダーで空振りを奪うサウスポー。昨季は42試合に登板し、防御率1.64と安定した投球を披露。貴重な左のリリーフとしてチームに大きく貢献した。今季も自身の役割を全うし、首脳陣の起用に応えたい。"
"坂本　誠志郎","阪神タイガース","兵庫","O","11","10,000万円（推定）","昨季は自己最多の117試合に出場し、出塁率.357をマーク。守備では卓越したインサイドワークで投手陣を引っ張り、ベストナインとゴールデングラブ賞に輝いた。今季も持ち味を存分に生かし、正妻の座を確固たるものとしたい。"
"坂倉　将吾","広島東洋カープ","千葉","A","10","14,000万円（推定）","昨季は打率.238、5本塁打と不振に苦しみ、自身5年ぶりに規定打席に届かず。3月に右手中指を手術した影響もあり、ディフェンス面でも精彩を欠いた。今季はコンディションを万全に整え、中心選手としてチームをけん引したい。"
"小宮　悠瞳","東京ヤクルトスワローズ","神奈川","不明","1","","大きな伸びしろを秘めた育成サウスポー。高校3年夏の神奈川大会2回戦では、シード校を相手に2失点の完投勝利を挙げた。ルーキーイヤーの今季は体力面の強化に取り組み、プロで戦うための土台をつくる。"
"木澤　尚文","東京ヤクルトスワローズ","千葉","O","6","6,300万円（推定）","シュートとカットボールを軸に投球を組み立てる右腕。昨季は42試合に登板し、防御率3.40をマーク。シーズン終盤にはイニングまたぎもこなすなど、タフネスぶりを見せた。今季もチームのために腕を振り、ブルペンを支える。"
"三上　愛介","中日ドラゴンズ","愛媛","不明","1","","強肩と高い走塁技術が売りの育成ルーキー。昨季は四国アイランドリーグplusの愛媛に所属。リーグ2位の43盗塁を決め、打撃でも確かな成長を示した。NPB1年目の今季は積極的なプレーでアピールを続け、支配下登録を目指す。"
"Ａ．マルティネス","阪神タイガース","ドミニカ共和国","不明","3","","150キロ前後のストレートを投げ込むドミニカ共和国出身の育成右腕。昨季は二軍で主に先発として9試合に登板し、防御率2.95と一定の結果を残した。今季は変化球の精度をさらに磨き、早い段階での支配下登録を目指す。"
"村上　頌樹","阪神タイガース","兵庫","A","6","23,000万円（推定）","5年目の昨季はリーグトップの175回1/3を投げ、防御率2.10をマーク。14勝を挙げて最多勝に輝くなど、チームのリーグ制覇に大きく貢献した。今季もシーズンを通してローテーションの中心となり、藤川監督の期待に応えたい。"
"渡邉　悠斗","広島東洋カープ","東京","O","2","700万円（推定）","パンチ力のある打撃が魅力の内野手。1年目の昨季は二軍で59試合に出場し、打率.226を記録。10月に一軍へ昇格すると、シーズン最終戦でプロ初ヒットを放った。今季は持ち味のバッティングに磨きをかけ、出番の増加を狙う。"
"Ｊ．コルニエル","埼玉西武ライオンズ","ドミニカ共和国","不明","1","","身体能力の高さが光るドミニカ共和国出身の育成スイッチヒッター。マイナーでは通算392試合に出場。内野の複数ポジションをこなす守備力と将来性を買われ、契約を勝ち取った。いち早く日本の野球に慣れ、支配下昇格へアピールしたい。"
"Ｋ．マラー","中日ドラゴンズ","アメリカ","不明","2","","力強い速球とカットボールが持ち味の長身左腕。来日1年目の昨季は18試合に先発。4勝9敗と負け越したものの、チーム4位の投球回を記録した。今季もローテーションの一翼を担い、より多くの白星をつかみたい。"
"Ｊ．リランソ","東京ヤクルトスワローズ","ドミニカ共和国","不明","1","","力強い速球が武器の助っ人右腕。昨季はマイナーで48試合に救援登板し、防御率3.39をマーク。イニング数を上回る奪三振を記録するなど、能力の高さを示した。NPBでも持ち味を発揮し、ブルペン陣を支えたい。"
"能登　嵩都","阪神タイガース","北海道","A","1","","縦に割れるカーブが特徴の右腕。オイシックスでプレーした昨季は23試合に先発。12勝、防御率2.60を記録するなど、投手主要4部門でリーグトップの数字を残した。1年目から一軍の舞台で活躍し、チームの力になりたい。"
"髙松　渡","埼玉西武ライオンズ","兵庫","A","9","1,150万円（推定）","非凡な脚力を持つ走塁のスペシャリスト。昨季は二軍で打率.304と打力が向上。一軍では代走での出場がメインでありながら、3年ぶりとなるヒットを記録した。今季はバットでの評価をさらに高め、より多くの出番をつかみたい。"
"澤野　聖悠","東京ヤクルトスワローズ","愛知","A","7","300万円（推定）","内野の複数ポジションをこなすユーティリティー。新天地で迎えた昨季は、二軍で85試合に出場。9盗塁を記録するなど持ち味を見せたが、打率1割台とバットでは振るわなかった。今季は打撃の確実性を高め、支配下契約を手繰り寄せたい。"
"隅田　知一郎","埼玉西武ライオンズ","長崎","O","5","16,000万円（推定）","緩急自在の投球で打者を抑える左腕。昨季はチーム2位の159回2/3を投げ、自身初の2ケタ勝利を達成。3、4月度の月間MVPに輝くなど、先発陣の柱として活躍を見せた。今季はさらなる進化を遂げ、タイトル争いに加わりたい。"
"田中　幹也","中日ドラゴンズ","神奈川","O","4","3,600万円（推定）","華麗な守備とシュアな打撃が光る内野手。昨季は故障の影響で出遅れるも、95試合に出場。特に後半戦は打率.337をマークするなど、バットでもチームに貢献した。今季は年間を通した活躍を見せ、レギュラーの座を確固たるものとする。"
"石井　一成","埼玉西武ライオンズ","栃木","O","10","","長打力を備えた打撃と堅実な守備が売りの内野手。日本ハムに所属した昨季は、前年を大幅に上回る108試合に出場。キャリアハイとなる打率.259をマークした。新天地で迎える今季も攻守両面で活躍を見せ、チームの勝利に貢献する。"
"石山　泰稚","東京ヤクルトスワローズ","秋田","A","14","12,000万円（推定）","キレのあるスライダーが武器のベテランリリーバー。昨季は前年を上回る42試合に登板し、特に前半戦は防御率0.66と安定した投球を披露。5月には通算100セーブも達成した。今季はフル回転の働きを見せ、勝利のバトンをつなぐ。"
"石伊　雄太","中日ドラゴンズ","三重","不明","2","2,600万円（推定）","強肩とパンチ力のある打撃が売りの捕手。昨季は新人ながらチーム最多の76試合でスタメンマスクをかぶり、盗塁阻止率.413を記録。得点圏打率.302と勝負強さも光った。今季も攻守に存在感を示し、正捕手の座をつかみたい。"
"石原　貴規","広島東洋カープ","兵庫","A","7","2,000万円（推定）","鋭いスローイングが持ち味のキャッチャー。昨季は開幕からシーズンを通して一軍に同行。51試合に出場するも、打率1割台と悔しい結果に終わった。今季はバッティングを鍛え直し、スタメンマスクの機会を増やしたい。"
"松葉　貴大","中日ドラゴンズ","兵庫","B","14","10,000万円（推定）","昨季は23試合に先発し、防御率2.72を記録。年間を通してローテーションを支え、プロ13年目で初の規定投球回到達を果たした。FA権を行使して残留を決めた今季も、巧みな投球術でチームに勝利をもたらす。"
"大山　悠輔","阪神タイガース","茨城","O","10","34,000万円（推定）","昨季は主に5番打者として起用され、得点圏打率.316と持ち前の勝負強さを発揮。リーグ3位の75打点をマークする活躍でベストナインに輝いた。節目の10年目を迎える今季も攻守両面で躍動し、チームをリーグ連覇に導く。"
"大盛　穂","広島東洋カープ","大阪","A","8","3,100万円（推定）","俊足を生かした走塁と守備が売りの外野手。昨季は年間を通して一軍に同行し、自己最多の102試合に出場。交流戦では打率.375をマークするなど、バットでも存在感を放った。今季も走攻守で躍動し、レギュラーの座を勝ち取りたい。"
"梅野　隆太郎","阪神タイガース","福岡","A","13","12,000万円（推定）","昨季は坂本の台頭もあり、出場は前年を下回る52試合止まり。要所で好リードを見せてチームの優勝に貢献したものの、満足のいくシーズンとはならなかった。13年目の今季は攻守両面で豊富な経験を生かし、チームを引っ張りたい。"
"上間　永遠","埼玉西武ライオンズ","沖縄","B","7","500万円（推定）","多彩な球種を駆使した投球が持ち味の育成右腕。昨季は4月までに二軍で3試合に登板。計19イニングを自責点1に抑えるも、その後は公式戦のマウンドに上がれなかった。今季は持ち球の質を高め、支配下復帰を勝ち取りたい。"
"橋本　侑樹","中日ドラゴンズ","福井","A","7","3,900万円（推定）","切れ味抜群のスライダーで打者を封じるリリーフ左腕。昨季は開幕から13戦連続無失点を記録。8月以降に調子を落とすも、自己最多の12ホールドをマークした。今季は年間を通した活躍を見せ、チームの勝利に貢献する。"
"野田　海人","埼玉西武ライオンズ","福岡","A","4","600万円（推定）","正確な送球が売りの育成捕手。育成契約となって迎えた昨季は、前年に受けた両膝手術のリハビリを経て実戦復帰。二軍でマスクをかぶるまでに回復した。今季は万全のコンディションを取り戻し、支配下への返り咲きを目指す。"
"柿沼　友哉","東京ヤクルトスワローズ","茨城","A","11","","強肩に定評のあるベテラン捕手。ロッテに所属した昨季は、二軍で盗塁阻止率.167と持ち味を発揮できず。ルーキーイヤー以来9年ぶりに一軍出場がゼロに終わった。新天地で迎える今季は、任された出番で存在感を示したい。"
"勝野　昌慶","中日ドラゴンズ","岐阜","O","8","3,300万円（推定）","150キロ台中盤の速球で打者を押し込む右腕。昨季は開幕を一軍で迎えるも、防御率5.00と振るわず。7月下旬の登録抹消後は、再昇格できずにシーズンを終えた。今季は自身のピッチングを見つめ直し、再びブルペン陣の力となりたい。"
"金子　功児","埼玉西武ライオンズ","神奈川","A","3","320万円（推定）","打撃センスに定評がある育成内野手。昨季は二軍で打率.197と振るわず、出場試合数も前年から大幅に減少。不本意なシーズンを送った。3年目の今季はあらゆる面でレベルアップし、支配下契約を手繰り寄せたい。"
"塹江　敦哉","広島東洋カープ","香川","A","12","3,500万円（推定）","サイドから威力のある速球を投げ込む救援左腕。昨季は28試合に登板するも、防御率5点台と低迷。対左打者の被打率が3割を超えるなど、首脳陣の起用に応えられなかった。今季は与えられた場面で結果を残し、チームの勝利に貢献する。"
"藤嶋　健人","中日ドラゴンズ","愛知","O","10","12,000万円（推定）","力強い直球と鋭いスプリットで打者を封じる鉄腕。選手会長に就任した昨季は、チームトップの60試合に登板。自己最多の23ホールドをマークし、ブルペン陣をけん引した。今季も任された場面で腕を振り、勝利を手繰り寄せる。"
"樋口　正修","中日ドラゴンズ","埼玉","A","4","800万円（推定）","スピード感のあるプレーが魅力の内野手。昨季は開幕一軍入りを果たし、代走を中心として33試合に出場。8月17日にはプロ初ヒットを記録するなど、収穫を得たシーズンとなった。今季は打撃面での成長を示し、出番を増やしたい。"
"黒田　将矢","埼玉西武ライオンズ","青森","B","5","730万円（推定）","鋭く落ちるフォークを投げ込む右腕。昨季は開幕一軍入りを果たし、3月30日にプロ初登板。シーズンを通して8試合でマウンドに上がり、防御率5.68を記録した。5年目の今季は制球力に磨きをかけ、一軍定着を目指す。"
"山野辺　翔","東京ヤクルトスワローズ","東京","AB","8","1,100万円（推定）","ディフェンス面に定評のあるユーティリティー。昨季は5月に西武からトレードで加入するもアピールしきれず。8月以降は二軍生活が続き、悔しさの残るシーズンとなった。今季はより多くの出番をつかみ、チームの力となりたい。"
"前川　右京","阪神タイガース","三重","O","5","3,100万円（推定）","高い打撃技術を誇る外野手。昨季は開幕スタメンに名を連ねて4月まで好調を保つも、以降は低迷。69試合の出場にとどまり、本塁打はシーズン最終戦の1本のみに終わった。5年目の今季は自身の打撃を見つめ直し、巻き返しを図る。"
"高梨　裕稔","東京ヤクルトスワローズ","千葉","B","13","4,300万円（推定）","直球と鋭く落ちるフォークが武器の右腕。昨季は17試合に登板し、防御率3.10をマーク。勝ち星には恵まれなかったものの、安定した投球で先発陣を支えた。FA権を行使せずに残留して臨む今季も、チームの勝利のために腕を振る。"
"齋藤　大翔","埼玉西武ライオンズ","石川","A","2","1,000万円（推定）","高い守備力が武器の若手内野手。1年目の昨季は右肩の違和感で出遅れるも、二軍で打率.290を記録。シーズン終盤には一軍デビューを果たし、プロ初ヒットも放った。今季は春先からアピールを重ね、レギュラー争いに名乗りを上げる。"
"櫻井　頼之介","中日ドラゴンズ","兵庫","不明","1","","多彩な変化球を精度良く投げ込む新人右腕。昨年の全日本大学野球選手権では、決勝で完投するなど東北福祉大の優勝に貢献。大会の最優秀投手賞にも輝いた。持ち前の投球術を披露し、ルーキーイヤーから一軍の舞台で活躍したい。"
"椎葉　剛","阪神タイガース","大阪","A","3","1,000万円（推定）","150キロ前後の快速球を投げ込むリリーフ右腕。昨季は二軍でチームトップの42試合に登板し、防御率2.20を記録。6月には一軍デビューも果たすなど、貴重な経験を積んだ。今季は安定感に磨きをかけ、より多くの出番をつかみたい。"
"安竹　俊喜","広島東洋カープ","静岡","A","2","350万円（推定）","肩の強さが売りの育成キャッチャー。ルーキーイヤーの昨季は二軍で16試合に出場。打率1割台とプロの壁にぶつかるも、貴重な実戦経験を積んだ。今季はキャンプから存在感を示し、支配下契約を勝ち取りたい。"
"山崎　太陽","東京ヤクルトスワローズ","東京","不明","1","","長身から威力のあるボールを投じるルーキー右腕。創価大では1年時に捕手から投手に転向。実績は少ないものの、伸びしろを見込まれてドラフト指名を受けた。まずは二軍で実戦経験を重ねつつ、潜在能力の高さを示したい。"
"豆田　泰志","埼玉西武ライオンズ","埼玉","B","6","750万円（推定）","強気なピッチングで打者と勝負する右腕。昨季はシーズンの大半を二軍と三軍で過ごし、9月下旬に一軍初昇格。わずか3試合の登板にとどまる悔しい1年となった。今季は春先から首脳陣にアピールし、一軍定着を目指す。"
"三浦　瑞樹","中日ドラゴンズ","神奈川","A","5","900万円（推定）","多彩な変化球を操る左腕。移籍1年目の昨季は4月に支配下登録されると、5月1日の阪神戦でプロ初勝利をマーク。最終的には7試合に先発するも、防御率4.64と悔しい結果に終わった。今季は制球力を安定させ、チームの力となりたい。"
"モンテル（日隈　モンテル）","東京ヤクルトスワローズ","沖縄","B","4","","高い身体能力を備える外野手。西武に所属した昨季は、5月に念願の支配下契約を勝ち取るも結果を残せず。オフに戦力外通告を受け、ヤクルトと育成契約を結んだ。今季は持ち前の走力と強肩を生かし、首脳陣にアピールを重ねる。"
"ラマル（ラタナヤケ　ラマル　ギービン）","埼玉西武ライオンズ","愛知","A","2","","強烈なスイングで放つ長打が魅力の育成外野手。高卒1年目の昨季は三軍で実戦経験を積み重ね、持ち前のパワーを首脳陣にアピールした。今季はさらなる鍛錬に励んでプレーの精度を高め、支配下契約に向けて前進したい。"
"Ａ．カナリオ","埼玉西武ライオンズ","ドミニカ共和国","不明","1","","豪快なスイングでボールをかっ飛ばす助っ人外野手。マイナーでは2022年に37本のアーチを描くなど、通算109本塁打をマーク。昨季はメジャーで87試合に出場した。来日1年目から持ち前の打棒を見せつけ、多くの得点を生み出す。"
"百﨑　蒼生","阪神タイガース","熊本","B","3","500万円（推定）","打撃センスが光る内野手。昨季は3、4月度のファーム月間MVPに輝くなど、打率.294をマーク。8月初旬に死球による骨折で離脱するも、前年を上回る79試合に出場した。今季は守備や走塁を磨き、一軍デビューに備える。"
"Ｊ．オスナ","東京ヤクルトスワローズ","ベネズエラ","不明","6","","昨季は141試合に出場し、来日から5年連続となる2ケタ本塁打をクリア。チームトップの67打点を記録するなど、シーズンを通して打線をけん引した。今季も自慢のパワーでアーチを描き、多くのファンを沸かせる。"
"Ａ．ワイナンス","埼玉西武ライオンズ","アメリカ","不明","1","","質の高い変化球で打者を封じる右腕。昨季はマイナーで主に先発として21試合に登板。投球回を上回る三振を奪い、12勝1敗、防御率1.63の好成績をマークした。来日1年目からローテーションの一翼を担い、チームの勝利に貢献する。"
"平良　海馬","埼玉西武ライオンズ","沖縄","O","9","30,000万円（推定）","威力のあるストレートを投げ込む右腕。昨季はクローザーを任され、シーズンを通してブルペン陣をけん引。自己最多の31セーブを挙げ、初のセーブ王に輝いた。再び先発に転向して迎える今季は、チームを上位へと導きたい。"
"佐藤　爽","埼玉西武ライオンズ","北海道","B","2","400万円（推定）","コントロールと緩急で勝負する育成左腕。ルーキーイヤーの昨季は二軍で主に先発として9試合に登板。4勝1敗、防御率2.05と安定した投球を披露した。今季も首脳陣へのアピールを続け、支配下契約を勝ち取りたい。"
"會澤　翼","広島東洋カープ","茨城","B","20","5,000万円（推定）","長年の経験を生かした配球術に定評があるベテラン捕手。昨季はシーズンのほとんどを一軍で過ごすも、出場は24試合止まり。打率.116と思うような成績を残せなかった。節目の20年目を迎える今季は、若手に負けない活躍を見せたい。"
"秋山　翔吾","広島東洋カープ","神奈川","A","14","13,000万円（推定）","類まれなバットコントロールを誇るベテラン。昨季は開幕直後に右足首を故障して戦線離脱。5月半ばに一軍へ復帰するも、その後のスタメン出場は26試合にとどまった。今季は攻守で本来のプレーを取り戻し、レギュラー奪還を目指す。"
"アドゥワ　誠","広島東洋カープ","熊本","O","10","2,900万円（推定）","小さく動く速球を操る10年目右腕。昨季は二軍で15試合に先発し、防御率4.09と満足のいく結果を残せず。一軍での登板も4試合にとどまった。今季は本来の投球を取り戻し、ローテーション争いに加わる。"
"赤木　晴哉","広島東洋カープ","大阪","O","1","","長身から角度のあるボールを投げ下ろす新人右腕。大学時代は2年時から主力として活躍。昨年は春秋ともにリーグMVPに輝き、佛教大を5季連続優勝に導いた。プロでも力強いストレートを武器に、1年目から戦力となりたい。"
"中﨑　翔太","広島東洋カープ","鹿児島","B","16","6,200万円（推定）","力強いストレートで空振りを奪うベテランリリーバー。昨季は自身7年ぶりに50試合登板をクリア。防御率2.36をマークするなど、シーズンを通してブルペンを支えた。今季もあらゆる場面でマウンドに上がり、チームの勝利に貢献する。"
"嶋村　麟士朗","阪神タイガース","高知","O","2","300万円（推定）","シャープなスイングで打球を放つ育成出身捕手。1年目の昨季は二軍で58試合に出場し、打率.266を記録。今春もキャンプからアピールを続け、開幕前に支配下契約を勝ち取った。次代の正捕手を目指し、今後も攻守にスキルを磨きたい。"
"滝田　一希","広島東洋カープ","北海道","A","3","1,000万円（推定）","変則的なフォームからキレのあるボールを投げ込む左腕。昨季は二軍で主にリリーフとして28試合に登板。防御率2.35を記録するも、制球面に課題を残した。今季はコントロールを向上させ、一軍投手陣に割って入りたい。"
"岩崎　優","阪神タイガース","静岡","B","13","20,000万円（推定）","緩急自在の投球で打者を打ち取るベテランリリーバー。昨季は5月17日に通算100セーブを達成。チーム2位タイの53試合に登板するなど、守護神としてブルペン陣を支えた。今季も変わらぬ安定感を発揮し、チームの勝利に貢献する。"
"伊藤　稜","阪神タイガース","愛知","B","5","350万円（推定）","キレのあるボールを投げ込む育成左腕。昨季は二軍でチームトップの99回1/3を投げ、防御率2.63を記録。長年悩まされた左肩痛からの復調を示した。今季はより安定した投球を続け、早期の支配下登録を目指す。"
"豊田　寛","阪神タイガース","神奈川","B","5","1,130万円（推定）","勝負強い打撃が光る外野手。昨季は33試合に出場し、代打打率.350の好成績を記録。スタメンで出場した7月3日にはサヨナラ犠飛を放つなど、印象に残る活躍を見せた。今季は守備面で信頼を勝ち取り、出場機会を増やしたい。"
"常廣　羽也斗","広島東洋カープ","大分","O","3","1,400万円（推定）","落差の大きなフォークが武器の右腕。2年目の昨季は8月下旬に一軍へ昇格。以降は7試合に登板するも、防御率7点台と打ち込まれる場面が目立った。今季は投球フォームを安定させ、先発ローテーションに食い込みたい。"
"小幡　竜平","阪神タイガース","大分","B","8","4,000万円（推定）","幾多の美技でチームを救う遊撃手。昨季は7月と8月に1試合2本塁打を記録。バットで存在感をアピールし、自己最多の89試合に出場した。今季はプレーの確実性をさらに高め、定位置確保を目指す。"
"オケム（ウメビンユオ　オケム明）","埼玉西武ライオンズ","長野","B","2","","走攻守に高いポテンシャルを備える育成外野手。ルーキーイヤーの昨季は主に三軍でプレー。実戦経験を積み、9月下旬には二軍で公式戦デビューを果たした。今季も着実にステップアップし、支配下登録を手繰り寄せたい。"
"涌井　秀章","中日ドラゴンズ","千葉","A","22","7,000万円（推定）","豊富な球種で打者を打ち取るベテラン右腕。昨季は防御率4.12と安定感を欠き、登板は前年を下回る12試合止まり。一軍と二軍を行き来する悔しいシーズンとなった。40歳を迎える今季は持ち球の精度を磨き直し、先発陣を支えたい。"
"畠　世周","阪神タイガース","広島","AB","10","2,000万円（推定）","快速球とカットボールが武器の右腕。昨季は右手中指のコンディション不良で出遅れ、8月末に一軍へ初昇格。以降は12試合に救援登板し、防御率0.00でシーズンを終えた。節目の10年目となる今季は、年間を通して活躍したい。"
"早瀬　朔","阪神タイガース","兵庫","O","1","","キレのあるボールを投げ下ろす地元出身の新人右腕。神村学園高では甲子園に3度出場し、完投勝利も記録。昨秋はU-18ワールドカップでも存在感を示した。プロとして1日でも早く聖地のマウンドに上がるべく、着実に経験を積みたい。"
"木下　拓哉","中日ドラゴンズ","高知","B","11","7,000万円（推定）","強打が持ち味のベテランキャッチャー。昨季は5月末に左太もも裏の肉離れで戦線離脱。その後は一軍に復帰できず、38試合の出場にとどまる悔しいシーズンとなった。今季は万全なコンディションを維持し、正捕手の座を取り戻す。"
"木浪　聖也","阪神タイガース","青森","O","8","5,500万円（推定）","広角に打球を飛ばす内野手。昨季はバッティングの調子が上がらず、打率.193と低迷。守備でも精彩を欠き、出場は前年を下回る72試合にとどまった。今季は自身のプレーを見つめ直し、レギュラーへの返り咲きを目指す。"
"奥川　恭伸","東京ヤクルトスワローズ","石川","O","7","3,200万円（推定）","質の高い変化球で打者を打ち取る右腕。昨季は自身初の開幕投手を務め、計17試合に先発。わずか4勝と満足のいく成績ではなかったものの、ケガなくシーズンを戦い抜いた。今季は先発陣の柱へと成長し、ファンの期待に応えたい。"
"川田　悠慎","埼玉西武ライオンズ","高知","A","1","","類まれな脚力を誇る新人外野手。プロ入り前は京都産業大を経て四国銀行でプレー。昨年は主に1番打者を務め、50メートル5秒7の俊足を武器に躍動した。内野も守れるユーティリティー性を生かし、1年目から首脳陣の起用に応えたい。"
"細川　成也","中日ドラゴンズ","神奈川","AB","10","13,000万円（推定）","昨季は故障による一時離脱こそあったものの、3年連続で20本塁打をクリア。7月には打率.333、6本塁打の活躍で月間MVPに輝くなど、主砲として打線をけん引した。今季も持ち前の打棒でアーチを量産し、ファンの声援に応える。"
"堀越　啓太","埼玉西武ライオンズ","埼玉","B","1","","威力抜群のストレートが売りの新人右腕。大学4年時の全日本大学野球選手権では2回戦で先発。6回無失点10奪三振の好投を見せ、チームの優勝に貢献した。1年目から一軍のマウンドに上がり、新人王を目指す。"
"福元　悠真","中日ドラゴンズ","奈良","O","5","420万円（推定）","パンチ力のある打撃が売りの育成スラッガー。昨季は二軍で66試合に出場し、打率.302を記録。特に得点圏では4割を超える打率をマークするなど、チャンスに強い打撃が光った。今季も実戦でアピールを続け、支配下復帰を目指す。"
"福田　幸之介","中日ドラゴンズ","大阪","A","3","630万円（推定）","伸びのある真っすぐが武器の3年目左腕。昨季は二軍で主に救援として19試合に登板し、防御率2.67をマーク。9月には一軍デビューを果たすなど、貴重な経験を積んだ。今季は春先からアピールを続け、チームの戦力となりたい。"
"島内　颯太郎","広島東洋カープ","福岡","O","8","13,000万円（推定）","浮き上がるような直球とチェンジアップが武器のリリーバー。昨季は60試合に登板し、防御率1.40をマーク。8月には球団新記録となる通算116ホールド目を挙げた。今季もフル回転の働きを見せ、チームのリードを守り抜く。"
"今朝丸　裕喜","阪神タイガース","兵庫","A","2","720万円（推定）","打者の手元で微妙に動く速球を投じる未来のエース候補。高卒1年目の昨季は、二軍で主に先発として12試合に登板。フレッシュオールスターに選出されるなど、上々のシーズンを送った。今季は春先からアピールし、一軍デビューを目指す。"
"斎藤　佳紳","埼玉西武ライオンズ","京都","O","1","","投げっぷりの良さが魅力の育成右腕。昨季は四国アイランドリーグplusの徳島に所属。主にリリーフとして登板を重ね、最優秀防御率と最多勝利のタイトルを獲得した。NPBでも全力で腕を振り、2ケタの背番号を奪取したい。"
"元山　飛優","阪神タイガース","大阪","AB","6","","鋭い送球が売りの内野手。西武でプレーした昨季は、オープン戦で14打数6安打と猛アピール。開幕スタメンの座を勝ち取るも、シーズンでは打率.153と振るわなかった。新天地で迎える今季は打撃を鍛え直し、出場機会を増やしたい。"
"森山　暁生","中日ドラゴンズ","徳島","O","4","420万円（推定）","キレのあるストレートが光る育成左腕。昨季は二軍で前年を大きく上回る37試合に登板。防御率2.25を記録するなど、安定感のある投球を見せた。今季は投球術にさらなる磨きをかけ、支配下復帰へアピールを重ねたい。"
"宮澤　太成","埼玉西武ライオンズ","長野","A","3","800万円（推定）","直球とフォークのコンビネーションが光る右腕。育成選手として迎えた昨季は二軍でチーム2位の36試合に登板。40イニングで50奪三振を記録するなど、アピールを見せた。今季は支配下復帰を果たすべく、ストレートに磨きをかけたい。"
"Ｊ．アルナエス","阪神タイガース","パナマ","不明","2","","パナマ出身の若手内野手。昨季は二軍で73試合に出場し、打率.197を記録。遊撃を除く内野の各ポジションをそれぞれ100イニング以上守るなど、貴重な経験を積んだ。今季はバッティングを磨き、早期の支配下登録を目指す。"
"Ｊ．ゴンザレス","埼玉西武ライオンズ","ドミニカ共和国","不明","1","","長身から力強い速球を投げ込む育成右腕。昨季まではドジャース傘下のチームに所属。主に救援でマイナー通算86試合に登板し、投球回を上回る奪三振を記録した。新天地で課題の制球力を磨き、主力選手へと成長を遂げたい。"
"フレッド","埼玉西武ライオンズ","ウガンダ","不明","1","","高いポテンシャルを持つウガンダ出身の育成右腕。昨季は北海道ベースボールリーグの旭川でプレー。20試合に救援登板し、奪三振率13.92をマークした。NPB1年目の今季は全体的なレベルアップを図り、潜在能力を開花させたい。"
"Ｒ．マルティネス","中日ドラゴンズ","キューバ","不明","2","","キューバ出身の若き育成サウスポー。来日1年目の昨季は二軍で先発、救援合わせて5試合に登板。計9回1/3を投げ、防御率3.86を記録した。今季は実戦経験を積み重ね、支配下登録へ向けて前進したい。"
"林　安可","埼玉西武ライオンズ","台湾","不明","1","","鋭い打球を飛ばす台湾出身スラッガー。昨季までは台湾リーグでプレーし、7年間で通算112本塁打をマーク。2024年のプレミア12では日本戦で特大アーチを放った。NPBでも実力を示し、周囲の期待に応えたい。"
"牧野　憲伸","中日ドラゴンズ","北海道","不明","1","","力のある速球を軸に三振の山を築く左腕。オイシックスでプレーした昨季は先発、救援合わせて41試合に登板。今季から育成選手として中日に加入し、3月に支配下昇格を果たした。今後もアピールを続け、一軍のマウンドで躍動したい。"
"佐藤　輝明","阪神タイガース","兵庫","B","6","45,000万円（推定）","昨季はいずれもキャリアハイとなる打率.277、40本塁打、102打点を記録し、チームの優勝に貢献。自身初のベストナインとゴールデングラブ賞に加え、シーズンMVPに輝いた。今季も豪打を放ち続け、日本一のバッターを目指す。"
"髙　太一","広島東洋カープ","愛媛","O","3","1,800万円（推定）","伸びのある直球と鋭い変化球を操る若手左腕。2年目の昨季はストレートの球威が向上。8月に一軍へ昇格すると、8試合の先発でプロ初を含む3勝を挙げた。今季はさらなるレベルアップを果たし、ローテーション定着を狙う。"
"石井　巧","東京ヤクルトスワローズ","栃木","不明","1","","堅実な守備が売りの新人内野手。作新学院高時代には主将として甲子園に出場。その後は中央大を経てNTT東日本でプレーし、ショートのレギュラーとして活躍した。プロでも持ち味を積極的にアピールし、一軍での出番をつかみたい。"
"石井　大智","阪神タイガース","秋田","O","6","20,000万円（推定）","昨季はアクシデントによる離脱がありながら、チーム2位タイの53試合に救援登板。NPB新記録となる50試合連続無失点をマークし、防御率0.17と驚異的な数字を残した。今季も安定感抜群の投球を見せ、リリーフ陣を引っ張りたい。"
"井坪　陽生","阪神タイガース","東京","A","4","700万円（推定）","走攻守3拍子をバランスよく備えた外野手。昨季は二軍で87試合に出場し、打率.285を記録。8月19日には一軍デビューを果たすと、初打席で初安打を放った。今季は春先から結果を残し続け、より多くの出番をつかみたい。"
"石原　勇輝","東京ヤクルトスワローズ","広島","B","3","800万円（推定）","切れ味鋭いスライダーが持ち味の左腕。昨季は二軍でも思うような成績を残せず、一軍での登板は2試合止まり。シーズン後半には先発に挑戦するなど、試行錯誤の日々を送った。今季は春先からアピールを続け、より多くの出番をつかみたい。"
"外崎　修汰","埼玉西武ライオンズ","青森","O","12","16,000万円（推定）","昨季はセカンドからサードにコンバートして開幕を迎え、115試合に出場。8月中旬からはライトに定着し、中軸として打線を支えた。今季はシーズンを通して本来の打棒を発揮し、チームを引っ張りたい。"
"高橋　幸佑","中日ドラゴンズ","北海道","O","2","540万円（推定）","伸びのある直球が武器の左腕。高卒1年目の昨季は、二軍で11試合に登板して防御率4.76を記録。オフにはアジア・ウインターリーグに派遣され、実戦経験を培った。今季はより一層のレベルアップを果たし、一軍デビューを目指す。"
"玉村　昇悟","広島東洋カープ","福井","A","7","3,300万円（推定）","優れた制球力が持ち味の左腕。開幕ローテーション入りを果たした昨季は、前年を上回る17試合に先発。防御率3.87を記録し、キャリアハイの6勝を挙げた。今季は年間を通して安定したパフォーマンスを見せ、多くの白星を積み重ねる。"
"髙寺　望夢","阪神タイガース","長野","O","6","2,000万円（推定）","攻守両面でセンスを感じさせるユーティリティー。昨季はシーズンの大半を一軍で過ごし、自己最多の67試合に出場。5月13日の試合では、9回2死からプロ初本塁打となる同点弾を放った。今季はさらなる成長を遂げ、出番を増やしたい。"
"仲地　礼亜","中日ドラゴンズ","沖縄","O","4","900万円（推定）","直球とキレのあるスライダーが武器の右腕。昨季は二軍で15試合に登板し、チームトップの8勝をマーク。ファーム日本選手権では6回途中無失点と好投を見せ、MVPを獲得した。今季は投球の質をさらに向上させ、一軍で結果を残したい。"
"大竹　耕太郎","阪神タイガース","熊本","A","9","13,000万円（推定）","緩急自在のピッチングが光るサウスポー。昨季はケガの影響で出遅れるも、16試合に先発。9勝4敗、防御率2.85をマークし、安定した投球で先発陣を支えた。背番号を21に変更して臨む今季も、巧みな投球術で多くの白星をもたらす。"
"能戸　輝夢","中日ドラゴンズ","北海道","不明","1","","広角に長打を飛ばす高卒ルーキー。明秀日立高では、3年夏の茨城大会で14打数7安打を記録。主将としてもチームを引っ張り、甲子園出場に貢献した。高校の先輩にあたる細川に少しでも近づくべく、地道な鍛錬に励む。"
"中野　拓夢","阪神タイガース","山形","A","6","30,000万円（推定）","5年目の昨季は3年連続で全試合出場を果たし、打率.282をマーク。リーグトップの44犠打を記録したほか、ディフェンスでは広い守備範囲で投手陣を幾度も救った。背番号7をつけて臨む今季も、いぶし銀の働きでチームを支える。"
"仲田　侑仁","広島東洋カープ","沖縄","AB","3","500万円（推定）","非凡なパワーを秘める若手内野手。昨季は二軍でチーム最多の86試合に出場するも、打率.217と低迷。本塁打もゼロに終わるなど、期待された長打力を発揮できなかった。今季も引き続き打力の向上に取り組み、実戦でアピールを重ねる。"
"加藤　匠馬","中日ドラゴンズ","三重","B","12","2,250万円（推定）","強肩を生かした高い守備力が持ち味の捕手。47試合に出場した昨季は、後半戦で打率.279を記録。8月には4年ぶりに本塁打を記録するなど、バットでも存在感を示した。今季も攻守に質の高いプレーを見せ、チームを支えたい。"
"大西　広樹","東京ヤクルトスワローズ","奈良","O","7","9,000万円（推定）","昨季はコンディション不良の影響で出遅れたものの、5月の一軍合流以降はフル回転。チームトップの50試合に登板し、防御率1.17の好成績を残した。今季は開幕から万全の状態で臨み、年間を通して救援陣をけん引する。"
"大道　温貴","東京ヤクルトスワローズ","埼玉","O","6","1,850万円（推定）","スピンの利いた真っすぐで打者と勝負する右腕。広島でプレーした昨季は、二軍で目立った成績を残せず。一軍での登板も1試合にとどまるなど、悔しいシーズンを送った。ヤクルトに移籍して迎える今季は、首脳陣の信頼を勝ち取りたい。"
"川上　理偉","中日ドラゴンズ","大分","AB","3","330万円（推定）","力強いスイングが魅力の育成内野手。昨季は二軍でチームトップの102試合に出場。打率こそ2割台前半にとどまるも、走塁では15盗塁と成長を示した。3年目を迎える今季は好不調の波を抑え、念願の支配下登録を勝ち取る。"
"福　敬登","中日ドラゴンズ","兵庫","O","11","3,000万円（推定）","大きく曲がるスライダーが持ち味の左腕。昨季は5月下旬に一軍へ昇格すると、そこから13戦連続無失点を記録。トータルでは17試合で防御率0.54と安定感のある投球を披露した。今季も与えられた役割を全うし、勝利に貢献する。"
"根岸　辰昇","東京ヤクルトスワローズ","東京","A","2","300万円（推定）","鋭いスイングで強烈な打球を放つ育成スラッガー。ルーキーイヤーの昨季は二軍で47試合に出場するも、打率.214とプロの壁にぶつかった。今季はキャンプからアピールを重ね、支配下契約へ向けて前進したい。"
"日髙　暖己","広島東洋カープ","宮崎","O","4","450万円（推定）","バランスの取れたフォームからキレのあるボールを投げ込む若手右腕。昨季は二軍で主に先発として21試合に登板するも、防御率5点台と結果を残せなかった。今季はストレートの球威向上に励み、念願の一軍デビューを目指す。"
"才木　浩人","阪神タイガース","兵庫","A","10","25,000万円（推定）","昨季は24試合に先発し、防御率1.55をマーク。自身初タイトルとなる最優秀防御率に輝くなど、チームのリーグ制覇に貢献した。節目の10年目となる今季も安定したパフォーマンスを見せ、ローテーションを引っ張りたい。"
"木下　里都","阪神タイガース","福岡","A","2","1,200万円（推定）","力強い直球と鋭く沈むツーシームが光る右腕。ルーキーイヤーの昨季は、二軍で39試合に登板して防御率2.01を記録。一軍デビューも果たすなど、貴重な経験を積んだ。今季はボールの精度をより一層高め、強力投手陣に割って入りたい。"
"小島　大河","埼玉西武ライオンズ","神奈川","O","1","","足を高く上げる打撃フォームが特徴的なドラフト1位捕手。東海大相模高時代は3年春のセンバツで優勝に貢献。明治大ではリーグ戦通算で打率.349をマークした。1年目から持ち前のバットコントロールを見せつけ、一軍定着を目指す。"
"黒原　拓未","広島東洋カープ","和歌山","A","5","2,700万円（推定）","鋭く落ちる変化球で空振りを奪う左腕。昨季は左膝の違和感で春季キャンプを離脱。5月に同箇所の手術を受け、残りのシーズンをリハビリに費やした。肉体強化に励んだ成果を発揮するべく、今季は一軍のマウンドに舞い戻りたい。"
"湯浅　京己","阪神タイガース","三重","O","8","6,000万円（推定）","昨季は2年ぶりに一軍のマウンドに上がり、22ホールドをマーク。チームがリーグ優勝を決めた9月7日の一戦では、緊急登板で無失点に抑える好投を見せた。今季も闘志あふれるピッチングを披露し、ブルペン陣を支えたい。"
"町田　隼乙","阪神タイガース","神奈川","A","2","730万円（推定）","がっちりとした体格を誇るキャッチャー。1年目の昨季は、上半身のコンディション不良で戦線を2度離脱。二軍で打率.152と振るわず、ディフェンス面でも課題を残した。今季は万全の状態を保ち、攻守両面でアピールを重ねたい。"
"松川　玲央","東京ヤクルトスワローズ","岡山","不明","1","","抜群の脚力を誇るルーキー内野手。大学3年秋のリーグ戦では13試合の出場で打率.375をマークし、遊撃手としてベストナインに輝いた。1年目から走攻守のすべてで存在感を見せ、新人王の獲得を狙う。"
"前川　誠太","広島東洋カープ","京都","AB","5","700万円（推定）","高いコンタクト力を誇る育成出身内野手。昨季は7月末に念願の支配下契約をつかむと、8月にはプロ初安打をマーク。代打打率.333を残すなど、限られた出場機会で存在感を示した。今季も自身の持ち味をアピールし、一軍定着を狙う。"
"田口　麗斗","東京ヤクルトスワローズ","広島","B","13","17,500万円（推定）","鋭く曲がるスライダーで打者を封じる左腕。昨季は6月末にコンディション不良で離脱するも、8月に二軍で実戦復帰。翌月の一軍合流後は、10登板で自責点ゼロを記録した。今季は右打者への投球を改善し、再び勝ちパターンの一翼を担う。"
"佐藤　隼輔","埼玉西武ライオンズ","宮城","B","5","3,800万円（推定）","力強いストレートが光るリリーフ左腕。昨季は指の痛みをきっかけに投球フォームを崩し、成績が低迷。後半戦は二軍生活が続くなど、苦しいシーズンとなった。今季は本来のピッチングを取り戻し、チームの勝利に貢献したい。"
"ボー・タカハシ","埼玉西武ライオンズ","ブラジル","不明","5","","力強い速球を軸に投球を組み立てる助っ人右腕。昨季は二軍で先発と救援の両方をこなすも、目立った成績は残せず。一軍登板は来日後最少の4試合にとどまった。今季は持ち球の質を高め、チームの力となりたい。"
"Ｍ．ラミレス","広島東洋カープ","ドミニカ共和国","不明","3","","力強いバッティングが持ち味の育成内野手。昨季は二軍で前年を上回る3本塁打を放つも、打率は1割台とアピール不足に終わった。来日3年目となる今季は春先から結果を残し続け、支配下契約を手繰り寄せたい。"
"矢野　泰二郎","東京ヤクルトスワローズ","愛媛","O","2","700万円（推定）","ディフェンス面に自信を持つ若手捕手。NPB1年目の昨季は二軍で66試合に出場。オフにはアジア・ウインターリーグに参加するなど、実戦経験を培った。今季はさらなるレベルアップを図り、一軍デビューを果たしたい。"
"丸山　翔大","東京ヤクルトスワローズ","福岡","A","6","1,250万円（推定）","長身から力強いボールを投げ込むリリーフ右腕。昨季はブルペン陣の一員として期待されるも、春先から状態が上がらず。防御率8.38と精彩を欠き、8試合の登板にとどまった。今季は自身の投球を見つめ直し、出番の増加につなげたい。"
"森下　翔太","阪神タイガース","神奈川","O","4","21,000万円（推定）","昨季はいずれもリーグ2位となる23本塁打、89打点をマークし、20試合で勝利打点を記録。強肩を生かした守備力も光り、自身初のゴールデングラブ賞とベストナインに輝いた。今季も勝負強い打撃を見せ、チームを連覇へと導く。"
"林　冠臣","埼玉西武ライオンズ","台湾","AB","2","950万円（推定）","恵まれた体格を生かした打撃が魅力の台湾出身外野手。ルーキーイヤーの昨季は二軍で37試合に出場。公式戦初本塁打を放つなど、打率.285をマークした。今季はさらにバッティングを鍛え、一軍デビューを目指す。"
"カルロス","埼玉西武ライオンズ","スロベニア","不明","1","","NPB初のスロベニア出身プレーヤー。昨季は北海道ベースボールリーグの旭川に所属。打率.360を残し、リーグ最多の5本塁打を放った。将来の支配下昇格に備え、まずは実戦経験を積み重ねたい。"
"山田　陽翔","埼玉西武ライオンズ","滋賀","B","4","3,000万円（推定）","多彩な球種でゴロを打たせる右腕。昨季は開幕直後に一軍昇格を果たし、4月3日にプロ初登板。最終的には49試合でマウンドに上がり、防御率2.08と見事な飛躍を遂げた。今季もさらなる成長を見せ、ブルペン陣を支えたい。"
"Ｆ．ターノック","広島東洋カープ","アメリカ","不明","1","","150キロ台の速球をコンスタントに投げ込む助っ人右腕。昨季はマイナーで10先発を含む29試合に登板。イニング数を上回る奪三振を記録するなど、能力の高さを示した。新天地でも自身の持ち味を発揮し、投手陣を支えたい。"
"Ｓ．ファビアン","広島東洋カープ","ドミニカ共和国","不明","2","","痛烈なライナーをはじき返す助っ人外野手。来日1年目の昨季は日本球界に適応し、6月度の月間MVPを獲得。最終的にはいずれもチームトップとなる17本塁打、65打点をマークした。今季も自慢の打棒を披露し、打線の中軸を担いたい。"
"高橋　奎二","東京ヤクルトスワローズ","京都","O","11","4,600万円（推定）","球威のある速球で打者を押し込む左腕。昨季はコンディション不良の影響で2度の離脱を経験。わずか8試合の登板にとどまったが、シーズン終盤には力強い投球を披露した。今季は年間を通して万全の状態を保ち、先発陣の柱となりたい。"
"佐藤　太陽","埼玉西武ライオンズ","静岡","O","2","600万円（推定）","優れた打撃センスを持つ育成出身内野手。ルーキーイヤーの昨季は二軍でアピールを重ね、7月下旬に支配下契約を締結。同月に一軍デビューを飾り、10月3日には猛打賞をマークした。今季はさらなる結果を残し、定位置争いに割って入る。"
"榮枝　裕貴","阪神タイガース","高知","A","6","1,000万円（推定）","強肩を生かしたスローイングが持ち味のキャッチャー。昨季はシーズンの大半で一軍に同行。第3捕手としてチームを支えたものの、出場は8試合にとどまった。今季は与えられた出番で結果を残し、存在感をアピールしたい。"
"末包　昇大","広島東洋カープ","香川","O","5","6,100万円（推定）","恵まれた体格を生かした打撃が売りの外野手。昨季はキャリアハイとなる123試合に出場。自身初の規定打席到達を果たし、いずれもチーム2位の11本塁打、62打点を記録した。今季は好不調の波を抑え、より多くの得点をもたらす。"
"杉田　健","広島東洋カープ","静岡","A","3","400万円（推定）","多彩な変化球で打者と勝負する育成右腕。昨季は二軍で先発を中心に18試合に登板。目立った成績を残せず、支配下契約はつかめなかった。3年目を迎える今季はキャンプからアピールを続け、2ケタの背番号を勝ち取りたい。"
"秋山　俊","埼玉西武ライオンズ","北海道","AB","1","","長打力を備えた打撃が魅力の新人外野手。中京大では、4年春のリーグ戦で本塁打と打点の2冠を獲得。直後の全日本大学野球選手権でもホームランを含む9打数5安打を記録した。プロでも持ち前の打棒を発揮し、一軍の出番をつかみ取る。"
"赤羽　由紘","東京ヤクルトスワローズ","長野","B","6","2,200万円（推定）","内外野すべてのポジションをこなすユーティリティー。昨季は年間を通じて一軍に同行し、103試合に出場。7月にはプロ初のサヨナラ弾を放つなど、打撃面でも存在感を示した。今季は攻守両面をさらに磨き、レギュラー定着を狙う。"
"青山　美夏人","埼玉西武ライオンズ","神奈川","A","4","1,200万円（推定）","直球とスプリットのコンビネーションで勝負する右腕。3年目の昨季は右肩痛の影響もあり、思うように状態が上がらず。一軍登板は2試合のみと悔しいシーズンを過ごした。今季は春先から首脳陣にアピールし、チームの力となりたい。"
"中村　悠平","東京ヤクルトスワローズ","福井","A","18","15,000万円（推定）","いぶし銀の働きが光るベテラン捕手。昨季は8月21日の巨人戦で通算1000安打を達成。後半戦は持ち前のバットさばきでヒットを重ね、3割超えの打率を記録した。今季も豊富な経験を生かし、攻守両面でチームを盛り立てる。"
"滝澤　夏央","埼玉西武ライオンズ","新潟","A","5","3,200万円（推定）","広い守備範囲でアウトをもぎ取る若手内野手。昨季は自己最多の125試合に出場し、チーム2位の21盗塁を記録。課題の打撃でもサヨナラ打を放つなど、成長を示した。今季は体力の強化に努め、自身初の規定打席到達を目指す。"
"富田　蓮","阪神タイガース","岐阜","B","4","2,500万円（推定）","コーナーを突く投球が持ち味の左腕。先発に転向して迎えた昨季は、開幕ローテーション入りするも定着できず。5月中旬からは再びリリーフに回り、主に二軍で登板を重ねた。今季はボールのキレを磨き、あらゆる起用に応えたい。"
"武内　夏暉","埼玉西武ライオンズ","福岡","O","3","3,850万円（推定）","高い制球力が武器の3年目左腕。昨季は左肘の故障で出遅れた影響などもあり、登板は12試合止まり。新人王に輝いた前年から一転、思うような成績を残せなかった。今季は万全のコンディションで臨み、ローテーションを支えたい。"
"梅野　雄吾","中日ドラゴンズ","福岡","A","10","2,500万円（推定）","キレのあるストレートで打者を封じる右腕。昨季は前年を上回る26試合に救援登板。防御率こそ4点台に終わるも、右打者に対しては被打率.164と強さを発揮した。今季は年間を通してブルペンを支え、フル回転の働きを見せたい。"
"岩貞　祐太","阪神タイガース","熊本","A","13","10,000万円（推定）","豊富な経験を誇る13年目のサウスポー。昨季はリリーフとして29試合に登板し、防御率2.12を記録。不本意な結果に終わった前年からの復活を予感させた。今季もキレのあるボールを投げ込み、ブルペン陣を支えたい。"
"井上　剣也","中日ドラゴンズ","鹿児島","O","2","300万円（推定）","力のある真っすぐで打者を封じる育成右腕。ルーキーイヤーの昨季は、9月に二軍で公式戦デビュー。その後は秋季教育リーグに参加し、貴重な実戦経験を積んだ。今季は制球力の向上に取り組み、支配下契約に近づきたい。"
"岩田　幸宏","東京ヤクルトスワローズ","兵庫","A","5","2,700万円（推定）","シャープなスイングで快打を放つ俊足外野手。昨季はスタメンの機会を大きく増やし、トータルで126試合に出場。打率.266、14盗塁をマークするなど、飛躍のシーズンとなった。今季も自身の役割を全うし、レギュラー争いを制する。"
"内田　湘大","広島東洋カープ","長野","A","4","600万円（推定）","力強いスイングが持ち味の若手内野手。高卒3年目の昨季は二軍で83試合に出場するも、打率.201と振るわず。守備でも13失策を記録するなど、攻守に課題を残した。今季はあらゆる面で成長を遂げ、首脳陣に結果でアピールしたい。"
"西川　愛也","埼玉西武ライオンズ","大阪","A","9","5,700万円（推定）","俊足巧打が持ち味の外野手。昨季はリードオフマンに定着し、初めて規定打席に到達。いずれも自己最多の10本塁打、25盗塁を記録すると、守備でもゴールデングラブ賞に輝いた。今季は全試合出場を果たし、打撃タイトルをつかみたい。"
"龍山　暖","埼玉西武ライオンズ","沖縄","A","2","600万円（推定）","攻守に高いポテンシャルを備える若手捕手。高卒1年目の昨季は、主に三軍で実戦経験を蓄積。9月27日には二軍で公式戦初ヒットを含む2安打を放った。今季もあらゆる面でスキルアップに励み、一軍デビューを目指す。"
"長岡　秀樹","東京ヤクルトスワローズ","千葉","A","7","7,500万円（推定）","攻守に高い能力を発揮する内野手。昨季は4月に右膝後十字靱帯（じんたい）を損傷して戦線を離脱。8月に一軍復帰を果たすと、以降は一定の成績を残した。今季は年間を通してグラウンドで躍動し、チームを上位へ押し上げる。"
"中西　聖輝","中日ドラゴンズ","奈良","不明","1","","ゲームメーク能力に秀でたドラフト1位右腕。大学4年秋のリーグ戦では防御率0.26を記録し、春に続いてMVPを獲得。直後の明治神宮大会では、決勝で17奪三振完封の快投を披露した。1年目から先発陣に加わり、2ケタ勝利を狙う。"
"土田　龍空","中日ドラゴンズ","滋賀","A","6","1,300万円（推定）","華麗なフィールディングが魅力の内野手。昨季は二軍で打率.274、5本塁打をマークするも、一軍では打率1割台と振るわなかった。今季はバッティングの確実性を磨き、より多くの出番を勝ち取りたい。"
"中川　勇斗","阪神タイガース","愛知","O","5","1,000万円（推定）","バッティングに定評のある有望株。外野に挑戦した昨季は一軍デビューを果たし、25試合に出場。8月7日にはプロ初本塁打を放つなど、飛躍の足がかりをつくった。今季は持ち味の打撃をさらに磨き、一気に定位置獲得を目指す。"
"甲斐野　央","埼玉西武ライオンズ","兵庫","A","8","6,800万円（推定）","剛速球とフォークで打者を抑える右腕。昨季は前半戦に16試合連続ホールドポイントの球団新記録を樹立。後半戦では20試合に登板し、防御率0.93をマークした。今季も勝ちパターンの一翼を担い、チームの上位浮上に貢献したい。"
"奥村　光一","埼玉西武ライオンズ","静岡","A","3","620万円（推定）","アグレッシブなプレーが魅力の俊足外野手。昨季は二軍で打率.195とバットでアピールできず。一軍昇格を果たせないままシーズンを終え、オフに育成契約となった。今季は春先から存在感を示し、早期の支配下復帰を目指す。"
"羽田　慎之介","埼玉西武ライオンズ","埼玉","O","5","1,100万円（推定）","剛速球が武器のサウスポー。4年目の昨季は初の開幕一軍入りを果たし、7月14日には160キロをマーク。夏場に左肘を痛めて離脱したものの、自己最多の24試合に登板した。今季はコンディションに気を配り、チームの戦力となりたい。"
"長谷部　銀次","広島東洋カープ","愛知","A","4","800万円（推定）","力のあるストレートを投じるサウスポー。昨季は二軍で一定の成績を残したものの、一軍では5試合の登板で防御率15.19に終わった。今季はキャンプから存在感を示し、より多くの出番をつかみたい。"
"土生　翔太","中日ドラゴンズ","神奈川","A","3","400万円（推定）","キレのあるスライダーを投げ込む右腕。昨季は二軍で22試合に登板するも、防御率5.09と振るわず。一軍での登板がないままシーズンを終えた。育成選手として迎える今季は課題のコントロールを改善し、支配下登録に返り咲きたい。"
"栗山　巧","埼玉西武ライオンズ","兵庫","O","25","6,000万円（推定）","昨季は4月27日にNPB史上64人目となる通算3000塁打を達成するも、打撃の調子が上がらず。5月中旬以降は二軍生活が続いた。シーズン終了後の現役引退を表明して臨む今季は、勝負強いバッティングで多くのファンを沸かせたい。"
"黒木　優太","埼玉西武ライオンズ","神奈川","A","10","2,400万円（推定）","落差のあるフォークを投げ込む右腕。育成選手として迎えた昨季は早期に支配下契約を結び、開幕一軍入り。再調整を経て一軍復帰した7月以降は、安定感のある投球を見せた。今季は年間を通して好調を維持し、ブルペン陣を支えたい。"
"桑原　将志","埼玉西武ライオンズ","大阪","B","15","","ガッツあふれるプレーでファンを沸かせる外野手。昨季はケガで開幕に出遅れるも、規定打席に到達して打率.284をマーク。3年ぶりとなる2ケタ盗塁も記録した。新天地で迎える今季も攻守両面で躍動し、チームを鼓舞する。"
"川﨑　俊哲","阪神タイガース","石川","B","2","300万円（推定）","コンパクトなスイングで広角に打球を飛ばす育成内野手。NPB1年目の昨季は二軍で48試合に出場。打率.143とプロの壁にぶつかるも、貴重な実戦経験を積んだ。今季は走攻守すべてを磨き、支配下登録へ向けて結果を残したい。"
"岸本　大希","広島東洋カープ","長崎","O","1","","俊足巧打の育成ルーキー。四国アイランドリーグplusの徳島に所属した昨季は、69試合に出場。リーグ3位の41盗塁をマークし、打撃でも安定した成績を残した。支配下登録をつかむべく、1年目から持ち味を発揮したい。"
"児玉　亮涼","埼玉西武ライオンズ","熊本","A","4","1,400万円（推定）","堅実なフィールディングが魅力の内野手。昨季は守備固めや代走を中心に自己最多の60試合に出場。無失策でシーズンを終えるなど、チームを支える働きを見せた。今季は課題のバッティングを磨き、定位置争いに加わりたい。"
"木瀬　翔太","埼玉西武ライオンズ","京都","O","3","280万円（推定）","伸びのあるストレートが魅力の育成右腕。昨季はルーキーイヤーに続いて三軍で体づくりに励みつつ、実戦経験を積み重ねた。3年目を迎える今季は公式戦デビューを果たし、支配下登録を手繰り寄せたい。"
"松本　直樹","東京ヤクルトスワローズ","香川","A","9","1,800万円（推定）","安定したスローイングが売りのキャッチャー。昨季は開幕を一軍で迎えるも、出場機会に恵まれず。飛躍への足がかりをつくった前年から一転、悔しいシーズンを過ごした。今季は首脳陣の信頼を勝ち取り、再び正捕手争いに加わりたい。"
"古川　雄大","埼玉西武ライオンズ","大分","O","4","750万円（推定）","優れた身体能力が売りの若手外野手。高卒3年目の昨季は、シーズン終盤に待望の一軍デビュー。10月1日のオリックス戦でプロ初安打を記録した。今季は攻守でプレーの質に磨きをかけ、ポジション争いに割って入りたい。"
"清水　昇","東京ヤクルトスワローズ","東京","A","8","7,500万円（推定）","直球とフォークのコンビネーションが光る右腕。昨季は35試合に登板し、高い奪三振率を記録。力強いピッチングを見せたが、防御率は4点台と振るわなかった。今季は安定感を取り戻し、勝ちパターンに返り咲きたい。"
"古賀　輝希","埼玉西武ライオンズ","佐賀","O","2","700万円（推定）","力強い打球を飛ばす内野手。1年目の昨季はコンディション不良もあり、公式戦の出場は二軍での16試合のみ。45打席で23三振と打撃面で粗さが目立ち、オフに育成契約を結んだ。今季はミート力を磨き、まずは支配下復帰を目指す。"
"岸　潤一郎","埼玉西武ライオンズ","兵庫","A","7","1,900万円（推定）","高い身体能力が売りの外野手。昨季は度重なる故障に苦しみ、出場は10試合止まり。本塁打、打点、盗塁がルーキーイヤー以来のゼロに終わるなど、悔しい1年となった。今季は万全の状態でプレーを続け、一軍の舞台で躍動したい。"
"齊藤　汰直","広島東洋カープ","兵庫","A","1","","フォークで空振りを量産する本格派右腕。昨夏の日米大学野球選手権では、計5イニングで9奪三振をマーク。秋には東都大学リーグで防御率1.34を記録した。ルーキーイヤーから結果を残し、ローテーション入りを狙う。"
"澤井　廉","東京ヤクルトスワローズ","愛知","O","4","1,000万円（推定）","力強いスイングで長打を連発するスラッガー。昨季は二軍でチーム最多の10本塁打を記録。一軍では打率1割台と確実性を欠き、出場は27試合にとどまった。今季はミート力を向上させ、レギュラー争いに名乗りを上げる。"
"渡邉　勇太朗","埼玉西武ライオンズ","埼玉","A","8","4,300万円（推定）","打たせて取る投球が持ち味の長身右腕。昨季は23試合に先発し、自己最多の7勝をマーク。9月にはプロ初完投を完封で飾るなど、飛躍の年となった。今季もローテーションの一員として腕を振るい、2ケタ勝利を狙う。"
"森下　暢仁","広島東洋カープ","大分","O","7","20,000万円（推定）","自身初の開幕投手を務めた昨季は、防御率2.48をマークするも打線の援護とかみ合わず。わずか6勝にとどまり、両リーグワーストの14敗を喫した。今季も投手陣の柱としてチームを引っ張り、2年ぶりの2ケタ勝利を目指す。"
"翔聖（髙橋　翔聖）","東京ヤクルトスワローズ","台湾","不明","3","","高いポテンシャルを備える台湾出身の育成右腕。2年目の昨季は2月のWBC予選に台湾代表として参加。シーズンでは二軍で6試合に登板するなど、有意義な1年を過ごした。今季は首脳陣へのアピールを重ね、支配下契約へ近づきたい。"
"森　博人","中日ドラゴンズ","愛知","O","6","400万円（推定）","鋭いカットボールが武器の右腕。昨季は春季キャンプを一軍で迎えるも、右肘の故障により離脱。3月にトミー・ジョン手術を受け、その後はリハビリに専念した。育成契約となって迎える今季は、早期の実戦復帰を目指す。"
"門別　啓人","阪神タイガース","北海道","A","4","1,200万円（推定）","質の高い直球を投げ込むサウスポー。3年目の昨季は自身初の開幕ローテーション入り。4月6日にプロ初勝利を挙げるも、以降は思うような結果を残せなかった。今季は勝負所での制球力を磨き、より長いイニングを投げたい。"
"Ｔ．ウィンゲンター","埼玉西武ライオンズ","アメリカ","不明","2","","剛速球と鋭いスライダーで三振を量産する助っ人右腕。昨季は49試合に登板し、チーム2位の31ホールドを記録。来日1年目から勝ちパターンの一翼としてブルペン陣を支えた。今季も重要な場面でマウンドに上がり、勝利を手繰り寄せる。"
"吉村　貢司郎","東京ヤクルトスワローズ","東京","B","4","7,500万円（推定）","伸びのある速球と切れ味鋭い変化球を操る右腕。昨季は22試合に先発し、チームトップの8勝をマーク。9、10月度の月間MVPに選出されるなど、先発陣をけん引した。今季もローテーションの一翼を担い、自身初の2ケタ勝利を狙う。"
"Ｔ．ネビン","埼玉西武ライオンズ","アメリカ","不明","2","","勝負強い打撃が売りのスラッガー。来日1年目の昨季は5月度の月間MVPを獲得。最終的にはいずれもリーグ3位の21本塁打、63打点を記録した。今季も中軸の役割を果たし、チームを上位進出に導く。"
"Ｄ．サンタナ","東京ヤクルトスワローズ","ドミニカ共和国","不明","6","","昨季は開幕から打線をけん引するも、6月に右腕へ死球を受けた影響で戦線離脱。8月には以前から状態の悪かった右肘の手術に踏み切り、以降はリハビリに専念した。今季は万全の状態で開幕を迎え、チームに勝利を呼び込む。"
"Ｅ．モンテロ","広島東洋カープ","ドミニカ共和国","不明","2","","パワフルなスイングで強烈な打球を飛ばす助っ人。来日1年目の昨季は105試合に出場し、打率.255、9本塁打を記録。チームトップの勝利打点を挙げるなど、要所での活躍が光った。今季は長打を量産し、チームを上位へと押し上げる。"
"早川　太貴","阪神タイガース","北海道","O","2","720万円（推定）","多彩な球種を操る右腕。阪神入団1年目の昨季は、7月中旬に支配下登録へと昇格。一軍で2先発を含む3試合に登板し、計11回1/3を無失点に抑えた。今季も持ち前の打たせて取るピッチングを見せ、より多くの出番をつかみたい。"
"伏見　寅威","阪神タイガース","北海道","AB","14","10,000万円（推定）","巧みなリードに定評のあるベテラン捕手。昨季はシーズンのほとんどを一軍で過ごすも、8月以降は出番が減少。最終的に64試合の出場にとどまり、満足のいく数字は残せなかった。新天地で迎える今季は、経験を武器に定位置奪取を狙う。"
"篠原　響","埼玉西武ライオンズ","愛知","A","2","700万円（推定）","豊富な球種を操る若手右腕。高卒1年目の昨季は二軍でチームトップタイの8勝をマーク。一軍の舞台でも2試合に先発し、高い奪三振能力を示した。今季はさらなる成長を遂げ、先発ローテーションに割って入りたい。"
"鈴木　健矢","広島東洋カープ","千葉","O","7","3,000万円（推定）","緩急を駆使した投球で打者を幻惑するアンダースロー。現役ドラフトで加入した昨季は、開幕から一軍に同行。24試合に救援登板し、防御率1.89の好成績を残した。今季も任された場面で腕を振り、チームの勝利に貢献したい。"
"鈴木　蓮吾","東京ヤクルトスワローズ","東京","不明","1","","伸びのあるストレートを投じる新人左腕。東海大甲府高では磨きをかけた直球を武器に活躍。3年夏の山梨大会は初戦で敗れるも、8回2安打1失点の好投を見せた。将来の一軍デビューに備え、1年目から実戦経験を積み重ねたい。"
"茶野　篤政","埼玉西武ライオンズ","滋賀","B","4","1,400万円（推定）","堅実な守備と俊足が持ち味の外野手。昨季は二軍でいずれもチームトップの101安打、28盗塁をマークするも、一軍ではわずか3試合の出場にとどまった。新天地で迎える今季はキャンプからアピールを重ね、定位置争いに加わりたい。"
"阿部　寿樹","中日ドラゴンズ","岩手","B","11","","鋭い打球を広角に飛ばすベテラン。昨季は開幕直後にバットで存在感を見せるも、徐々に成績が下降。6月9日の登録抹消後は再昇格を果たせなかった。4年ぶりに中日へ復帰して迎える今季は、与えられた役割で全力を尽くす。"
"伊藤　茉央","中日ドラゴンズ","福島","O","4","1,000万円（推定）","サイドハンドから質の高いボールを投げ込む右腕。移籍1年目の昨季は12試合に救援登板。防御率0.79をマークするなど、安定感のあるピッチングを見せた。今季は首脳陣の信頼を勝ち取り、シーズンを通して一軍の戦力になりたい。"
"沼田　翔平","東京ヤクルトスワローズ","北海道","AB","8","600万円（推定）","豊富な球種と制球力が持ち味の右腕。昨季は春先から二軍で好投を続け、防御率1点台と猛アピール。7月に支配下登録を勝ち取り、4年ぶりに一軍のマウンドへ上がった。今季はあらゆる面で精度を高め、ブルペン陣に割って入りたい。"
"竹下　海斗","広島東洋カープ","福井","O","2","300万円（推定）","緩急をつけたピッチングが持ち味の育成サウスポー。高卒1年目の昨季は二軍で11試合に登板。シーズン終盤には先発マウンドに上がるなど、多くの実戦経験を積んだ。今季も着実なステップアップを図り、支配下登録に近づきたい。"
"柘植　世那","埼玉西武ライオンズ","群馬","O","7","1,700万円（推定）","安定感のある守備が魅力のキャッチャー。昨季は自己最少となる13試合の出場にとどまり、ヒットはわずか2本。二軍でも打率.204とアピール不足に終わった。今季は課題のバッティングを鍛え直し、チームの戦力となりたい。"
"髙橋　宏斗","中日ドラゴンズ","愛知","AB","6","20,000万円（推定）","自身初の開幕投手を務めた昨季は、3年連続で規定投球回に到達。リーグ2位の138奪三振を記録するも、8勝10敗と不本意なシーズンに終わった。今季はより安定感のあるピッチングを見せ、チームをAクラスへと導く。"
"田村　俊介","広島東洋カープ","京都","O","5","1,000万円（推定）","打撃センスに定評のある5年目外野手。昨季は4月にプロ初本塁打となるサヨナラ弾を放つも、その後が続かず。5月の登録抹消後は再昇格を果たせないままシーズンを終えた。今季はバッティングを鍛え直し、レギュラー争いに加わりたい。"
"中村　貴浩","広島東洋カープ","福岡","A","4","700万円（推定）","広角に鋭い打球を飛ばす外野手。昨季は二軍で78試合に出場し、打率.275、5本塁打を記録。まずまずの結果を残すも、ケガの影響もあり一軍出場はゼロに終わった。今季は年間を通して万全の状態を保ち、チームの戦力になりたい。"
"辻本　倫太郎","中日ドラゴンズ","北海道","A","3","950万円（推定）","軽快なフィールディングを見せる内野手。2年目の昨季は二軍で打率.314とアピール。一軍では同.132に終わったものの、前年を上回る29試合に出場した。今季は走攻守すべてで存在感を示し、さらなる出番を勝ち取りたい。"
"宇佐見　真吾","中日ドラゴンズ","千葉","O","11","3,000万円（推定）","鋭い当たりを飛ばすキャッチャー。昨季は打率1割台と、持ち味のバッティングが振るわず。一軍と二軍を行き来する不本意なシーズンとなった。今季は自身の打撃を磨き直し、首脳陣に結果でアピールしたい。"
"大瀬良　大地","広島東洋カープ","長崎","AB","13","20,000万円（推定）","昨季は年間を通してローテーションを支え、7月に通算1500投球回を達成。後半戦は調子を落としたものの、最終的にチーム2位タイの7勝を挙げた。今季は節目の通算100勝をクリアし、チームをAクラスへと導きたい。"
"浜屋　将太","埼玉西武ライオンズ","鹿児島","O","7","750万円（推定）","多彩な球種を投げ分ける左腕。育成契約を結んで迎えた昨季は二軍でアピールに成功し、7月に支配下へ復帰。その後は一軍で16試合に救援登板した。今季は課題である対右打者の成績を改善し、チームの戦力となりたい。"
"花田　旭","中日ドラゴンズ","大阪","不明","1","","パワフルな打撃を見せるルーキー外野手。東洋大では昨秋のリーグ戦で打率.342をマーク。確実性の面で進化を示し、2季連続となるベストナインに輝いた。プロの投げるボールにいち早く慣れ、1年目から一軍デビューを目指す。"
"仲三　優太","埼玉西武ライオンズ","栃木","A","6","","力強い打撃が売りのスラッガー。育成契約で迎えた昨季は二軍で猛アピールを見せ、7月10日に支配下へ昇格。同日の楽天戦でタイムリーを放ち、プロ初安打初打点をマークした。今季もバットで結果を残し続け、開幕一軍入りを狙う。"
"菊池　涼介","広島東洋カープ","東京","A","15","17,000万円（推定）","熟練した守備が売りのベテラン。昨季は二塁手として96試合にスタメン出場。2013年から続いていたシーズン100安打がストップするも、後半戦は打率.282を記録した。15年目を迎えた今季も、華麗なプレーでファンを魅了する。"
"金丸　夢斗","中日ドラゴンズ","兵庫","O","2","2,500万円（推定）","多彩な変化球を巧みに操る若手左腕。昨季は15試合に先発し、防御率2.61を記録。8月にはプロ初勝利をマークするなど、上々のルーキーイヤーを過ごした。今季は投球の安定感をさらに高め、より多くの白星を積み重ねる。"
"川下　将勲","埼玉西武ライオンズ","北海道","A","3","280万円（推定）","長い腕から繰り出すチェンジアップが武器の育成左腕。昨季は3月に公式戦デビューを果たし、3先発を含む4試合に登板。制球面に課題を残すも、防御率2.16で2勝を挙げた。今季は二軍でさらなるアピールを重ね、支配下昇格を狙う。"
"蛭間　拓哉","埼玉西武ライオンズ","群馬","O","4","1,900万円（推定）","鋭いスイングが魅力の若手外野手。昨季は一軍で結果を残せず、出場は12試合止まり。二軍でも打率.253、2本塁打と苦しいシーズンを過ごした。今季は飛躍のきっかけをつかみ、首脳陣の期待に応えたい。"
"斉藤　優汰","広島東洋カープ","北海道","O","4","700万円（推定）","キレのあるストレートが魅力の右腕。高卒3年目の昨季は二軍で先発、救援合わせて30試合に登板。10月3日には一軍でプロ初先発するも、5回途中5失点と悔しい結果に終わった。今季は課題の制球難を克服し、大きな飛躍を遂げたい。"
"茂木　栄五郎","東京ヤクルトスワローズ","東京","O","11","7,000万円（推定）","FAで加入した昨季は、離脱した村上宗隆（現ホワイトソックス）に代わって開幕からサードで出場。攻守に存在感を見せるも、7月に左膝を手術して以降はリハビリに専念した。今季は状態をいち早く整え、チームの勝利に貢献する。"
"松本　龍之介","東京ヤクルトスワローズ","大阪","O","2","300万円（推定）","選球眼に優れた育成キャッチャー。昨季は二軍で打率.181とバッティングでは苦戦したものの、多くのポジションをこなして84試合に出場した。2年目を迎える今季も実戦経験を積み重ね、支配下契約を手繰り寄せたい。"
"松下　歩叶","東京ヤクルトスワローズ","神奈川","不明","1","","広角に長打を放つドラフト1位ルーキー。法政大ではリーグのベストナインを4度獲得。昨年の日米大学野球選手権ではチームの主将を務め、MVPに輝く活躍を見せた。1年目から一軍で結果を残し、即戦力としての期待に応えたい。"
"松山　晋也","中日ドラゴンズ","青森","O","4","12,500万円（推定）","気迫のこもったピッチングで打者を圧倒する剛腕。昨季は開幕からクローザーを務め、53試合に登板。セ・リーグ記録に並ぶ46セーブを積み上げ、セーブ王のタイトルに輝いた。今季も絶対的な守護神として君臨し、最終回を締めくくる。"
"堂林　翔太","広島東洋カープ","愛知","A","17","4,800万円（推定）","鋭いライナー性の打球を放つベテラン。昨季は44試合に出場するも、打率.186、1本塁打と振るわず。シーズン後半は二軍での調整が続いた。17年目となる今季は持ち前の長打力を取り戻し、一軍で輝きを放ちたい。"
"佐藤　琢磨","東京ヤクルトスワローズ","新潟","A","5","400万円（推定）","スリークオーター気味のフォームからキレのある速球を投じる育成左腕。新天地で迎えた昨季は二軍で33試合に登板。特に左打者に対しては被打率.184と優秀な数字を残した。今季は制球力を向上させ、念願の支配下登録をつかみたい。"
"下村　海翔","阪神タイガース","兵庫","A","3","1,100万円（推定）","高いポテンシャルを備える若手右腕。昨季は前年に受けたトミー・ジョン手術のリハビリに努め、公式戦での登板がないままシーズンを終えた。今季は万全のコンディションを取り戻し、公式戦デビューを果たしたい。"
"Ｎ．ロベルト","広島東洋カープ","ドミニカ共和国","不明","3","","高いポテンシャルを備える育成外野手。昨季は二軍で41試合に出場。打率.183、3本塁打に終わるなど、思うような成績を残せなかった。来日3年目となる今季は打撃の確実性を高め、支配下登録に向けてアピールを続けたい。"
"柳　裕也","中日ドラゴンズ","宮崎","A","10","20,000万円（推定）","昨季は右肩のコンディション不良により、約2カ月半の戦線離脱。7月中旬に一軍復帰を果たすも状態が上がらず、わずか3勝にとどまった。FA権を行使せずに残留して迎える今季は、年間を通してローテーションを守りたい。"
"與座　海人","埼玉西武ライオンズ","沖縄","O","9","4,000万円（推定）","緩急を駆使して打者を打ち取るサブマリン。昨季は間隔を空けながら16試合に先発登板。防御率2.50と安定感を示し、6勝を挙げた。今季は首脳陣からさらなる信頼を勝ち取り、4年ぶりとなる2ケタ勝利を目指す。"
"Ｊ．キハダ","東京ヤクルトスワローズ","ベネズエラ","不明","1","","直球主体のピッチングで打者をねじ伏せる助っ人左腕。メジャーでは通算142試合に登板し、投球回を上回る175奪三振を記録。2023年にはベネズエラ代表としてWBCにも出場した。新天地でも持ち味を発揮し、チームを勝利に導く。"
"山野　太一","東京ヤクルトスワローズ","山口","B","6","2,300万円（推定）","豊富な球種を駆使した投球術が売りの左腕。昨季はコンディション不良による離脱があったものの14試合に先発。自己最多の5勝をマークするなど、飛躍への足がかりをつくった。今季は年間を通して万全の状態を保ち、先発陣の一翼を担う。"
"山田　脩也","阪神タイガース","宮城","A","3","600万円（推定）","次世代のショートストップ候補。昨季は二軍で内野手としてチームトップの100試合に出場。打率.198、21失策と攻守両面で成長を示すことができなかった。3年目の今季はプレーの確実性を高め、待望の一軍デビューを目指す。"
"Ｃ．ラグズデール","阪神タイガース","アメリカ","不明","1","","2メートルを超える長身から質の高い速球を投げ込む右腕。マイナーでは主に先発を務め、通算89試合に登板。昨季はメジャーデビューを果たし、リリーフで2試合に登板した。新天地でも首脳陣の期待に応え、チームに勝利を呼び込みたい。"
"Ｎ．ウォルターズ","東京ヤクルトスワローズ","アメリカ","不明","2","","150キロ台の速球とスライダーが武器の助っ人右腕。中日に所属した昨季は二軍で33試合に登板。一軍では3登板にとどまるも、計5イニングを無失点に抑えた。新天地で迎える今季は首脳陣の起用に応え、チームの勝利に貢献する。"
"Ｄ．アリア","広島東洋カープ","ドミニカ共和国","不明","1","","カープアカデミー出身のサウスポー。昨秋から練習生としてチームに参加。今春のキャンプでアピールを重ね、3月中旬に育成契約を結んだ。二軍のマウンドで実戦経験を積み、早期の支配下登録を目指す。"
"髙橋　光成","埼玉西武ライオンズ","群馬","B","12","25,000万円（推定）","変化球を駆使して凡打の山を築く右腕。昨季は24試合に先発して8勝をマーク。2年ぶりに規定投球回をクリアするなど、ローテーションを支えた。西武残留を決断して臨む今季は、投手陣の柱としてチームを上位進出へ導く。"
"近本　光司","阪神タイガース","兵庫","B","8","50,000万円（推定）","7年目を迎えた昨季は、6月に通算1000安打、9月に200盗塁を達成。最終的に打率.279、32盗塁の成績を残し、自身6度目となる盗塁王に輝いた。FA権を行使せず残留した今季も、あらゆる面でチームを引っ張る。"
"中村　祐太","埼玉西武ライオンズ","東京","A","13","1,800万円（推定）","高い制球力で打者を封じる右腕。昨季は二軍で防御率1点台と安定感が光り、12セーブを記録。7月上旬からは一軍に舞台を移し、貴重なブルペン要員となった。今季は開幕から力を発揮し、チームの上位進出に貢献したい。"
"佐藤　柳之介","広島東洋カープ","宮城","O","2","1,200万円（推定）","出どころの見えにくいフォームが特徴の左腕。1年目の昨季は6月29日の中日戦でプロ初登板初勝利をマーク。最終的には5先発を含む6試合に登板し、防御率3.60を記録した。今季は春先からアピールを続け、一軍定着を目指す。"
"神宮　僚介","阪神タイガース","群馬","A","1","","サイドハンドから力強いボールを投げ込む育成ルーキー。大学時代は3年夏にトミー・ジョン手術を経験。昨秋のリーグ戦では復活を遂げ、MVPに選出された。プロ1年目の今季は実戦経験を積み重ね、早期の支配下登録を目指す。"
"菅井　信也","埼玉西武ライオンズ","山形","A","5","1,400万円（推定）","キレのある変化球で空振りを奪う若手左腕。昨季は6月までに5勝をマーク。その後は白星を重ねられなかったものの、手応えをつかんだ。今季はさらなるレベルアップを図り、先発ローテーション定着を目指す。"
"辰見　鴻之介","広島東洋カープ","福岡","B","4","470万円（推定）","抜群の脚力を誇るユーティリティー。育成選手として迎えた昨季は、二軍でリーグトップの31盗塁を記録。7月末に支配下登録を勝ち取るも、一軍には昇格できなかった。今季はさらなる成長を遂げ、新天地でチャンスをものにしたい。"
"杉原　望来","広島東洋カープ","大阪","A","3","350万円（推定）","直球とスライダーのコンビネーションが光る育成左腕。昨季は二軍で1先発を含む16試合に登板するも、防御率7点台と振るわなかった。今季は真っすぐの球速を向上させ、支配下契約に向けて前進したい。"
"青柳　晃洋","東京ヤクルトスワローズ","神奈川","B","11","5,000万円（推定）","横の揺さぶりで打者を打ち取るサイドハンド。昨季はシーズン途中の7月末にチームへ加入。一軍では3試合に先発するも、防御率8.10に終わった。今季は本来のピッチングを取り戻し、開幕から投手陣を支えたい。"
"新井　唯斗","埼玉西武ライオンズ","埼玉","O","1","","走攻守をバランスよく備える育成ルーキー。八王子高では、2年秋に外野からショートへ本格的にコンバート。翌春の東京大会では6試合に出場し、5割超えの打率を記録した。1年目の今季は体力強化に励みつつ、実戦でアピールを重ねたい。"
"西　勇輝","阪神タイガース","三重","B","18","30,000万円（推定）","卓越した投球術が光るベテラン右腕。昨季は4月中旬に右膝を故障して戦線を離脱。その後は一軍のマウンドに上がれず、不本意なシーズンに終わった。18年目の今季は持ち味を取り戻し、再びチームの戦力となりたい。"
"武岡　龍世","東京ヤクルトスワローズ","徳島","O","7","1,500万円（推定）","安定した守備が売りの内野手。昨季はプロ初のサヨナラ弾など要所での活躍はあったものの、トータルでは打率.183と結果を残せず。出場は47試合にとどまった。今季はバッティングを磨き、定位置確保を目指す。"
"遠藤　淳志","広島東洋カープ","茨城","O","9","1,800万円（推定）","しなやかなフォームでキレのあるボールを投じる右腕。昨季は二軍で25試合に登板し、防御率2.44をマーク。一軍では8月に2年ぶりの白星を挙げるも、7試合の登板に終わった。今季は持ち球のレベルを高め、チームの力になりたい。"
"伊原　陵人","阪神タイガース","奈良","B","2","3,600万円（推定）","キレのあるボールを強気に投げ込む左腕。ルーキーイヤーの昨季は17先発を含む28試合に登板し、防御率2.29を記録。新人離れの安定感でリーグ制覇に貢献した。今季も持ち前のマウンド度胸を披露し、首脳陣の起用に応える。"
"今岡　拓夢","埼玉西武ライオンズ","兵庫","B","1","","鋭いスイングで快打を飛ばす育成内野手。神村学園高では1年時から主力として活躍し、3年連続で甲子園に出場。昨秋のU-18ワールドカップでは本塁打を放った。ルーキーイヤーからプロのレベルに順応し、支配下昇格に備える。"
"伊藤　将司","阪神タイガース","千葉","AB","6","14,000万円（推定）","コーナーを突く投球が持ち味の左腕。昨季は2年ぶりの完封を記録するなど、シーズン中盤は安定した投球を披露。9月以降に調子を崩すも、低迷した前年からの復調を予感させた。今季は速球の質を磨き直し、ローテーション争いを制したい。"
"鵜飼　航丞","中日ドラゴンズ","愛知","O","5","1,050万円（推定）","長打力が売りの5年目外野手。昨季は二軍で打率.299、7本塁打をマークするも、一軍では打率1割台に低迷。30試合の出場にとどまる悔しいシーズンだった。今季は変化球への対応力を高め、チームの戦力となりたい。"
"西濱　勇星","東京ヤクルトスワローズ","群馬","O","4","320万円（推定）","勢いのある速球が武器の育成右腕。昨季は二軍で22試合に登板。シーズン中盤以降は打ち込まれる試合も多く、思うような結果を残せなかった。今季はさらなるレベルアップを図り、支配下契約を勝ち取りたい。"
"拓也（矢崎　拓也）","東京ヤクルトスワローズ","東京","O","10","","力強い直球とフォークで空振りを奪う右腕。新天地で迎えた昨季は、45試合に登板して防御率1.93を記録。12ホールドを挙げるなど、ブルペンの一員として存在感を示した。今季も力強いピッチングを披露し、勝利のバトンをつなぐ。"
"河野　佳","広島東洋カープ","兵庫","O","4","600万円（推定）","多彩な変化球を操る右腕。昨季は二軍で32試合に救援登板するも、一軍昇格は果たせず。オフには戦力外通告を受けた。育成契約となって迎える今季は春先からアピールを続け、支配下登録への復帰を目指す。"
"尾田　剛樹","中日ドラゴンズ","兵庫","A","3","850万円（推定）","抜群の脚力を誇る育成出身外野手。2年目の昨季は二軍で首位打者と最高出塁率のタイトルを獲得。チームトップの25盗塁をマークするなど、持ち味を存分に発揮した。今季は走塁技術をさらに磨き、一軍の舞台で躍動したい。"
"牧野　翔矢","埼玉西武ライオンズ","石川","B","8","1,000万円（推定）","矢のような送球が魅力の捕手。開幕一軍入りを果たした昨季は29試合に出場するも、思うような結果を残せず。7月中旬に登録を抹消され、以降は二軍で研さんを積んだ。今季は攻守にレベルアップを図り、一軍定着を目指す。"
"中村　奈一輝","中日ドラゴンズ","宮崎","A","2","300万円（推定）","俊足と強肩を兼ね備える育成内野手。1年目の昨季は二軍で51試合に出場し、打率.265をマーク。オフにはアジア・ウインターリーグで研さんを積んだ。今季は全体的なレベルアップを図り、支配下契約に近づきたい。"
"平川　蓮","広島東洋カープ","北海道","A","1","","走攻守3拍子そろった大型スイッチヒッター。大学4年秋のリーグ戦では11試合で打率.378、4本塁打、22打点を記録。バットでの活躍に加え、13盗塁と脚力も見せつけた。1年目から一軍の戦力となり、指揮官の起用に応えたい。"
"源田　壮亮","埼玉西武ライオンズ","大分","O","10","30,000万円（推定）","昨季は故障の影響もあり、出場は104試合止まり。自慢のディフェンスでは健在ぶりを見せるも、バッティングは打率.209に終わるなど低迷した。今季は打撃を磨き直し、攻守にわたってチームをけん引したい。"
"ケムナ　誠","広島東洋カープ","アメリカ","B","9","1,600万円（推定）","角度のあるストレートを投じる右腕。昨季は二軍で24試合に登板し、防御率4.78と振るわず。ルーキーイヤー以来の一軍登板ゼロに終わった。正念場を迎える今季は自身の投球を見つめ直し、チームの戦力となりたい。"
"小野寺　暖","阪神タイガース","奈良","A","7","1,500万円（推定）","広角にライナーを打ち分ける外野手。昨季は若手の台頭もあって出場は19試合止まり。クライマックスシリーズでは途中出場で適時打を放ち、貴重な追加点をもたらした。今季は春先から結果を残し、一軍定着を目指す。"
"森脇　亮介","埼玉西武ライオンズ","京都","A","8","1,400万円（推定）","落差の大きいフォークが武器のリリーフ右腕。昨季は支配下復帰を目指して新しい投球フォームを模索。二軍と三軍で登板を重ね、一定の手応えをつかんだ。今季も着実にステップアップし、2ケタの背番号を取り戻したい。"
"福尾　遥真","埼玉西武ライオンズ","千葉","O","2","280万円（推定）","軽快なフィールディングが魅力の育成内野手。高卒1年目の昨季は主に三軍で実戦経験を蓄積。二軍では7試合に出場し、計9打数3安打3打点をマークした。今季はさらなるステップアップを見せ、支配下昇格に向けてアピールしたい。"
"ブライト　健太","中日ドラゴンズ","東京","A","5","2,200万円（推定）","豪快なスイングから放たれる長打が魅力の外野手。昨季は自己最多となる83試合に出場。8月には月間打率.405を記録するなど、確かな成長を示した。今季は年間を通した活躍を見せ、レギュラー獲得を狙う。"
"塩見　泰隆","東京ヤクルトスワローズ","神奈川","B","9","4,300万円（推定）","昨季は前年にメスを入れた左膝をオープン戦で負傷し、再び同箇所を手術。シーズンをリハビリに費やしたものの、オフの秋季練習では順調な回復ぶりを見せた。復活を期す今季はコンディションを万全に整え、ファンに元気な姿を披露したい。"
"佐藤　啓介","広島東洋カープ","愛知","A","3","700万円（推定）","思い切りの良いスイングで鋭い打球を放つ内野手。昨季は二軍で84試合に出場し、打率.247を記録。外野手としても起用されるなど、プレーの幅を広げた。今季はバッティングにさらなる磨きをかけ、一軍で結果を残したい。"
"松木平　優太","中日ドラゴンズ","大阪","O","6","900万円（推定）","直球とチェンジアップの緩急が光る右腕。昨季は右足首の故障で出遅れ、5月に実戦復帰。二軍で防御率3.00を記録するも、一軍での登板は1試合のみに終わった。今季はキャンプから万全の状態で臨み、ローテーション争いに加わりたい。"
"松本　竜也","広島東洋カープ","奈良","A","5","1,100万円（推定）","伸びのある真っすぐが持ち味の右腕。昨季は二軍で31試合に登板し、防御率2.81をマーク。一軍では7月に4試合でマウンドに上がるも、思うような結果を残せなかった。今季は春先からアピールを重ね、首脳陣の信頼をつかみたい。"
"森浦　大輔","広島東洋カープ","和歌山","O","6","11,000万円（推定）","チェンジアップで打者のタイミングを外す左腕。昨季はキャリアハイの60試合に登板し、防御率1.63を記録。後半戦からは抑えを務め、最終的に25ホールド、12セーブを挙げた。今季も救援陣の柱として、大車輪の活躍を見せる。"
"Ｍ．サノー","中日ドラゴンズ","ドミニカ共和国","不明","1","","パワフルなスイングで打球をスタンドに運ぶ助っ人。メジャーでは通算722試合に出場。シーズン30発を2度達成するなど、計164本塁打を放った実績を誇る。新天地でも自慢のパワーを見せつけ、多くの得点を生み出す。"
"Ａ．アブレウ","中日ドラゴンズ","ドミニカ共和国","不明","2","","150キロ台中盤の速球で打者を押し込む助っ人右腕。西武に所属した2024年には、52登板で11ホールド、28セーブを記録した。再びNPBの舞台に上がる今季は、首脳陣の起用に応えてチームの勝利に貢献したい。"
"Ｅ．ラミレス","埼玉西武ライオンズ","ドミニカ共和国","不明","2","","キレのある変化球で空振りを奪う右腕。来日1年目の昨季は開幕から救援陣の一員として躍動。夏場に故障離脱はあったものの、23試合連続無失点を記録するなど力を示した。今季は年間を通して腕を振るい、チームの勝利に貢献したい。"
"Ｅ．ルーカス","阪神タイガース","アメリカ","不明","1","","150キロを超える速球を軸に投球を組み立てる助っ人左腕。マイナーでは通算165試合に登板。2023年にメジャーデビューを果たし、昨季は6登板で3勝をマークした。来日1年目から投手陣の力となり、チームの勝利に貢献する。"
"Ｔ．ハーン","広島東洋カープ","アメリカ","不明","3","","150キロを超える速球で打者を封じる剛腕助っ人。来日2年目の昨季はシーズン序盤こそ安定感を欠くも、最終的に55試合にリリーフ登板。21ホールド、8セーブをマークした。今季も勝ちパターンの一翼を担い、フル回転の活躍を誓う。"
"下川　隼佑","東京ヤクルトスワローズ","神奈川","A","2","900万円（推定）","緩急を駆使して打者のタイミングを外すアンダーハンド。育成選手としてヤクルトに加入した昨季は、5月に支配下契約を締結。8月にはプロ初勝利を挙げるなど、着実に経験を積んだ。今季は投球術に磨きをかけ、出番をさらに増やしたい。"
"中村　剛也","埼玉西武ライオンズ","大阪","O","25","7,500万円（推定）","歴代屈指のパワーヒッター。昨季はシーズン序盤こそ活躍が光るも、6月から成績が低迷。7月7日の登録抹消後は、二軍でも結果を残せなかった。25年目を迎える今季は本来の打棒を取り戻し、より多くのアーチを描きたい。"
"髙木　快大","広島東洋カープ","愛知","A","1","","伸びのある直球を投げ込むルーキー右腕。中京大では3年春のリーグ戦で完全試合を達成。4年秋は右肘の不調でマウンドに上がれず、11月にトミー・ジョン手術を受けた。近い将来の実戦デビューを目指し、今季はリハビリに励みたい。"
"辻　大雅","広島東洋カープ","神奈川","A","4","800万円（推定）","勢いのある直球で三振を奪う育成出身左腕。昨季は7月下旬に支配下登録を勝ち取ると、8月に一軍デビュー。以降は16試合に登板し、防御率1.13と好投を続けた。今季はより一層のスケールアップを図り、出番の増加につなげたい。"
"髙野　颯太","東京ヤクルトスワローズ","島根","A","3","320万円（推定）","思い切りの良いスイングが魅力の育成内野手。昨季は二軍で77試合に出場するも、打率.130と振るわず。本塁打もゼロに終わるなど、持ち前の長打力は鳴りを潜めた。今季はあらゆる面でレベルアップを果たし、支配下登録をつかみたい。"
"糸原　健斗","阪神タイガース","島根","O","10","5,500万円（推定）","豊富な経験を誇るベテラン内野手。9年目の昨季は、主に代打として61試合に出場。打率は.203にとどまり、満足のいくシーズンとはならなかった。今季は持ち前の粘り強い打撃を取り戻し、チームの勝利に貢献したい。"
"梅津　晃大","中日ドラゴンズ","宮城","B","8","400万円（推定）","力強いストレートが持ち味の右腕。昨季は春先から右肩の状態が上がらず、7月に同箇所を手術。公式戦での登板がないままシーズンを終え、オフには育成契約を結んだ。今季は患部のリハビリに注力し、万全のコンディションを取り戻したい。"
"石川　大峨","中日ドラゴンズ","静岡","不明","1","","パワフルなスイングが魅力の育成内野手。掛川西高では1年秋からレギュラーとなり、2年時には夏の甲子園に出場。1回戦では2点タイムリーを含む2安打の活躍を見せた。プロでも1年目から打力をアピールし、実戦で手応えをつかみたい。"
"茨木　秀俊","阪神タイガース","北海道","A","4","550万円（推定）","質の良いボールを投げ込む若手右腕。昨季は上半身のコンディション不良で出遅れるも、9月下旬に一軍デビュー。2試合を無失点に抑えるなど、能力の一端を示した。今季は投球の精度を高め、より一層の飛躍を目指す。"
"伊藤　琉偉","東京ヤクルトスワローズ","群馬","O","3","1,400万円（推定）","積極的なプレーが持ち味の内野手。昨季は4月20日にプロ初ヒットとサヨナラ打を記録する印象的な活躍を披露。バットで存在感を示し、87試合に出場と大きく出番を増やした。今季も首脳陣の起用に応え、チームの勝利に貢献する。"
"中村　奨成","広島東洋カープ","広島","B","9","3,000万円（推定）","非凡なバッティングセンスを誇る地元出身外野手。昨季は主に1番打者を務め、自己最多の104試合に出場。打率.282、9本塁打をマークするなど、持ち味を存分に発揮した。今季はさらなる成長を遂げ、レギュラーの座を守りきる。"
"根尾　昂","中日ドラゴンズ","岐阜","O","8","1,050万円（推定）","キレのある速球とスライダーで勝負する右腕。リリーフに専念した昨季は、二軍で42試合に登板。防御率2.68を記録するも、一軍での登板はわずか4試合に終わった。背水の陣で臨む今季は持ち球の精度を高め、出番を勝ち取りたい。"
"津田　啓史","中日ドラゴンズ","熊本","O","3","420万円（推定）","走攻守すべてで高い能力を秘める内野手。昨季は一軍デビューを果たすも、出場は5試合止まり。二軍でも打率.229と前年からの成長を示せず、オフには育成契約を結んだ。今季は春先から実戦で結果を残し、早期の支配下復帰を狙う。"
"濱岡　蒼太","埼玉西武ライオンズ","神奈川","A","1","","カットボールなど多彩な変化球を投げ分ける新人左腕。川和高ではエースとしてチームをけん引。昨年9月に受けた西武の入団テストに合格し、ドラフトで育成指名を受けた。プロでも地道な鍛錬を重ね、技術を磨いていく。"
"成田　晴風","埼玉西武ライオンズ","青森","AB","3","650万円（推定）","快速球が持ち味の若手右腕。昨季は前年に受けた頸椎（けいつい）の手術の影響からフォーム固めに注力。秋季教育リーグでは威力抜群のボールを投げ込み、存在感を示した。高卒3年目の今季は公式戦デビューを見据え、鍛錬を重ねる。"
"川越　誠司","中日ドラゴンズ","北海道","A","11","1,400万円（推定）","思い切りの良いスイングが特徴の外野手。昨季は主に代打として起用されるも、打率1割台と振るわず。持ち前の長打力も鳴りを潜めた。今季は自身のバッティングを見つめ直し、出場機会を増やしたい。"
"熊谷　敬宥","阪神タイガース","宮城","A","9","3,000万円（推定）","華麗な守備が光るユーティリティー。昨季はプロ初本塁打を放つなど、バットでアピールに成功。自己最多の37試合にスタメン出場し、バックアップ要員からの脱却を果たした。今季は打撃をより一層磨き、定位置確保に挑む。"
"狩生　聖真","埼玉西武ライオンズ","大分","A","2","700万円（推定）","ストレートとチェンジアップの緩急が武器の若手右腕。高卒1年目の昨季は主に三軍で登板。二軍では1試合に先発し、5イニングで5奪三振を記録した。今季は実戦でアピールを重ね、一軍デビューに向けて前進したい。"
"岡林　勇希","中日ドラゴンズ","三重","O","7","15,000万円（推定）","昨季は12球団唯一のフルイニング出場を達成し、リーグ最多の168安打をマーク。ベストナインとゴールデングラブ賞にも輝くなど、充実したシーズンを送った。今季も走攻守にわたる活躍を見せ、チームをAクラスへと導きたい。"
"勝田　成","広島東洋カープ","大阪","B","1","","非凡な野球センスを誇る新人内野手。近畿大ではリーグ戦で通算83試合に出場し、打率.344、32盗塁をマーク。4年時は春秋ともに無失策と、堅実な守備にも定評がある。プロでも持ち味を存分に発揮し、定位置争いに加わりたい。"
"久保　修","広島東洋カープ","大阪","A","4","700万円（推定）","守備範囲の広さに定評がある俊足外野手。昨季は二軍で公式戦初アーチを放つも、打率.232とアピールできず。一軍の出場は前年を下回る17試合にとどまった。今季は打撃面で成長を見せ、定位置争いに割って入りたい。"
"松本　航","埼玉西武ライオンズ","兵庫","AB","8","4,000万円（推定）","伸びのあるストレートが武器の右腕。昨季は二軍で先発を中心に17試合に登板。防御率2.45とまずまずの成績を残すも、一軍登板は自己最少の3試合にとどまった。今季は2年ぶりの白星をつかみ、チームの戦力として躍動したい。"
"長谷川　信哉","埼玉西武ライオンズ","京都","B","6","3,400万円（推定）","パンチ力のある打撃と俊足を生かした守備が魅力の外野手。昨季は自己最多の132試合に出場。規定打席到達を果たすも、打率.225と満足のいく成績は残せなかった。今季は打撃の確実性を高め、レギュラーの座を確固たるものとしたい。"
"福永　裕基","中日ドラゴンズ","滋賀","AB","4","2,700万円（推定）","シャープなスイングで広角に打球を飛ばす内野手。昨季は度重なる故障の影響で、出場は自己最少の20試合止まり。打率.173、1本塁打に終わるなど、不完全燃焼の1年だった。今季はコンディションに気を配り、一軍の戦力となりたい。"
"日渡　騰輝","中日ドラゴンズ","茨城","O","3","300万円（推定）","強肩を生かしたスローイングが売りの育成キャッチャー。昨季は二軍で前年を上回る26試合に出場。オフには秋季教育リーグにも参加するなど、数々の経験を積んだ。3年目の今季は実戦で結果を残し、支配下登録をつかみたい。"
"阪口　皓亮","東京ヤクルトスワローズ","大阪","O","9","1,200万円（推定）","多彩な変化球でゴロを打たせる投球が持ち味の右腕。昨季は開幕一軍入りを果たし、自己最多の18試合に登板。ロングリリーフもこなすなど、チームに貢献した。今季は首脳陣の信頼を高め、一軍での登板機会を増やしたい。"
"工藤　泰成","阪神タイガース","秋田","A","2","840万円（推定）","剛速球を武器に打者と勝負する若手右腕。ルーキーイヤーの昨季は春先からアピールに成功し、3月に支配下選手へ昇格。一軍で18試合に登板するなど、貴重な経験を積んだ。今季も力強い投球を続け、年間を通して一軍の戦力となりたい。"
"小林　結太","広島東洋カープ","岡山","A","1","","軽快なフットワークと正確な送球が売りの育成捕手。広角に強い打球を放つバッティングも魅力で、城西大では4年秋のリーグ戦で4割を超える打率を記録した。まずは二軍で結果を残し、早期の支配下登録を目指す。"
"古賀　悠斗","埼玉西武ライオンズ","福岡","A","5","6,600万円（推定）","強肩から鋭い送球を繰り出すキャッチャー。昨季は自己最多の112試合に出場。盗塁阻止率は低迷するも、打撃面ではキャリアハイの7本塁打を放った。今季は攻守に磨きをかけ、扇の要としてチームを引っ張りたい。"
"坂本　拓己","東京ヤクルトスワローズ","北海道","A","4","580万円（推定）","150キロ前後のストレートを投げ込む若手左腕。高卒3年目の昨季は二軍で17試合に登板。シーズン終盤には一軍デビューを果たすなど、実りのあるシーズンとなった。今季はより一層のステップアップを遂げ、プロ初勝利を狙う。"
"持丸　泰輝","広島東洋カープ","北海道","A","7","550万円（推定）","シュアなバッティングを見せる捕手。昨季は二軍で50試合に出場するも、打率が1割台に低迷。3年続けて一軍出場がゼロに終わる悔しいシーズンとなった。正念場を迎える今季はあらゆる面でスキルアップを図り、実戦で結果を残したい。"
"三浦　大輝","埼玉西武ライオンズ","愛知","A","4","400万円（推定）","切れ味抜群のスライダーで打者を封じる育成右腕。昨季は5月下旬に二軍での出番をつかみ、18試合に登板。24イニングを投げて28奪三振、防御率1.50を記録した。4年目の今季は春先からアピールを続け、念願の支配下昇格を狙う。"
"篠﨑　国忠","中日ドラゴンズ","東京","不明","1","","150キロ超のストレートを連発する大型新人右腕。昨季は四国アイランドリーグplusの徳島でプレー。投球回を上回る奪三振数を記録するなど、能力の高さを示した。NPBでも鍛錬を続け、存在感を放ちたい。"
"横田　蒼和","埼玉西武ライオンズ","埼玉","O","1","","強打が魅力の新人内野手。高校3年夏の埼玉大会では、投手としてマウンドにも上がりながら打率.462をマーク。2本塁打を放つなど、持ち前の打棒を披露した。将来の主力となるべく、1年目から二軍で多くの出場機会を得たい。"
"味谷　大誠","中日ドラゴンズ","大阪","A","5","610万円（推定）","強肩を生かしたスローイングが武器の5年目捕手。昨季は二軍で前年を上回る61試合に出場。一軍ではシーズン終盤にスタメンマスクをかぶるなど、貴重な経験を積んだ。今季はバットで存在感を示し、より多くの出番を勝ち取りたい。"
"渡部　聖弥","埼玉西武ライオンズ","広島","O","2","3,100万円（推定）","パンチ力のある打撃が持ち味のスラッガー。昨季はルーキーながら5番・レフトで開幕スタメン入り。2度の故障離脱を経験するも、チーム2位の12本塁打を放った。今季はコンディションに気を配りつつ、年間を通して打線を引っ張りたい。"
"山村　崇嘉","埼玉西武ライオンズ","東京","O","6","2,300万円（推定）","思い切りの良い打撃が魅力の若手内野手。昨季は自己最多の71試合に出場。キャリアハイの4本塁打を放ち、9月以降は多くの試合でスタメンに名を連ねた。今季は好不調の波を小さくし、レギュラーの座をつかみ取りたい。"
"Ｃ．ディベイニー","阪神タイガース","アメリカ","不明","1","","引っ張り方向に大きな放物線を描く内野手。昨季はマイナーで主にショートを務め、打っては103試合で20本塁打を記録。シーズン終盤にはメジャーデビューも果たした。新天地でも攻守に躍動し、チームのリーグ連覇に貢献したい。"
"Ｊ．ボスラー","中日ドラゴンズ","アメリカ","不明","2","","自慢のパワーで長打を連発する助っ人スラッガー。来日1年目の昨季は、122試合に出場して13本塁打を記録。チームトップタイの58打点を挙げる活躍を見せた。今季も打線の中軸を担い、より多くのアーチを描きたい。"
"高橋　周平","中日ドラゴンズ","神奈川","O","15","6,000万円（推定）","広角に鋭い打球を放つ15年目内野手。昨季は6月の試合で左肘を負傷。長期離脱を余儀なくされ、わずか41試合の出場にとどまった。今季は万全のコンディションでシーズンを迎え、若手に負けない働きを見せたい。"
"髙橋　遥人","阪神タイガース","静岡","A","9","3,000万円（推定）","左腕の手術を経て臨んだ昨季は、7月中旬に一軍へ合流。10月17日のクライマックスシリーズでは、8回1死までノーヒットに抑える好投を披露した。今季は万全の状態を保ち、年間を通してローテーションの一翼を担いたい。"
"知野　直人","中日ドラゴンズ","新潟","A","8","1,000万円（推定）","選球眼と脚力が武器のユーティリティー。DeNAでプレーした昨季は8月に2年ぶりとなる本塁打を放つも、打率.176と振るわず。前年を下回る8試合の出場に終わった。中日に移籍して迎える今季は打撃を磨き直し、一軍に定着したい。"
"佐野　大陽","阪神タイガース","静岡","A","2","730万円（推定）","堅実な守備とミート力に定評のある内野手。1年目の昨季は、二軍で91試合に出場して打率.266を記録。内野の全ポジションに就くなど、貴重な経験を積んだ。今季は走攻守すべての面でレベルアップを果たし、一軍デビューに備える。"
"新保　茉良","中日ドラゴンズ","大阪","不明","1","","巧みなグラブさばきと強肩が魅力の新人内野手。東北福祉大では4年春にレギュラー定着。6月の全日本大学野球選手権では、本塁打を放つなどチームの優勝に貢献した。まずは持ち味の守備でアピールし、1年目から出場機会を勝ち取りたい。"
"杉山　遙希","埼玉西武ライオンズ","東京","O","3","700万円（推定）","低めに集める制球力が持ち味の若手左腕。昨季は二軍で主に先発を務めるも、防御率4.44と苦戦。一軍でも1試合の登板で4回9失点と悔しい結果に終わった。3年目の今季は一層のレベルアップを図り、プロ初勝利を目指す。"
"石橋　康太","中日ドラゴンズ","千葉","A","8","1,060万円（推定）","ミート力と強肩を兼ね備えるキャッチャー。昨季は主に二軍でプレーして打率.305を記録するも、一軍での出場は10試合にとどまった。今季はキャンプから首脳陣にアピールし、多くの出場機会を勝ち取りたい。"
"有馬　惠叶","中日ドラゴンズ","愛媛","A","2","540万円（推定）","長身から角度のあるボールを投げ込む2年目右腕。昨季は二軍での登板こそなかったものの、練習試合や秋季教育リーグで実戦経験を積んだ。今季も鍛錬を重ね、公式戦のマウンドで結果を残したい。"
"石川　昂弥","中日ドラゴンズ","愛知","O","7","2,300万円（推定）","強打が持ち味の7年目内野手。昨季は開幕戦で4番を務めるも、バッティングの状態が上がらず。22試合の出場でわずか1本塁打と、不本意な結果に終わった。今季は自身の打撃を見つめ直し、首脳陣の期待に応えたい。"
"安藤　銀杜","埼玉西武ライオンズ","愛知","O","1","","規格外の体格を誇る育成ルーキー。大学時代から投手としてプレーを続けていたものの、ポテンシャルの高さを評価され野手としてドラフト指名を受けた。1年目の今季はトレーニングに励み、プロで戦う土台を築きたい。"
"荘司　宏太","東京ヤクルトスワローズ","東京","AB","2","4,200万円（推定）","昨季は新人ながら主にセットアッパーとして45試合に登板し、防御率1.05の好成績をマーク。チームトップの28ホールドを挙げる活躍を披露し、見事新人王に輝いた。今季も大事な局面でマウンドに上がり、チームのリードを守り抜く。"
"立石　正広","阪神タイガース","山口","O","1","","類まれな打撃センスを誇るゴールデンルーキー。大学時代はリーグ戦のベストナインを4度受賞。2年春には三冠王に輝くなど、世代屈指のスラッガーとしてその名をとどろかせた。プロのレベルにいち早く慣れ、虎党の期待に応えたい。"
"竹山　日向","東京ヤクルトスワローズ","愛知","B","5","400万円（推定）","キレのあるストレートを軸に打者と勝負する若手右腕。昨季は二軍で防御率6点台と振るわず。3年連続で一軍登板ゼロに終わり、オフに育成契約を結んだ。今季は課題を着実にクリアし、支配下復帰に向けて前進したい。"
"板山　祐太郎","中日ドラゴンズ","神奈川","B","11","2,200万円（推定）","ユーティリティー性が武器の内野手。昨季は内外野4つのポジションをこなし、自己最多の84試合に出場。5月18日に代打逆転2ランを放つなど、要所での活躍が光った。今季も与えられた役割を果たし、チームの勝利に貢献する。"
"上林　誠知","中日ドラゴンズ","埼玉","O","13","4,600万円（推定）","移籍2年目の昨季は134試合に出場し、打率.270、17本塁打をマーク。リーグ2位の27盗塁を記録するなど、走攻守で高いパフォーマンスを発揮した。チームを上位進出へ導くべく、今季も打線をけん引したい。"
"岩城　颯空","埼玉西武ライオンズ","富山","A","1","","がっちりとした体格から力強い直球を投げ込む新人左腕。中央大では4年秋に先発、救援合わせて7試合に登板。防御率2.43を記録し、イニング数以上の三振を奪った。プロでも与えられた役割で結果を残し、チームの勝利に貢献する。"
"上田　大河","埼玉西武ライオンズ","三重","A","3","1,250万円（推定）","多彩な変化球を投げ分ける若手右腕。昨季は開幕ローテーション入りを果たすも、登板は4試合止まり。白星は挙げられずにシーズンを終えた。3年目の今季はストレートに磨きをかけ、プロ初勝利を目指す。"
"長坂　拳弥","阪神タイガース","群馬","B","10","1,200万円（推定）","強肩に定評のある捕手。前年に右肘を手術して臨んだ昨季は、一軍での出場が1試合止まり。二軍でも盗塁阻止率が振るわないなど、アピール不足に終わった。10年目の今季は首脳陣からの信頼を高め、より多くの試合でマスクをかぶりたい。"
"濱田　太貴","阪神タイガース","福岡","A","8","1,600万円（推定）","パンチ力のある打撃が光る外野手。ヤクルトでプレーした昨季は開幕から不振が続き、4月中旬に登録抹消を経験。8月末の一軍再昇格後は打率.256、4本塁打と一定の結果を残した。新天地で迎える今季は、年間を通して戦力になりたい。"
"西　純矢","阪神タイガース","広島","O","7","1,500万円（推定）","投手登録だった昨季は2月に右肘を手術するも、実戦への復帰は果たせず。レギュラーシーズン終了後に野手転向を決め、育成選手として契約を結び直した。打撃のポテンシャルを開花させるべく、まずは猛練習に取り組む。"
"仲田　慶介","埼玉西武ライオンズ","福岡","A","5","1,200万円（推定）","内外野の複数ポジションを守るスイッチヒッター。新天地で迎えた昨季は春先からアピールを重ね、開幕前に支配下へ昇格。60試合に出場し、プロ初盗塁や初打点をマークした。今季も走攻守で技術を磨き、監督のあらゆる起用に応えたい。"
"西村　瑠伊斗","東京ヤクルトスワローズ","京都","B","4","700万円（推定）","非凡なパワーを秘めた若手スラッガー。昨季は二軍で100試合に出場し、4本塁打を記録。9月30日には一軍でプロ初ヒットとなるタイムリーを放ち、確かな成長を示した。今季は池山新監督の期待に応え、レギュラー争いに参戦する。"
"岡本　駿","広島東洋カープ","徳島","AB","2","2,000万円（推定）","鋭く落ちるツーシームを操る若手右腕。昨季はチームの新人で唯一の開幕一軍入り。41試合に救援登板し、防御率2.88と堂々たるピッチングを披露した。本格的に先発へ転向する今季は、ローテーション争いに名乗りを上げる。"
"岡城　快生","阪神タイガース","岡山","O","1","","自慢の快足を生かしたプレーが魅力のルーキー。大学時代は3年秋のリーグ戦から3季連続で打率.350以上を記録。昨春は11試合で7盗塁を決めるなど、持ち味を存分に見せつけた。プロの世界でもアピールを重ね、一軍の舞台を目指す。"
"内山　壮真","東京ヤクルトスワローズ","富山","O","6","4,400万円（推定）","優れた選球眼とパンチ力を備えたユーティリティー。オフに腰の手術を受けて臨んだ昨季は、主にレフトを守り116試合に出場。初めて規定打席に到達し、キャリアハイの8本塁打を記録した。今季も首脳陣の起用に応え、打線を引っ張る。"
"東浜　巨","福岡ソフトバンクホークス","沖縄","A","14","11,000万円（推定）","豊富な球種を操るベテラン右腕。昨季は7試合の登板で4勝をマーク。防御率2.51を残すなど、限られた出番の中で安定感を発揮した。FA権を行使しての残留を経て臨む今季は、熟練の投球術を武器にローテーション争いを勝ち抜きたい。"
"杉山　諒","千葉ロッテマリーンズ","愛知","O","1","","俊足巧打を武器に躍動する育成外野手。大学時代はリーグ戦で通算106安打を放ち、打率.348をマーク。昨夏は日米大学野球選手権でもプレーした。プロでも持ち味をアピールし、1年目から支配下登録を目指す。"
"田中　晴也","千葉ロッテマリーンズ","新潟","不明","4","2,300万円（推定）","昨季は開幕から先発陣をけん引。コンディション不良により一軍登板は8月3日が最後となったものの、13試合の先発で防御率2.48をマークした。4年目の今季も力強い直球を軸に三振を量産し、ローテーションの柱へと成長を遂げる。"
"池田　隆英","北海道日本ハムファイターズ","佐賀","B","10","5,200万円（推定）","気迫に満ちた投球が魅力の右腕。昨季は24試合に登板し、防御率2.45を記録。シーズン序盤は勝ちパターンに加わるも、交流戦後は二軍での調整が続いた。今季は本来のピッチングを取り戻し、再び勝利の方程式の一翼を担いたい。"
"石川　慎吾","千葉ロッテマリーンズ","大阪","O","15","2,300万円（推定）","パンチ力のある打撃が売りの外野手。昨季は二軍で3割近くの打率を残したものの、一軍では打率.086と低迷。出場は移籍後最少の14試合にとどまった。今季は一軍の投手陣に対しても結果を残し、チームの戦力となりたい。"
"泉　圭輔","読売ジャイアンツ","石川","A","8","3,500万円（推定）","力強いストレートを投げ下ろす右腕。昨季は防御率5.84と精彩を欠き、登板は10試合止まり。特に左打者に対して被打率.478と課題を残した。先発に挑戦する今季は首脳陣へのアピールを続け、チームへの貢献度を高めたい。"
"安德　駿","福岡ソフトバンクホークス","福岡","B","2","980万円（推定）","空振りを奪えるストレートが魅力の若手右腕。昨季は入団前に発症した右肘炎症の影響で出遅れ、公式戦の登板は二軍での5試合止まり。夏場以降は体づくりが中心となった。2年目の今季は状態を万全にし、一軍のマウンドに上がりたい。"
"石塚　綜一郎","福岡ソフトバンクホークス","秋田","B","7","900万円（推定）","強烈な打球を放つスラッガー。昨季は8月にファーム月間MVPに輝くなど、二軍で打率.352をマーク。ブレークの兆しを見せるも、一軍では24試合の出場にとどまった。今季はさらなるスケールアップを図り、定位置争いに加わりたい。"
"阿部　翔太","オリックス・バファローズ","大阪","B","6","3,700万円（推定）","強気な姿勢で打者に立ち向かう右腕。昨季は疲労骨折の影響で出遅れ、開幕は二軍スタート。一軍での登板はわずか16試合にとどまるなど、悔しいシーズンを送った。投球フォームを変更して臨む今季は、一軍のマウンドで躍動したい。"
"有薗　直輝","北海道日本ハムファイターズ","千葉","O","5","730万円（推定）","広角に長打を連発する若手内野手。昨季は二軍で首位打者、本塁打王、最高出塁率のタイトルを獲得。8月には一軍で待望のプロ初安打を放った。今季はさらなる進化を遂げ、第一線でアーチを描きたい。"
"安西　叶翔","北海道日本ハムファイターズ","京都","A","4","530万円（推定）","小さく変化するボールが持ち味の育成右腕。昨季は前年に受けた右肘の手術から9月に実戦復帰。その後は秋季教育リーグでも登板し、回復ぶりを示した。今季はキャンプからアピールを重ね、支配下登録へ返り咲きたい。"
"西野　勇士","千葉ロッテマリーンズ","富山","A","18","15,000万円（推定）","キレのある変化球が持ち味のベテラン右腕。昨季は前半戦で8試合に先発するも、6月に故障で離脱。後半戦は1試合の登板にとどまり、未勝利でシーズンを終えた。今季は万全のコンディションを保ち、投手陣を支えたい。"
"中村　稔弥","福岡ソフトバンクホークス","長崎","A","8","2,000万円（推定）","大きく沈むツーシームが持ち味の左腕。ロッテに所属した昨季は、ロングリリーフをこなすなど15試合に登板。まずまずの成績を残したものの、一軍定着とはならなかった。新天地で迎える今季は、年間を通してチームの力になりたい。"
"庄子　雄大","福岡ソフトバンクホークス","神奈川","O","2","1,300万円（推定）","スピードを生かしたプレーが魅力の若手内野手。ルーキーイヤーの昨季は、主に代走や守備固めで26試合に出場。7月10日にはプロ初スタメンで初安打、初盗塁を記録した。今季はバッティングを鍛え、定位置争いに割って入る。"
"達　孝太","北海道日本ハムファイターズ","大阪","B","5","4,200万円（推定）","長身から繰り出すフォークが武器の若手右腕。昨季はNPB新記録となる、デビューから先発のみでの7連勝を達成。最終的に防御率2.09で8勝を挙げるなど、ブレークを果たした。今季も強気の投球で打者をねじ伏せ、白星を積み重ねる。"
"中田　歩夢","読売ジャイアンツ","青森","A","4","420万円（推定）","抜群の身体能力を誇る育成内野手。昨季は春先にケガで離脱したこともあり、7月までは主に三軍で調整。その後二軍に合流してからは、打率.269と一定の成績を残した。今季はバッティングをさらに磨き、早期の支配下復帰を狙う。"
"大貫　晋一","横浜DeNAベイスターズ","神奈川","AB","8","6,300万円（推定）","鋭く落ちるスプリットで凡打の山を築く右腕。昨季は6月に2年ぶりの完封勝利を挙げるも、7月下旬にコンディション不良で離脱。10月には右肩のクリーニング手術を受けた。今季は万全の状態で開幕を迎え、ローテーションを支えたい。"
"今坂　幸暉","オリックス・バファローズ","山口","O","2","250万円（推定）","高い身体能力を誇る育成内野手。高卒1年目の昨季は二軍で18試合に出場。打率.140に終わったものの、放った6安打のうち5本が長打とパンチ力を示した。今季はコンタクト力を高め、支配下登録へ向けてアピールしたい。"
"エドポロ　ケイン","北海道日本ハムファイターズ","大阪","不明","1","","恵まれた体格を誇る将来の主軸候補。大阪学院大では1年春からリーグ戦に出場し、通算11本塁打を記録。4年時には主将としてチームをけん引した。プロの世界ではミート技術を磨き、一軍デビューに備える。"
"井上　朋也","福岡ソフトバンクホークス","大阪","A","6","930万円（推定）","巧みなバットさばきを見せる若手選手。昨季は二軍で96試合に出場し、打率.276、6本塁打を記録。外野の守備にも挑戦してプレーの幅を広げるも、一軍での出番は限られた。今季は春先からアピールを続け、出場機会を増やしたい。"
"大里　昂生","オリックス・バファローズ","岩手","O","5","1,900万円（推定）","複数ポジションをこなす内野手。昨季は7月に一軍再昇格を果たし、同月は打率.300をマーク。外野の守備にも就くなど存在感を示すも、オフに右肩を痛めて手術を受けた。育成選手として迎える今季は、状態を整えて実戦復帰を目指す。"
"大津　亮介","福岡ソフトバンクホークス","福岡","B","4","6,800万円（推定）","多彩な球種を操る右腕。昨季は12試合の先発にとどまるも、防御率1.92を記録。夏場から本領を発揮し、日本シリーズでも白星を挙げた。今季は年間を通してローテーションの座を守り抜き、自身初の2ケタ勝利を目指す。"
"宇都宮　葵星","読売ジャイアンツ","愛媛","A","3","440万円（推定）","非凡な打撃センスと脚力を備える育成出身内野手。昨季は二軍で84試合に出場し、打率.289、20盗塁を記録。今季は春先から実戦でアピールを重ね、開幕前に支配下契約をつかんだ。今後も技術の向上に励み、あらゆる起用に応えたい。"
"中澤　恒貴","福岡ソフトバンクホークス","東京","O","3","360万円（推定）","安定した守備力と巧打が光る育成内野手。昨季は二軍で22試合に出場し、打率.327をマーク。秋季教育リーグではオイシックスに派遣され、実戦を重ねた。今季も攻守でレベルアップを続け、支配下契約を勝ち取りたい。"
"辛島　航","東北楽天ゴールデンイーグルス","福岡","A","18","8,000万円（推定）","緩急を駆使した投球が持ち味のベテラン左腕。昨季はシーズン序盤に2試合で先発するも、計6イニングで7失点と振るわず。その後は二軍での登板が続き、再昇格は果たせなかった。今季はボールの質を高め、ローテーション争いに参戦する。"
"北浦　竜次","読売ジャイアンツ","栃木","AB","9","","テンポ良くアウトを積み重ねるサウスポー。日本ハムで育成選手としてプレーした昨季は、二軍で21試合に登板。後半戦は防御率1.17と結果を残した。新天地で支配下選手となって迎える今季は、一軍の舞台で首脳陣の期待に応えたい。"
"片山　楽生","オリックス・バファローズ","北海道","A","2","1,600万円（推定）","豊富な球種を駆使して打者を打ち取る右腕。1年目の昨季はロングリリーフをこなすなど、21試合に登板。防御率2.10と安定した投球を披露し、8月にはプロ初勝利を記録した。今季もあらゆる起用に応え、投手陣を支えたい。"
"大関　友久","福岡ソフトバンクホークス","茨城","A","7","17,000万円（推定）","昨季は防御率1.66と安定した投球を続け、キャリアハイの13勝をマーク。最高勝率のタイトルを獲得するなど飛躍の年となったが、ポストシーズンでは悔しさを味わった。今季も先発陣の柱を担い、自身の投球でチームを日本一へ導く。"
"岡村　了樹","千葉ロッテマリーンズ","宮崎","O","1","","走攻守3拍子そろった新人キャッチャー。高校3年夏の宮崎大会では、4試合で計12打数6安打をマーク。6盗塁を決めるなど、自慢の俊足もアピールした。今季は体力強化に励みつつ、まずは二軍で持ち味を発揮したい。"
"上川畑　大悟","北海道日本ハムファイターズ","岡山","A","5","3,900万円（推定）","堅実な守備が売りの内野手。昨季は開幕スタメンを勝ち取るも、打撃成績が低迷。後半戦は二軍生活が続き、出場は自己最少の35試合にとどまった。今季はバットでも信頼を集め、シーズンを通して一軍の戦力となりたい。"
"平沼　翔太","オリックス・バファローズ","福井","A","11","2,100万円（推定）","勝負強いバッティングが持ち味のユーティリティー。昨季は前年を上回る60試合に出場するも、開幕から打撃が振るわず。打率.218と物足りない数字でシーズンを終えた。今季は春先から快音を連発し、新天地で定位置獲得を目指す。"
"増田　陸","読売ジャイアンツ","大阪","A","8","2,600万円（推定）","思い切りの良いスイングが魅力の内野手。昨季は一軍で3年ぶりの安打を放つと、6月までに5本塁打をマーク。4番にも抜てきされるなど、シーズン前半に存在感を示した。今季は継続して結果を残し、一軍に定着したい。"
"西川　歩","読売ジャイアンツ","埼玉","AB","2","380万円（推定）","打者の手元で伸びるストレートが売りの育成左腕。高卒1年目の昨季は三軍で登板を重ね、安定した投球を披露。9月上旬には二軍で公式戦デビューを果たした。今季は変化球の精度を高め、実戦でさらなる結果を残したい。"
"冨士　隼斗","千葉ロッテマリーンズ","埼玉","O","1","","力のあるストレートを投げ込む新人右腕。昨季は日本通運に所属し、主に先発として活躍。ZOZOマリンで行われた都市対抗予選の代表決定戦では、1安打完封勝利を挙げた。1年目から存在感を示し、投手陣を助けたい。"
"林　優樹","東北楽天ゴールデンイーグルス","京都","O","4","750万円（推定）","切れ味鋭い変化球が武器の若手左腕。昨季は二軍で43試合に登板し、防御率3.69をマーク。シーズン終盤には一軍デビューを果たすなど、実りのあるシーズンとなった。今季は球威の向上に励み、登板機会を増やしたい。"
"日當　直喜","東北楽天ゴールデンイーグルス","東京","A","3","610万円（推定）","長身から投げ下ろすフォークが武器の若手右腕。高卒2年目の昨季は、二軍で前年を上回る42試合に登板。10月3日には一軍でプロ初勝利を挙げるなど、順調なステップアップを見せた。今季はさらなる成長を遂げ、飛躍の1年としたい。"
"栗原　陵矢","福岡ソフトバンクホークス","福井","A","12","14,000万円（推定）","強打が魅力の内野手。昨季は右脇腹痛での離脱があったものの、中軸として打線をけん引。特に9月は月間打率.373を残すなど、優勝争いの中で存在感を示した。新たに選手会長となって迎える今季は、シーズンを通した活躍を誓う。"
"岸本　佑也","東北楽天ゴールデンイーグルス","奈良","B","2","250万円（推定）","身体能力の高さを生かしたプレーを見せる育成内野手。昨季は春季キャンプで故障した影響もあり、二軍での出場は7試合にとどまった。2年目の今季も引き続きトレーニングに励みつつ、実戦経験を積み重ねたい。"
"窪田　洋祐","オリックス・バファローズ","北海道","AB","1","","高い身体能力を誇る新人外野手。札幌日大高では、2年夏の甲子園に4番・センターで出場。昨夏は投手としても奮闘し、チームの南北海道大会準優勝に貢献した。近い将来の主力となるべく、まずは二軍で実戦経験を重ねたい。"
"髙野　光海","千葉ロッテマリーンズ","兵庫","O","3","290万円（推定）","長打力が持ち味の育成外野手。2年目の昨季は二軍で19試合に出場するも、打率.195と結果を残せず。10月には秋季教育リーグに参加し、実戦経験を積み重ねた。今季は支配下契約を勝ち取るべく、春先からアピールを見せたい。"
"藤田　琉生","北海道日本ハムファイターズ","神奈川","A","2","770万円（推定）","198センチの長身を生かしたボールを投げ込む若手左腕。高卒1年目の昨季は二軍で13試合に登板。最速150キロを計測するなど、大器の片りんを見せた。今季は技術の向上に励み、一軍デビューを目指す。"
"武藤　敦貴","東北楽天ゴールデンイーグルス","福岡","A","7","1,250万円（推定）","スピードを生かしたプレーが持ち味の外野手。昨季は自己最多となる62試合に出場するも、打率.204、3盗塁と満足のいく結果を残せなかった。今季はバッティングで成長を遂げ、レギュラーの座をつかみたい。"
"松井　颯","読売ジャイアンツ","東京","A","4","630万円（推定）","得意のシンカーで打者を惑わす育成右腕。昨季は二軍で5先発を含む17試合に登板。防御率2.27と安定感を見せるも、支配下復帰は果たせなかった。今季はより一層の成長を遂げ、2ケタの背番号を取り戻したい。"
"藤原　大翔","福岡ソフトバンクホークス","福岡","B","3","360万円（推定）","球威抜群の直球を投げ込む育成右腕。高卒2年目の昨季は、春季キャンプでA組の紅白戦に参加。その後はファーム非公式戦で登板を重ね、二軍のマウンドも2試合経験した。今季はさらなる成長を示し、支配下登録を手繰り寄せる。"
"澤田　圭佑","千葉ロッテマリーンズ","愛媛","B","10","1,940万円（推定）","投げっぷりの良さが魅力のリリーフ右腕。昨季はシーズン序盤に思うような成績を残せなかったものの、7月の一軍再合流以降は防御率2.45と存在感を示した。今季は開幕からフル回転の働きを見せ、ブルペンを支えたい。"
"鈴木　翔天","東北楽天ゴールデンイーグルス","神奈川","A","8","8,800万円（推定）","キレのあるボールで三振を奪うリリーフ左腕。昨季は46試合に登板し、防御率2.36を記録。レギュラーシーズン終了後には、黄色靱帯（じんたい）骨化症の手術を受けた。今季は早期の実戦復帰を果たし、再び一軍のマウンドを目指す。"
"平良　拳太郎","横浜DeNAベイスターズ","沖縄","O","13","3,000万円（推定）","サイド気味のフォームから鋭い変化球を投じる右腕。昨季は11試合の先発で4勝を記録。シーズン終盤からは救援に回り、クライマックスシリーズでもホールドを挙げた。今季こそはローテーションに定着し、自身初の2ケタ勝利を目指す。"
"ザイレン（曽布川　ザイレン）","福岡ソフトバンクホークス","静岡","B","2","","類まれなスイングスピードを誇る育成内野手。昨季はファーム非公式戦で出場を重ね、まずまずの成績をマーク。9月には二軍デビューを果たすなど、貴重な経験を積んだ。今季は自身の長所をさらに伸ばし、首脳陣にアピールを続ける。"
"黒川　史陽","東北楽天ゴールデンイーグルス","奈良","B","7","3,300万円（推定）","強烈な打球を飛ばす内野手。昨季は故障の影響で出遅れるも、自己最多となる83試合に出場。後半戦はクリーンアップに定着し、最終的に打率.299をマークした。今季はさらなる成長を示し、開幕から打線をけん引したい。"
"櫻井　ユウヤ","千葉ロッテマリーンズ","栃木","O","1","","長打力が自慢の新人スラッガー。高校時代は1年時からレギュラーに定着。中軸としてチームをけん引し、多くのホームランを積み上げた。将来のレギュラーを目指し、まずはプロのスピードに慣れたい。"
"桑原　秀侍","福岡ソフトバンクホークス","熊本","A","6","360万円（推定）","身体能力に秀でた育成選手。昨季はファーム非公式戦で多くの経験を積むも、二軍では23試合の出場にとどまった。今季も引き続き攻守のレベルアップを図り、実戦を通して成長をアピールしたい。"
"上甲　凌大","横浜DeNAベイスターズ","愛媛","AB","4","460万円（推定）","鋭いスイングで快打を放つキャッチャー。育成選手として迎えた昨季は、二軍で46試合に出場。自己最多タイの3本塁打を放つも、打率は.224にとどまった。今季は攻守でレベルアップを遂げ、支配下登録への返り咲きを目指す。"
"Ｌ．ボイト","東北楽天ゴールデンイーグルス","アメリカ","不明","2","","規格外のパワーが自慢の助っ人。昨季は7月に一軍へ合流すると、そこからチームトップの13本塁打を記録。得点圏打率.391をマークするなど、打線の中心として活躍した。今季は開幕からアーチを量産し、より多くの得点をもたらす。"
"Ｅ．ルシアーノ","読売ジャイアンツ","ドミニカ共和国","不明","4","","威力抜群の直球を投じる右腕。昨季は前年に受けた右肘手術のリハビリを終え、約1年ぶりに実戦復帰。今季のオープン戦では7登板で無失点と結果を残し、開幕前に支配下へ昇格した。今後も力強い投球を続け、ブルペン陣の力となりたい。"
"山本　拓実","北海道日本ハムファイターズ","兵庫","A","9","3,200万円（推定）","167センチと小柄ながら剛速球を投じる右腕。開幕一軍に名を連ねた昨季は、左打者に被打率.316と苦戦。27登板で防御率3.51と満足のいく成績は残せなかった。今季は持ち球の精度を高め、重要な局面での出番を増やしたい。"
"山瀬　慎之助","読売ジャイアンツ","石川","B","7","1,000万円（推定）","矢のような送球で盗塁を阻止する捕手。昨季は二軍で100試合に出場し、キャリアハイの打率.302をマーク。キャッチング技術の向上にも励み、攻守両面で着実に力を伸ばした。今季も引き続き鍛錬を重ね、活躍の場を一軍へ移したい。"
"松本　遼大","北海道日本ハムファイターズ","岩手","A","6","400万円（推定）","キレのあるフォークが武器の育成右腕。5年目の昨季は二軍で24試合にリリーフ登板。制球面に課題を残しながらも、防御率2.96をマークした。今季は持ち球の精度を磨き、念願の支配下契約を勝ち取りたい。"
"吉納　翼","東北楽天ゴールデンイーグルス","愛知","AB","2","730万円（推定）","強打が魅力の若手外野手。ルーキーイヤーの昨季は、二軍で打率.223、5本塁打を記録。シーズン終盤に一軍デビューを果たすも、3打数ノーヒットに終わった。今季は打撃の確実性を高め、定位置争いに割って入りたい。"
"Ｊ．カスティーヨ","千葉ロッテマリーンズ","ベネズエラ","不明","1","","速球とスライダーのコンビネーションが持ち味の助っ人左腕。昨季はメジャー4球団を渡り歩き、計29試合にリリーフ登板。防御率3.94を記録し、30個の三振を奪った。来日1年目からフル回転の働きを見せ、ブルペン陣を支えたい。"
"山﨑　伊織","読売ジャイアンツ","兵庫","B","6","18,000万円（推定）","昨季は開幕から36イニング連続無失点をマークし、セ・リーグ新記録を樹立。最終的にはキャリアハイとなる11勝を挙げ、3年連続で2ケタ勝利を達成した。今季も先発ローテーションを支え、自身初のタイトル獲得を狙う。"
"山口　アタル","北海道日本ハムファイターズ","カナダ","不明","4","300万円（推定）","身体能力に優れた育成外野手。春季キャンプを一軍で迎えた昨季は、二軍で63試合に出場。打率.251、1本塁打とアピール不足に終わり、支配下登録には届かなかった。今季は実戦で結果を残し、2ケタの背番号を勝ち取りたい。"
"村山　源","読売ジャイアンツ","鹿児島","O","3","370万円（推定）","球際に強い守備と強肩が持ち味の育成内野手。高卒2年目の昨季は主に三軍でプレーを続けるも、8月に左肘を負傷。翌月には同箇所の手術を受けた。今季は患部のコンディションを整え、二軍で経験を積み重ねたい。"
"Ｎ．ソト","千葉ロッテマリーンズ","プエルトリコ","不明","9","","移籍2年目の昨季はシーズン序盤から調子が上がらず。いずれも来日後最少となる13本塁打、44打点にとどまるなど、不本意な1年を過ごした。今季は本来の輝きを取り戻し、中心打者として豪快なアーチを量産する。"
"Ｓ．ジェリー","オリックス・バファローズ","アメリカ","不明","1","","213センチの長身からキレのあるツーシームを投じる右腕。メジャーでは主にリリーフとして通算93試合に登板。昨季はマイナーを主戦場とし、38登板で防御率3.06を残した。来日1年目から実力を発揮し、首脳陣の期待に応えたい。"
"横山　楓","オリックス・バファローズ","宮崎","O","5","1,400万円（推定）","高いリリースポイントから威力のある直球を投げ下ろす右腕。昨季は7月に支配下復帰を果たし、一軍で14試合に登板。投球回を上回る三振を奪うなど、防御率1.10の好成績を残した。今季も持ち味を発揮し、チームの勝利に貢献したい。"
"Ｄ．サルディ","福岡ソフトバンクホークス","キューバ","不明","3","","長身から球威のあるボールを投げ込む左腕。昨季はファーム非公式戦で登板を重ね、秋にはキューバ代表として国際大会に出場した。来日3年目を迎える今季も引き続きステップアップを図り、実戦で結果を残したい。"
"Ｓ．ロング","千葉ロッテマリーンズ","アメリカ","不明","1","","伸びのある速球と曲がりの大きな変化球が持ち味の左腕。2021年にメジャーデビューを果たし、通算162試合に登板。昨季は救援として39試合でマウンドに上がった。来日1年目から首脳陣の起用に応え、チームの勝利に貢献する。"
"リチャード（砂川　リチャード）","読売ジャイアンツ","沖縄","O","9","","並外れたパワーが魅力のスラッガー。昨季は5月にトレードで加入し、後半戦からはスタメンに定着。自身初の2ケタ本塁打を達成するなど、新天地で才能を開花させた。今季は打撃の確実性を上げ、激しい定位置争いを制す。"
"辰己　涼介","東北楽天ゴールデンイーグルス","兵庫","A","8","不明万円（推定）","昨季は5年連続となるゴールデングラブ賞に輝くも、打率.240とバッティングが低迷。2度の登録抹消を経験するなど、不本意なシーズンを過ごした。FA権を行使して残留を決めた今季は本来の打棒を取り戻し、チームの勝利に貢献する。"
"坂本　裕哉","横浜DeNAベイスターズ","福岡","O","7","4,400万円（推定）","直球とチェンジアップのコンビネーションが光る左腕。昨季は35試合の登板で防御率3.16を記録。不調での離脱はあったものの、貴重な左のリリーフとしてブルペンを支えた。今季は安定感のある投球を続け、フル回転の働きを見せる。"
"島田　舜也","横浜DeNAベイスターズ","神奈川","不明","1","","力感のないフォームから剛速球を投じるルーキー右腕。東洋大では3年秋に東都大学リーグの2部で防御率0.64を記録。4年春は1部に活躍の場を移し、4勝を挙げた。自慢のストレートを武器に、1年目から一軍のマウンドで躍動したい。"
"代木　大和","読売ジャイアンツ","愛媛","O","5","620万円（推定）","球威抜群の直球を投げ込む育成左腕。昨季は前年に受けたトミー・ジョン手術から復帰し、二軍では4試合に登板。リハビリ中に励んだ体づくりの成果も現れ、球速を大幅に向上させた。今季は細かいコントロールを磨き、支配下復帰を狙う。"
"平良　竜哉","東北楽天ゴールデンイーグルス","沖縄","A","4","800万円（推定）","力強い打撃と俊足が魅力の内野手。育成選手としてスタートした昨季は、9月度のファーム月間MVPを獲得。二軍で打率.354と結果を残し、オフに支配下契約を勝ち取った。今季は春先からアピールを続け、一軍定着を狙う。"
"進藤　勇也","北海道日本ハムファイターズ","福岡","A","3","1,200万円（推定）","鋭いスローイングが売りの捕手。2年目の昨季は13試合に出場し、プロ初安打を記録。クライマックスシリーズでもスタメンマスクをかぶり、投手陣を巧みにリードした。今季は打撃面で成長を遂げ、一軍定着を目指す。"
"田中　将大","読売ジャイアンツ","兵庫","A","13","10,000万円（推定）","新天地で迎えた昨季は開幕ローテーション入りを果たし、10先発で3勝をマーク。9月30日の中日戦では、日米通算200勝の大記録を達成した。今季はシーズンを通して一軍の戦力となり、より多くの白星を積み重ねたい。"
"中村　晃","福岡ソフトバンクホークス","埼玉","O","19","12,000万円（推定）","卓越したバットコントロールを誇るベテラン。昨季は年間を通して一軍に同行し、116試合に出場。8月26日には通算1500安打を達成した。腰の手術を受けて臨む今季は状態を万全にし、より多くのヒットを積み重ねる。"
"中島　卓也","北海道日本ハムファイターズ","福岡","A","18","2,500万円（推定）","スピードを生かしたプレーが持ち味のベテラン。昨季は主に代走や守備固めとして32試合に出場。内外野6つのポジションをこなし、バットでは少ない打席の中で存在感を示した。今季も入念な準備を行い、チームを縁の下から支える。"
"谷川原　健太","福岡ソフトバンクホークス","愛知","B","11","2,200万円（推定）","バッティングに定評のあるキャッチャー。自身初の開幕スタメンをつかんだ昨季は、キャリアハイの3本塁打を記録。9月からは外野の守備にも就くなど、さまざまな起用に応えた。今季は春先から結果を残し続け、定位置獲得を目指す。"
"田中　和基","東北楽天ゴールデンイーグルス","福岡","A","10","3,000万円（推定）","高い身体能力を走攻守に生かす外野手。昨季は18打数1安打と結果を残せず、キャリア最少となる19試合の出場に終わった。節目の10年目を迎える今季は、バッティングを強化して出番を増やしたい。"
"澁谷　純希","北海道日本ハムファイターズ","北海道","A","2","260万円（推定）","出どころの見えにくいフォームが特徴の北海道出身左腕。高卒1年目の昨季は二軍で7試合に登板。シーズン最終戦では最速150キロを計測するなど、成長の跡を残した。今季もステップアップを図り、支配下登録へ前進したい。"
"髙部　瑛斗","千葉ロッテマリーンズ","神奈川","A","7","5,000万円（推定）","巧みなバットコントロールと俊足が武器の外野手。昨季は111試合に出場し、20盗塁をマーク。後半戦は上位打線を担い、打率.330のハイアベレージを記録した。今季は年間を通して持ち味を発揮し、チームをけん引する。"
"髙橋　快秀","千葉ロッテマリーンズ","香川","A","1","","伸びしろ十分の育成右腕。四国アイランドリーグplusの徳島に所属した昨季は、リーグ2位の防御率を記録。5月14日に行われた巨人三軍戦では、5回無失点の投球を見せた。近い将来の支配下登録に向け、まずは二軍で鍛錬に励む。"
"高見澤　郁魅","横浜DeNAベイスターズ","埼玉","A","3","340万円（推定）","シャープなスイングを見せる育成内野手。昨季は二軍で前年を上回る52試合に出場。8月以降は打率.323をマークするなど、得意の打撃でアピールを見せた。今季はより一層のスケールアップを図り、支配下登録を勝ち取りたい。"
"石田　健大","横浜DeNAベイスターズ","広島","O","12","8,000万円（推定）","落差のあるチェンジアップが武器の左腕。昨季は左肩肉離れからの復帰を目指すも、患部の状態が思うように上がらず。プロ入り後初めて一軍登板ゼロでシーズンを終えた。今季は万全のコンディションで臨み、チームの戦力になりたい。"
"一條　力真","千葉ロッテマリーンズ","茨城","AB","2","1,000万円（推定）","落差十分のフォークが特徴の2年目右腕。昨季は二軍で12試合に登板し、防御率0.87をマーク。7月の一軍デビュー戦では154キロを計測するなど、実力の片りんを見せた。今季はコンディションを整え、春先から本領を発揮したい。"
"伊藤　大晟","東北楽天ゴールデンイーグルス","大分","O","1","","精度の高いストレートとスライダーが武器の新人左腕。3年夏の鹿児島大会では、計33回を投げて35奪三振をマーク。3試合で完投を記録するなど、チームの準優勝に貢献した。今季は体力強化に取り組み、実戦デビューに備える。"
"五十幡　亮汰","北海道日本ハムファイターズ","埼玉","B","6","4,000万円（推定）","抜群のスピードでグラウンドを駆ける外野手。昨季は118試合に出場し、リーグ3位タイの25盗塁を記録。外野の守備では幾度も好プレーを見せ、チームを救った。今季はバッティングを磨き、レギュラーの座を勝ち取りたい。"
"イヒネ　イツア","福岡ソフトバンクホークス","愛知","A","4","850万円（推定）","大きなポテンシャルを備える若手内野手。昨季は二軍でリーグ2位の30盗塁をマーク。7月度のファーム月間MVPに輝くなど、課題だった打撃面でも成長を示した。今季はさらなるステップアップを遂げ、一軍でプロ初安打を放ちたい。"
"竹田　祐","横浜DeNAベイスターズ","大阪","O","2","2,000万円（推定）","伸びのある直球とスライダーが武器の右腕。1年目の昨季は一軍デビューが8月まで遅れるも、以降は6先発で4勝をマーク。防御率1.69を残すなど、高い実力を示した。今季は開幕ローテーションに名を連ね、多くの白星を積み上げたい。"
"津留﨑　大成","東北楽天ゴールデンイーグルス","千葉","不明","7","1,500万円（推定）","キレのある変化球で空振りを奪う右腕。昨季は8月に一軍再昇格を果たすと、以降は13試合の登板で防御率2.08と安定感を見せた。今季はキャンプからアピールを重ね、一軍での出番を増やしたい。"
"中沢　匠磨","東北楽天ゴールデンイーグルス","栃木","A","1","","力強いストレートで打者を押し込む新人右腕。白鴎大では3年秋のリーグ戦で好成績を残し、チームの優勝に貢献。昨秋には3勝を挙げて最多勝のタイトルに輝いた。1年目から二軍で貪欲に結果を求め、支配下契約に近づきたい。"
"田上　奏大","福岡ソフトバンクホークス","大阪","B","6","650万円（推定）","鋭く変化するカットボールが武器の育成右腕。2024年は春先に発症した難病を克服し、10月に実戦復帰。育成契約を結んで臨んだ昨季は、ファーム非公式戦で登板を重ねた。今季は制球力に磨きをかけ、支配下復帰を手繰り寄せたい。"
"富田　龍","読売ジャイアンツ","香川","O","5","410万円（推定）","直球とスライダーを軸に投球を組み立てる育成左腕。昨季は三軍で高い奪三振能力を発揮。二軍では前年を上回る8試合に登板するも、制球面に課題を残した。今季は公式戦のマウンドで結果を出し、支配下登録の扉を開きたい。"
"大城　滉二","オリックス・バファローズ","沖縄","B","11","4,000万円（推定）","広い守備範囲が魅力のベテラン内野手。昨季は7月に左太もものケガで離脱するも、主に守備固めとして66試合に出場。バッティングでも打率.250と一定の成績を残した。今季も与えられた役割を全うし、チームの勝利に貢献する。"
"小島　和哉","千葉ロッテマリーンズ","埼玉","O","8","14,500万円（推定）","昨季は好不調の波が激しく、前年からやや成績を落としたものの、チーム2位の8勝をマーク。5年連続となる規定投球回到達を果たすなど、先発ローテーションを守った。今季はピッチングの安定感を取り戻し、投手陣を引っ張りたい。"
"岡　大海","千葉ロッテマリーンズ","岡山","B","13","7,000万円（推定）","思い切りの良いスイングが特徴の外野手。昨季は7月に左足を痛め、約2カ月にわたって戦線を離脱。65試合の出場にとどまるも、得点圏打率.333と持ち前の勝負強さを発揮した。今季はケガなく1年を過ごし、チームの勝利に貢献する。"
"江原　雅裕","東北楽天ゴールデンイーグルス","福岡","A","2","1,400万円（推定）","力強いストレートが魅力の救援右腕。昨季は開幕一軍入りを果たすと、30試合に登板して防御率3.45をマーク。9月中旬にはプロ初勝利を挙げるなど、上々のルーキーイヤーとなった。今季は投球の安定感を高め、一軍定着を目指す。"
"梅林　優貴","北海道日本ハムファイターズ","広島","A","7","830万円（推定）","ディフェンス面に定評のある強肩キャッチャー。昨季は二軍で打率.308、4本塁打をマーク。前年に続いて好成績を残すも、一軍ではわずか2試合の出場に終わった。今季はキャンプからアピールを見せ、多くの出番を勝ち取りたい。"
"大塚　瑠晏","北海道日本ハムファイターズ","栃木","不明","1","","俊足を生かした守備が魅力の内野手。高校時代は主将としてセンバツ優勝を経験。昨年の全日本大学野球選手権では、2本塁打を含む16打数8安打の活躍を見せた。1年目から一軍の戦力となるべく、春先から実戦で存在感を示したい。"
"門脇　誠","読売ジャイアンツ","奈良","A","4","4,000万円（推定）","軽快なフットワークが魅力の内野手。昨季はシーズンの大半を一軍で過ごすも、打率.223と結果を残せず。スタメン出場が41試合にとどまるなど、歯がゆい1年となった。今季はバットでアピールを重ね、定位置奪取に挑む。"
"大山　凌","福岡ソフトバンクホークス","栃木","B","3","2,000万円（推定）","威力のあるストレートが武器の右腕。2年目の昨季は前年を上回る26試合に登板し、防御率2.35を記録。5月にはプロ初セーブを挙げるなど、確かな成長を示した。今季は年間を通して安定したピッチングを続け、一軍定着を狙う。"
"福田　俊","北海道日本ハムファイターズ","北海道","A","8","","切れ味抜群のスライダーを投じる左腕。昨季は春季キャンプ中に神経痛を発症。6月に二軍で実戦復帰したものの、一軍登板はゼロに終わった。育成選手として再スタートする今季は、春先から結果でアピールしたい。"
"德山　一翔","東北楽天ゴールデンイーグルス","徳島","A","2","1,000万円（推定）","キレのある直球とチェンジアップが武器の若手左腕。昨季は左肘の故障もあって、二軍での登板は5試合止まり。7月にはトミー・ジョン手術を受け、オフに育成契約を結んだ。今季はリハビリに励み、早期の実戦復帰を目指す。"
"林　燦","読売ジャイアンツ","北海道","A","1","","威力のある直球と豊富な変化球を操る新人右腕。立正大入学後に肉体強化の取り組みが実り、大幅な球速アップに成功。リーグ戦では主に救援として活躍し、4年秋には1部昇格に貢献した。まずは二軍で経験を積み、早期の支配下登録を狙う。"
"中村　亮太","千葉ロッテマリーンズ","千葉","O","6","500万円（推定）","真上から角度のあるボールを投げ下ろす育成右腕。ロッテに移籍して迎えた昨季は、二軍で15試合に登板。防御率5点台に終わるなど、思うようなシーズンを過ごせなかった。今季は春先から猛アピールを見せ、支配下契約を手繰り寄せたい。"
"野村　勇","福岡ソフトバンクホークス","兵庫","B","5","5,200万円（推定）","抜群の瞬発力を備える内野手。昨季は126試合に出場し、3年ぶりに2ケタ本塁打を記録。日本シリーズの第5戦でも決勝ソロを放つなど、充実のシーズンを送った。今季も自身の持ち味を発揮し、レギュラーの座を確固たるものとする。"
"川瀬　晃","福岡ソフトバンクホークス","大分","B","11","5,000万円（推定）","堅実なプレーが持ち味の内野手。10年目の昨季は102試合に出場し、プロ初を含む2本塁打を記録。5月2日には代打でサヨナラ打を放つなど、要所での勝負強さが光った。今季も指揮官の起用に応え、レギュラー争いを制したい。"
"川勝　空人","北海道日本ハムファイターズ","大阪","A","2","260万円（推定）","キレのあるスライダーが武器の育成右腕。高卒1年目の昨季は体づくりに取り組みつつ、6月に公式戦デビュー。二軍で7試合に登板するなど、貴重な経験を積んだ。今季は実戦登板を重ね、支配下登録へアピールしたい。"
"金子　京介","東北楽天ゴールデンイーグルス","東京","B","1","","広角に長打を飛ばす育成ルーキー。神奈川大では下級生時から公式戦に出場。昨春のリーグ戦では10試合で4本塁打と持ち味を示した。プロでも猛練習に取り組み、いち早く支配下登録を勝ち取りたい。"
"小川　龍成","千葉ロッテマリーンズ","群馬","O","6","2,700万円（推定）","スピード感あふれるプレーが特徴の内野手。昨季は出場こそ87試合にとどまるも、得点圏打率.383と勝負強さを発揮。状況に応じた犠打や進塁打などでも着実な貢献を見せた。今季は首脳陣に猛アピールし、レギュラーの座をつかみ取る。"
"川村　友斗","福岡ソフトバンクホークス","北海道","O","5","1,800万円（推定）","走攻守のバランスが取れた外野手。昨季は二軍調整中の5月に右手を骨折し、約2カ月半の離脱を経験。一軍での出場は前年を下回る15試合に終わった。今季は万全のコンディションを維持し、レギュラー争いに参戦する。"
"河野　聡太","オリックス・バファローズ","福岡","A","3","260万円（推定）","安定した守備が魅力の育成内野手。2年目の昨季は二軍で内野の全ポジションを守り、54試合に出場。打率こそ.245にとどまるも、出塁率.352の好成績を残した。今季は春先からアピールを重ね、支配下昇格を果たしたい。"
"宗　佑磨","オリックス・バファローズ","東京","B","12","6,200万円（推定）","シャープなスイングから鋭い打球を飛ばす内野手。昨季は打撃が低迷し、約1カ月半の二軍生活を経験。6月の一軍復帰後は6本塁打を放つも、シーズン打率は.235にとどまった。今季は本来の打棒を取り戻し、首脳陣の信頼を勝ち取る。"
"堀内　謙伍","東北楽天ゴールデンイーグルス","静岡","A","11","1,500万円（推定）","鋭い送球とパンチ力のある打撃が魅力の捕手。10年目の昨季は自己最多となる76試合に出場。プロ初本塁打を含む3本のアーチを描くなど、打撃面で飛躍を遂げた。今季はキャンプからアピールを重ね、正捕手の座を勝ち取りたい。"
"万波　中正","北海道日本ハムファイターズ","東京","A","8","19,500万円（推定）","強肩と強打が魅力の外野手。昨季はリーグ4位の20本塁打を放つも、打率は.229と低迷。守備でもゴールデングラブ賞を逃すなど、不本意なシーズンとなった。今季は攻守の確実性を高め、チームをリーグ優勝へ導く。"
"北斗（大山　北斗）","福岡ソフトバンクホークス","沖縄","不明","1","","力強い直球を投じる育成新人右腕。中央大では準硬式野球部に所属し、球速が大幅にアップ。昨春のリーグ戦では6勝1敗、防御率0.71を記録した。プロでも厳しい鍛錬を続け、12球団最後のドラフト指名から支配下契約をつかみ取る。"
"福永　奨","オリックス・バファローズ","神奈川","B","5","1,700万円（推定）","安定感のあるディフェンスが持ち味の捕手。昨季は年間を通して一軍に同行し、39試合に出場。9月29日にはプロ初本塁打を放つなど、確かな成長を示した。今季はバッティングの確実性を高め、より多くのスタメンマスクをかぶりたい。"
"藤田　大清","北海道日本ハムファイターズ","長野","AB","4","300万円（推定）","巧みなバットさばきを見せる育成外野手。昨季は二軍で37試合に出場。前年を大きく上回る打率.258を記録するなど、確かな成長を示した。4年目の今季はさらなる結果を残し、支配下登録へ前進したい。"
"熊谷　太雅","福岡ソフトバンクホークス","宮城","不明","2","360万円（推定）","潜在能力の高さを評価されている育成サウスポー。高卒1年目の昨季は公式戦での登板機会はなく、11月には左肘の手術を受けた。まずは患部のリハビリに取り組み、今季中にマウンドへの復帰を果たしたい。"
"小木田　敦也","オリックス・バファローズ","秋田","AB","5","2,300万円（推定）","両コーナーへ丁寧に投げ分ける右腕。昨季は前年に故障した右肘が思うように回復せず。4月にトミー・ジョン手術を受け、その後はリハビリに努めた。育成契約となって迎える今季は患部のコンディションを万全にし、実戦復帰を目指す。"
"佐々木　明都","福岡ソフトバンクホークス","東京","B","4","360万円（推定）","高いポテンシャルを備える育成右腕。昨季は2023年に受けたトミー・ジョン手術から復帰。10月には秋季教育リーグのマウンドに上がるなど、実戦登板を重ねた。今季はコントロールを向上させ、まずは二軍で結果を残したい。"
"坂井　陽翔","東北楽天ゴールデンイーグルス","兵庫","B","3","640万円（推定）","質の高いボールを投じる若手右腕。高卒2年目の昨季は、二軍で主に先発として15試合に登板。10月4日の一軍初先発では、5回1失点の好投を見せた。今季はさらなるスケールアップを図り、首脳陣に成長をアピールしたい。"
"Ｊ．ティマ","読売ジャイアンツ","ドミニカ共和国","不明","6","","圧倒的なパワーで放物線を描く育成助っ人。昨季は二軍で4月までに5本塁打をマーク。その後は調子を落とすも、夏場以降は打撃の確実性を上げた。今季も持ち前の打力をアピールし、支配下登録を手繰り寄せたい。"
"吉田　輝星","オリックス・バファローズ","秋田","AB","8","2,800万円（推定）","力のある速球で打者を押し込む右腕。昨季は前年に故障した右肘の状態が上がらず。3月に同箇所のトミー・ジョン手術を受け、シーズンを通してリハビリに努めた。今季は万全なコンディションを取り戻し、公式戦のマウンドを目指す。"
"宮原　駿介","読売ジャイアンツ","神奈川","B","2","1,000万円（推定）","直球とカットボールのコンビネーションが光る左腕。1年目の昨季は二軍で好成績を収め、8月に一軍へ初昇格。その後は14試合に登板し、2ホールドを記録した。今季はより多くの出番をつかみ、救援陣に欠かせない存在となる。"
"本前　郁也","千葉ロッテマリーンズ","北海道","A","7","1,000万円（推定）","緩急を生かした投球が魅力の育成左腕。昨季は左上腕骨の骨折から実戦復帰。二軍では1試合の登板にとどまるも、10月の秋季教育リーグで登板を重ねた。今季は本来のボールを取り戻し、支配下登録へ前進したい。"
"牧　秀悟","横浜DeNAベイスターズ","長野","O","6","25,000万円（推定）","昨季は前半戦だけで15本塁打をマークするも、8月1日にコンディション不良で離脱。同月中に左手の手術を受け、出場は自己最少の93試合にとどまった。今季は開幕から万全の状態で臨み、年間を通して打線の中心を担いたい。"
"三塚　琉生","読売ジャイアンツ","東京","AB","4","450万円（推定）","豪快なフルスイングが魅力の育成出身スラッガー。昨季は二軍で打率.318、9本塁打の好成績をマーク。6月には支配下契約を勝ち取り、一軍の舞台も経験した。今季は得意の打撃をさらに鍛え、出番を増やしたい。"
"前田　悠伍","福岡ソフトバンクホークス","滋賀","A","3","1,100万円（推定）","制球力に優れる若手左腕。昨季は二軍で15試合に先発して防御率1.72をマークし、7月には一軍でプロ初勝利を達成。9月に左肘の手術を受け、そのまま2年目のシーズンを終えた。今季はコンディションを整え、さらなる飛躍を遂げる。"
"Ｃ．フェリス","読売ジャイアンツ","ドミニカ共和国","不明","2","","規格外の巨体から生み出されるパワーが魅力の助っ人。昨季は6月に行われた球団主催のトライアウトを経て、巨人と育成契約を締結。その後は主に三軍戦で出場を重ねた。今季は豪快なバッティングを披露し、結果で成長を示したい。"
"Ｌ．ペルドモ","オリックス・バファローズ","ドミニカ共和国","不明","4","","ツーシームを武器にゴロの山を築く右腕。昨季は開幕から勝ちパターンの一翼を担い、50試合に登板。8月以降に成績を落とすも、チームトップの33ホールドを記録した。来日4年目の今季は好不調の波を抑え、年間を通した活躍を誓う。"
"山城　航太郎","北海道日本ハムファイターズ","福岡","A","2","770万円（推定）","力強いボールを真上から投げ下ろす若手右腕。ルーキーイヤーの昨季は二軍で7試合に登板。右肩のコンディション不良の影響もあり、6月以降は公式戦のマウンドに上がれなかった。今季は状態を万全に整え、実戦経験を重ねたい。"
"横山　永遠","北海道日本ハムファイターズ","長野","不明","1","","剛速球を投げ込む育成新人右腕。大学時代は投打の二刀流としてプレー。球団のトライアウトで最速155キロのボールを投げ込み、ドラフト指名へとこぎつけた。まずは投手としてのスキルを磨き、1年目から支配下登録を目指す。"
"森本　哲星","読売ジャイアンツ","鳥取","B","4","380万円（推定）","緩急を生かしたピッチングが光る育成左腕。昨季は三軍でプレーを続けるもアピール不足に終わり、公式戦デビューは果たせなかった。今季は全体的なスケールアップを図り、まずは二軍での登板機会をつかみたい。"
"宮里　優吾","福岡ソフトバンクホークス","東京","A","3","400万円（推定）","独特な軌道で落ちるフォークが武器の育成右腕。2年目の昨季は、二軍で7月までに防御率0.48の好成績をマーク。8月からはオイシックスへ派遣され、多くの登板を重ねた。今季は春先から結果を残し、支配下登録を勝ち取る。"
"Ｒ．オスナ","福岡ソフトバンクホークス","メキシコ","不明","5","","昨季は開幕から不安定な投球が続き、6月にはコンディション不良で戦線離脱。9月に実戦復帰を果たすも状態は上がらず、ポストシーズンの登板は回避する形となった。今季は本来の球威を取り戻し、勝ちパターンの一翼を担いたい。"
"山崎　琢磨","福岡ソフトバンクホークス","大阪","B","5","360万円（推定）","ゲームメーク能力に優れる育成右腕。昨季はファーム非公式戦でまずまずの成績を残すも、二軍戦のマウンドには上がれず。10月には秋季教育リーグに参加した。今季はさらなるステップアップを図り、支配下登録を手繰り寄せたい。"
"吉田　賢吾","北海道日本ハムファイターズ","神奈川","B","4","1,200万円（推定）","広角に長打を放つ若手スラッガー。移籍1年目の昨季は主に外野を守り、自己最多の47試合に出場。プロ初アーチを含む4本塁打を放つなど、飛躍への足がかりを築いた。今季も持ち前の打棒でアピールを重ね、出番を増やしたい。"
"ワォーターズ（ワォーターズ　璃海ジュミル）","東北楽天ゴールデンイーグルス","沖縄","不明","3","","スピードを生かしたプレーが持ち味の若手内野手。2年目の昨季は、二軍でショートとしてチーム最多の出場数を記録。多くの実戦経験を積むも、打率1割台と打撃面で課題を残した。今季も技術の向上に励み、攻守で成長を示したい。"
"Ｄ．ビシエド","横浜DeNAベイスターズ","キューバ","不明","11","","豪快なスイングで痛烈な打球を飛ばすスラッガー。昨季はシーズン途中にDeNAに加入し、43試合に出場。9月28日の広島戦ではNPB通算1000試合出場を達成した。今季も持ち前の打棒を発揮し、チームを勝利に導きたい。"
"Ｊ．デュプランティエ","横浜DeNAベイスターズ","アメリカ","不明","2","","速球とナックルカーブが武器の助っ人右腕。来日1年目の昨季は阪神でプレーし、15試合に先発。投球回を大きく上回る三振を奪い、防御率1.39を記録した。DeNAに移籍して迎える今季も、力強い投球でチームの勝利に貢献したい。"
"Ｃ．ヒュンメル","横浜DeNAベイスターズ","アメリカ","不明","1","","優れた選球眼とパンチ力のある打撃が魅力の外野手。昨季はマイナーで44試合に出場し、13本塁打をマーク。出塁率.439を残すなど、持ち味を発揮した。来日1年目からNPBの環境に適応し、チームの力になりたい。"
"福谷　浩司","北海道日本ハムファイターズ","愛知","B","14","4,500万円（推定）","威力のある速球が武器の右腕。移籍1年目の昨季はリリーフとして14試合に登板し、防御率3.77を記録。6月の登録抹消後は一軍に戻れなかったが、二軍で安定した投球を続けた。今季は持ち球の質に磨きをかけ、チームを支えたい。"
"塩士　暖","福岡ソフトバンクホークス","石川","O","2","360万円（推定）","伸びのあるストレートが魅力の育成右腕。高卒1年目の昨季は、ファーム非公式戦で経験を蓄積。8月には柳田ら調整中の主力選手と実戦形式で対戦する貴重な機会もあった。今季もスケールアップを図り、まずは二軍戦のマウンドを目指す。"
"鈴木　豪太","福岡ソフトバンクホークス","滋賀","A","1","","サイドハンドから威力ある直球を投げ込むルーキー右腕。大学3年春のリーグ戦では、防御率0.00でMVPを獲得。4年春にもフル回転の活躍を見せ、チームを優勝に導いた。プロでも1年目から持ち味を発揮し、あらゆる起用に応える。"
"園田　純規","読売ジャイアンツ","福岡","A","3","420万円（推定）","将来のエース候補として期待される育成右腕。昨季は二軍で14試合に登板し、公式戦初完封を含む無傷の8勝をマーク。ファーム日本選手権で先発を務めるなど、充実の1年を送った。今季も引き続き結果を残し、支配下登録を勝ち取る。"
"池田　栞太","福岡ソフトバンクホークス","新潟","O","1","","強肩を生かしたスローイングが売りの育成キャッチャー。関根学園高では1年夏からベンチ入り。昨夏の新潟大会では、中軸を担う正捕手としてチームのベスト4進出に貢献した。まずは体づくりに努め、ポテンシャルを引き出したい。"
"池田　来翔","千葉ロッテマリーンズ","千葉","O","5","2,000万円（推定）","積極的なバッティングを見せる内野のユーティリティー。昨季は4月に一軍昇格を果たすと、自己最多の83試合に出場。打率.238にとどまるも、5本塁打とパンチ力を発揮した。今季はより一層の成長を遂げ、レギュラーの座を狙う。"
"生海（甲斐　生海）","福岡ソフトバンクホークス","福岡","B","4","","長打力が持ち味の育成外野手。昨季は前年に診断を受けた脳挫傷から約1年半ぶりに実戦復帰。韓国遠征では本塁打を放つなど、順調な回復ぶりを示した。今季も一歩ずつ前進し、支配下登録への返り咲きを目指す。"
"石田　裕太郎","横浜DeNAベイスターズ","神奈川","A","3","3,000万円（推定）","コーナーにキレのあるボールを投げ分ける右腕。昨季は13先発を含む21試合に登板。イニング数を上回る奪三振を記録するなど、一定の成績を残した。今季もマウンドで躍動し、チームに勝利を呼び込みたい。"
"西川　遥輝","北海道日本ハムファイターズ","和歌山","A","16","","俊足巧打が持ち味の外野手。ヤクルトに所属した昨季は開幕スタメンに名を連ねるも、打率.174と低迷。49試合の出場に終わり、オフに戦力外通告を受けた。5年ぶりに日本ハムへ復帰した今季は、再び一軍の舞台で輝きを放ちたい。"
"中川　虎大","横浜DeNAベイスターズ","和歌山","B","9","2,300万円（推定）","落差の大きいフォークを操る右腕。8年目の昨季は30試合に救援登板し、防御率3.16をマーク。10月1日のヤクルト戦ではプロ初セーブを挙げた。今季は直球にも磨きをかけ、勝利の方程式入りを目指す。"
"鈴木　圭晋","読売ジャイアンツ","神奈川","B","2","360万円（推定）","バランスの取れたフォームからキレのあるボールを投じる育成右腕。高卒1年目の昨季はコンディション不良による離脱があったものの、三軍で貴重な実戦経験を積んだ。今季はさらなるスキルアップに励み、公式戦のマウンドに上がりたい。"
"田和　廉","読売ジャイアンツ","京都","A","1","","サイド気味のフォームから独特な軌道のシンカーを投じるルーキー右腕。早稲田大では主にリリーフとして活躍。リーグ戦通算29試合に登板し、防御率2.08を記録した。1年目から任された役割を全うし、チームの勝利に貢献したい。"
"田上　優弥","読売ジャイアンツ","神奈川","O","3","370万円（推定）","軽快なフットワークを見せる育成内野手。高卒2年目の昨季は年間を通して三軍でプレー。多くの実戦経験を積み、バットでも成長をアピールした。今季はあらゆる面でステップアップを遂げ、まずは二軍デビューを目指す。"
"大城　卓三","読売ジャイアンツ","沖縄","B","9","16,000万円（推定）","昨季は主に代打として起用されるも、打率1割台と低迷。プロ入り後最も少ない56試合の出場に終わるなど、不完全燃焼の1年を過ごした。巻き返しを図る今季は自身のバッティングを見つめ直し、首脳陣の信頼を取り戻す。"
"岩崎　峻典","福岡ソフトバンクホークス","大阪","A","2","860万円（推定）","多彩な球種で打者を惑わす右腕。ルーキーイヤーの昨季は5月にプロ初登板を果たすも、一軍での登板はこの1試合のみ。シーズン終盤は二軍で先発として経験を積んだ。今季は緩急を生かした投球術を身につけ、先発陣に割って入りたい。"
"エミール（エミール　セラーノ　プレンサ）","福岡ソフトバンクホークス","ドミニカ共和国","不明","1","","規格外のパワーを秘める育成外野手。高校3年夏の栃木大会では、3試合で打率.583、2本塁打、9打点を記録。3回戦ではサヨナラ満塁ホームランを放った。まずはプロの水に慣れ、支配下登録に向けて実戦でアピールを重ねたい。"
"今川　優馬","北海道日本ハムファイターズ","北海道","A","6","1,600万円（推定）","パンチ力が売りの外野手。昨季は二軍で打率.403、7本塁打の好成績をマーク。一軍では9月に自身3年ぶりの一発を放つなど、シーズン終盤での活躍が光った。今季はキャンプから猛アピールを見せ、より多くの出場機会を勝ち取る。"
"大竹　風雅","福岡ソフトバンクホークス","福島","A","5","600万円（推定）","多彩な球種を操る育成右腕。昨季の8月以降は派遣先のくふうハヤテでプレー。二軍では最終的に15試合に登板し、防御率5.70を記録した。今季はあらゆる面でレベルアップを図り、支配下復帰を手繰り寄せたい。"
"大野　稼頭央","福岡ソフトバンクホークス","鹿児島","B","4","620万円（推定）","伸びのある直球で空振りを奪う若手左腕。高卒3年目の昨季は、二軍で投球回を大きく上回る奪三振を記録。6月には一軍デビューを果たすなど、着実にステップアップを果たした。今季はさらなる成長を示し、一軍での登板を増やしたい。"
"大泉　周也","福岡ソフトバンクホークス","山形","O","3","400万円（推定）","広角に鋭い打球を飛ばす育成外野手。昨季はファーム非公式戦で好成績を収めるも、二軍では打率.267、0本塁打に終わった。今季は春先から首脳陣に猛アピールを続け、支配下登録を勝ち取りたい。"
"丸　佳浩","読売ジャイアンツ","千葉","AB","19","20,000万円（推定）","昨季は右足のケガで出遅れ、5月下旬に一軍へ合流。その後は主に1番打者を務め、8月19日にはサイクル安打を達成した。通算2000安打まで残り71本として迎える今季も、変わらぬ打撃技術で快打を連発する。"
"板東　湧梧","読売ジャイアンツ","徳島","AB","8","","制球力に秀でた右腕。ソフトバンクに所属した昨季は、二軍でリーグトップの防御率2.48を記録。シーズンを通してアピールを続けるも、一軍からは声がかからなかった。新天地で育成契約を結んだ今季は、春先から存在感を示したい。"
"山川　穂高","福岡ソフトバンクホークス","沖縄","A","13","45,000万円（推定）","昨季はリーグ2位の23本塁打を放つも、打率が.226と低迷。レギュラーシーズンは満足な結果を残せなかったが、日本シリーズではMVPに輝く活躍を見せた。今季は年間を通して打線をけん引し、より多くの得点を生み出す。"
"谷村　剛","千葉ロッテマリーンズ","和歌山","A","2","270万円（推定）","鋭いスイングで快音を連発する育成内野手。高卒1年目の昨季は二軍で44試合に出場。打率.144とプロの壁にぶつかるも、7月には公式戦初アーチを放った。今季は打撃の確実性を高め、実戦で結果を残したい。"
"野上　士耀","オリックス・バファローズ","愛知","A","1","","思い切りの良いスイングが売りの新人捕手。明秀日立高では、3年夏の茨城大会決勝で延長10回に決勝打を放つ活躍。甲子園でも盗塁を阻止するなど、攻守両面で存在感を示した。まずはプロで戦う土台づくりを進め、実戦デビューに備える。"
"中川　颯","横浜DeNAベイスターズ","神奈川","A","6","","横の揺さぶりで打者を打ち取るアンダーハンド。移籍2年目の昨季は27試合にリリーフ登板。防御率1.93を残すも、後半戦は登板機会に恵まれなかった。今季は首脳陣の信頼を勝ち取り、より多くの出番をつかみたい。"
"中島　大輔","東北楽天ゴールデンイーグルス","和歌山","O","3","3,700万円（推定）","走攻守3拍子そろった若手外野手。2年目の昨季は規定打席に到達し、打率.266、22盗塁をマーク。夏場からはリードオフマンに定着するなど、飛躍のシーズンとなった。今季も塁上をにぎわし、より多くの得点を演出したい。"
"唐川　侑己","千葉ロッテマリーンズ","千葉","O","19","4,400万円（推定）","独特なカットボールで打者を封じるベテラン右腕。昨季は6月に救援として一軍へ昇格するも、登板時に右膝を痛めて離脱。復帰後の9月には1試合に先発して好投を見せた。今季は与えられた役割を果たし、開幕からチームの戦力となりたい。"
"香月　一也","オリックス・バファローズ","福岡","A","12","480万円（推定）","シャープなスイングから鋭い打球を飛ばす育成内野手。昨季は二軍で主にファーストとして34試合に出場。打率.280と一定の成績を残すも、支配下復帰は果たせなかった。12年目を迎える今季は、不退転の決意で一軍の舞台を目指す。"
"加治屋　蓮","東北楽天ゴールデンイーグルス","宮崎","B","13","3,400万円（推定）","バットの芯を外してゴロを量産するベテランリリーバー。移籍1年目の昨季は、自身2年ぶりとなる50試合登板をクリア。18ホールドを挙げるなど、新天地で存在感を示した。今季も自身の持ち味を発揮し、ブルペン陣の一翼を担う。"
"加藤　響","横浜DeNAベイスターズ","神奈川","A","2","750万円（推定）","思い切りの良いスイングを見せる内野手。1年目の昨季は二軍で87試合に出場し、5本塁打をマーク。9月に一軍昇格を果たすと、同月13日にプロ初安打を記録した。今季はプレーの確実性を高め、ポジション争いに食い込みたい。"
"奥村　頼人","千葉ロッテマリーンズ","滋賀","O","1","","将来性豊かなルーキー左腕。高校時代は投打でチームをけん引し、3年春にはセンバツ優勝を経験。昨年のU-18ワールドカップでは、自己最速を更新する148キロをマークした。まずは体力強化に取り組み、プロで戦う土台を築きたい。"
"亀田　啓太","読売ジャイアンツ","神奈川","O","5","390万円（推定）","シュアな打撃を見せる育成キャッチャー。4年目の昨季は二軍で17試合に出場。25打数8安打をマークするなど、バッティングで存在感を示した。今季はより一層アピールを重ね、念願の支配下登録を勝ち取りたい。"
"北村　流音","読売ジャイアンツ","群馬","O","4","370万円（推定）","優れた打撃センスを持つ育成内野手。昨季は三軍で実戦経験を積むも、思うような成績を残せず。二軍での出番がゼロに終わるなど、悔しさの残るシーズンだった。今季は全体的なスキルアップに励み、ポテンシャルを開花させたい。"
"廣岡　大志","オリックス・バファローズ","大阪","O","11","4,400万円（推定）","長打力を備えるユーティリティー。昨季は6月に骨折で離脱するも、自身初の規定打席に到達。打率.254、7本塁打をマークし、守備でも内外野6つのポジションをこなした。今季も攻守に存在感を見せ、レギュラー定着を目指す。"
"松本　剛","読売ジャイアンツ","埼玉","AB","15","","コンタクト能力に優れる外野手。日本ハムでプレーした昨季は、打率.188と成績が低迷。約1カ月半の二軍調整も経験し、一軍出場は66試合にとどまった。新天地で迎える今季は本来のバッティングを取り戻し、チームの勝利に貢献する。"
"西川　史礁","千葉ロッテマリーンズ","和歌山","A","2","4,200万円（推定）","広角に快打を放つ若手外野手。1年目の昨季は序盤こそ苦しむも、規定打席をクリアして打率.281を記録。リーグトップとなる27本の二塁打を放ち、新人王に輝いた。今季はパワーアップした打撃を披露し、チームを優勝へと導きたい。"
"堀田　賢慎","読売ジャイアンツ","岩手","O","7","1,500万円（推定）","角度のあるボールを投げ下ろす7年目右腕。昨季は開幕一軍入りを果たすも、防御率5.24と振るわず。登板は前年を下回る8試合にとどまり、未勝利でシーズンを終えた。今季は投球の幅を広げ、存在感を放ちたい。"
"藤井　健翔","読売ジャイアンツ","岡山","O","1","","打球を飛ばす能力にたけた大型ルーキー。浦和学院高では主砲として打線をけん引。3年春の埼玉大会では準決勝と決勝で計3本塁打を放ち、チームの優勝に貢献した。球界を代表するスラッガーを目指し、まずは二軍で鍛錬に励む。"
"齋藤　友貴哉","北海道日本ハムファイターズ","山形","O","8","5,500万円（推定）","剛速球で打者をねじ伏せる右腕。昨季は47試合に救援登板し、防御率1.35をマーク。勝ちパターンの一翼を担い、クライマックスシリーズではクローザーとして活躍した。今季もブルペン陣の柱として働き、チームの勝利に貢献する。"
"今野　龍太","東北楽天ゴールデンイーグルス","宮城","AB","13","3,300万円（推定）","クイックモーションから伸びのある直球を投じる救援右腕。6年ぶりに楽天へ復帰した昨季は42試合に登板。あらゆる場面でマウンドに上がり、指揮官の起用に応えた。今季もチームのために腕を振り続け、ブルペン陣を支えたい。"
"木下　勇人","福岡ソフトバンクホークス","沖縄","O","2","360万円（推定）","抜群の脚力を誇る育成外野手。高卒1年目の昨季は故障の影響もあり、実戦で経験を積むことが満足にできないシーズンだった。今季は走攻守すべてでレベルアップを遂げ、公式戦で結果を残したい。"
"河野　優作","読売ジャイアンツ","大阪","A","1","","サイド気味の腕の振りが特徴の変則左腕。大学時代は1年の春季リーグ戦から活躍。3年時にはフォームの改良に取り組み、侍ジャパン大学代表の候補に選ばれた。プロではより一層鍛錬に励み、早期の支配下登録を目指す。"
"才木　海翔","オリックス・バファローズ","大阪","A","4","2,800万円（推定）","躍動感のあるフォームが魅力の育成出身右腕。昨季は前年を上回る38試合に登板し、防御率1.87をマーク。一時は抑えを任されるなど、大きな飛躍を遂げた。右肘の手術を受けて臨む今季は、いち早く状態を整えてチームの力となる。"
"古謝　樹","東北楽天ゴールデンイーグルス","神奈川","O","3","3,950万円（推定）","出どころの見えにくいフォームが特徴の若手左腕。昨季は開幕ローテーション入りを果たすと、4月6日にはプロ初完封を記録。最終的にチームトップタイの7勝をマークした。今季は年間を通して安定した投球を見せ、先発陣を引っ張りたい。"
"山﨑　福也","北海道日本ハムファイターズ","埼玉","B","12","25,000万円（推定）","昨季は夏場に調子を落として先発ローテーションから外れるも、9月以降はリリーフでチームに貢献。トータルで111イニングを投げ、防御率2.27を記録した。今季は持ち前の投球術に一層の磨きをかけ、2年ぶりの2ケタ勝利を目指す。"
"堀江　正太郎","読売ジャイアンツ","東京","O","2","380万円（推定）","角度のあるボールで打者と勝負する育成右腕。高卒1年目の昨季は三軍で登板を重ね、好成績をマーク。9月には二軍で公式戦デビューを果たした。今季はピッチング全体のレベルアップを図り、進化した姿を披露したい。"
"松井　蓮太朗","読売ジャイアンツ","愛知","O","1","","強肩とシュアな打撃が持ち味の育成捕手。豊橋中央高では、3年夏の愛知大会で打率.464をマーク。決勝では延長11回に勝ち越し打を放ち、チームを初の甲子園出場に導いた。1年目から実戦経験を積み、プロで戦うための土台を築く。"
"平内　龍太","読売ジャイアンツ","兵庫","A","6","2,700万円（推定）","直球に鋭く落ちる変化球を織り交ぜる右腕。昨季は防御率5.74と振るわず、登板は12試合止まり。シーズン最終戦ではアンダースローを試すなど、成績向上のために模索を続けた。今季はキャンプから結果を残し、出番を増やしたい。"
"松尾　汐恩","横浜DeNAベイスターズ","京都","A","4","2,300万円（推定）","攻守で高いポテンシャルを秘める若手捕手。昨季は開幕一軍入りを果たし、前年を上回る77試合に出場。プロ初アーチを含む4本塁打を放つなど、確かな成長を示した。今季はより一層のスケールアップを遂げ、正捕手の座を射止めたい。"
"周東　佑京","福岡ソフトバンクホークス","群馬","A","9","40,000万円（推定）","昨季は故障の影響で出場数を減らしたものの、自身4度目となる盗塁王を獲得。2年連続のゴールデングラブ賞に輝くなど、走攻守にわたる活躍を見せた。今季はコンディションに気を配り、リードオフマンとしてチームを引っ張る。"
"郡司　裕也","北海道日本ハムファイターズ","千葉","A","7","11,000万円（推定）","強打が売りのユーティリティー。昨季は111試合に出場し、打率.297、10本塁打をマーク。守っては5つのポジションをこなすなど、チームの躍進に貢献した。背番号を3に変更して臨む今季も攻守に躍動し、リーグ制覇を目指す。"
"元　謙太","オリックス・バファローズ","岐阜","O","6","1,000万円（推定）","走攻守のバランスが取れた6年目外野手。昨季は代走や守備固めを中心に、一軍で自己最多の31試合に出場。9月に右鎖骨下静脈血栓症と診断を受け、その後は治療に専念した。育成契約で迎える今季は、早期の実戦復帰を目指す。"
"笹原　操希","読売ジャイアンツ","長野","O","5","600万円（推定）","広角に打球を打ち分ける外野手。昨季は春先からアピールを重ね、4月に支配下へ昇格。同月17日には一軍でプロ初ヒットを放つも、計20打数2安打に終わった。再び育成契約となる今季は、実戦でより一層の存在感を示したい。"
"荘司　康誠","東北楽天ゴールデンイーグルス","新潟","B","4","4,000万円（推定）","鋭く落ちるスプリットが光る右腕。昨季は5月に一軍へ合流するも、6月にはコンディション不良で離脱。7月末からはローテーションを守り、まずまずの活躍を見せた。今季は万全なコンディションを維持し、規定投球回到達を目指す。"
"山本　祐大","横浜DeNAベイスターズ","大阪","A","9","7,300万円（推定）","素早い送球でピンチの芽を摘む捕手。昨季は前半戦こそ打撃で苦しんだものの、最終的に打率.262、3本塁打を記録。8月には21試合の出場で26安打をマークした。今季も扇の要としてナインを引っ張り、チームをリーグ優勝に導く。"
"横山　陸人","千葉ロッテマリーンズ","東京","O","7","5,800万円（推定）","サイドハンドから威力のあるボールを投げ込む右腕。昨季は自己最多の50試合に登板し、防御率2.08を記録。後半戦はクローザーを任され、12セーブを挙げる活躍を見せた。今季もブルペン陣の柱として、チームを勝利に導く。"
"松本　凌人","横浜DeNAベイスターズ","大阪","AB","3","950万円（推定）","サイドハンドから力のある速球を繰り出す右腕。昨季は二軍でチームトップの49試合に登板するも、一軍では防御率7点台とアピールできなかった。今季は課題であるコントロールを安定させ、実戦でより良い結果を残したい。"
"Ａ．バルドナード","読売ジャイアンツ","パナマ","不明","4","","がっちりとした体格から力のあるボールを投げ込む助っ人左腕。昨季は制球面で精彩を欠き、登板は来日後最少となる19試合止まり。シーズン終盤にはサイドスローに挑戦した。今季はコントロールを安定させ、自身の地位を確立させたい。"
"八木　彬","千葉ロッテマリーンズ","和歌山","A","5","1,800万円（推定）","150キロ前後の速球を力強く投げ込む右腕。昨季は一軍で自己最多の27試合に登板。防御率5点台に終わるも、シーズン終盤には7試合連続無失点と一定の結果を残した。今季はキャンプからアピールを見せ、より重要な場面を担いたい。"
"山下　恭吾","福岡ソフトバンクホークス","福岡","AB","4","360万円（推定）","攻守両面でセンスが光る育成内野手。高卒3年目の昨季は右手人さし指の骨折がありながら、二軍で自己最多の30試合に出場。打率.321と確かな成長を示した。今季も引き続き鍛錬に励み、実戦を通して首脳陣にアピールしたい。"
"蕭　齊","東北楽天ゴールデンイーグルス","台湾","不明","2","","197センチの長身から力のあるボールを投げ下ろす育成右腕。来日1年目の昨季は公式戦での登板こそなかったものの、秋季教育リーグなどでマウンドに上がった。今季も引き続きトレーニングに励みつつ、実戦経験を重ねたい。"
"徐　若熙","福岡ソフトバンクホークス","台湾","不明","1","","最速158キロの速球が武器の台湾出身右腕。2020年から台湾リーグでプレーし、主に先発として通算64試合に登板。昨季は投球回を上回る三振を奪い、防御率2.05を記録した。来日1年目から白星を重ね、首脳陣の期待に応えたい。"
"渡辺　翔太","東北楽天ゴールデンイーグルス","福岡","A","4","3,600万円（推定）","球界でも珍しいパームを操る右腕。昨季は初登板から15試合連続無失点を記録するも、以降は成績が低迷。8月中旬には右肘のクリーニング手術を受け、その後はリハビリに励んだ。今季は万全の状態で開幕を迎え、チームの戦力となりたい。"
"Ｓ．ハワード","読売ジャイアンツ","アメリカ","不明","2","","楽天に在籍した昨季は腰の張りで開幕に出遅れ、その後も度重なる離脱を経験。一軍登板は9試合にとどまるも、5勝1敗、防御率2.22を記録した。新天地で迎える今季はケガなくシーズンを過ごし、力強いピッチングで先発陣を支えたい。"
"Ｊ．モレノ","福岡ソフトバンクホークス","キューバ","不明","1","","抜群の身体能力を生かしたディフェンスが光る育成内野手。昨年9月に行われたU-18ワールドカップにはキューバ代表として出場。攻守にわたって活躍し、最多得点と最優秀守備選手に輝いた。異国の地で鍛錬に励み、才能を開花させたい。"
"Ｒ．マルティネス","読売ジャイアンツ","キューバ","不明","10","","新天地で迎えた昨季は、開幕から31試合連続無失点をマーク。シーズン全体では球団新記録となる46セーブを挙げ、自身3度目のセーブ王に輝いた。来日10年目を迎える今季も絶対的守護神として君臨し、チームに勝利を届ける。"
"Ｓ．アセベド","千葉ロッテマリーンズ","ドミニカ共和国","不明","2","","パワーが自慢の助っ人外野手。来日1年目の昨季は二軍で好成績を残し、7月に支配下契約を締結。9月3日に初ヒットを記録すると、翌日には代打で初アーチを放った。再び育成選手となって迎える今季は、首脳陣に成長をアピールしたい。"
"島原　大河","東北楽天ゴールデンイーグルス","大阪","B","1","","卓越した打撃センスを備える育成捕手。昨季は四国アイランドリーグplusの愛媛に所属。打点王のタイトルを獲得し、年間MVPにも輝いた。自慢のバッティングを武器に、1年目から存在感を示したい。"
"高野　脩汰","千葉ロッテマリーンズ","島根","B","4","3,400万円（推定）","真上から投げ下ろすフォームが特徴の左腕。昨季は前半戦でロングリリーフとして結果を残し、8月以降は勝ちパターンに定着。37試合の登板で防御率1.84、15ホールドを記録した。今季も任された役割を全うし、投手陣をけん引する。"
"寿賀　弘都","オリックス・バファローズ","香川","A","3","260万円（推定）","バットの芯を外す投球が持ち味の育成左腕。2年目の昨季は二軍で7試合に登板。防御率1.13と前年から成績を大きく向上させ、首脳陣にアピールした。今季はさらなるレベルアップを図り、支配下登録を手繰り寄せたい。"
"淺間　大基","北海道日本ハムファイターズ","東京","B","12","2,800万円（推定）","走攻守に高い能力を備える外野手。昨季は二軍で好成績を残すも、一軍では打率.185と低迷。39試合の出場にとどまる不本意なシーズンとなった。今季はポテンシャルを存分に発揮し、チームの勝利に貢献したい。"
"東妻　勇輔","千葉ロッテマリーンズ","和歌山","B","8","1,800万円（推定）","ツーシームとスライダーで打者を揺さぶる右腕。昨季は6月に一軍昇格を果たすも、登板は6試合止まり。7月の登録抹消後は二軍生活が続くなど、悔しいシーズンを送った。今季はキャンプからアピールを見せ、ブルペン陣に割って入りたい。"
"相原　雄太","福岡ソフトバンクホークス","埼玉","AB","2","400万円（推定）","191センチの長身から力のある真っすぐを投げ込む育成右腕。昨季はファーム非公式戦で登板を重ね、秋季教育リーグにも参加。入団1年目から多くの実戦経験を積んだ。今季は主戦場を二軍へと移し、支配下登録へ向けてアピールしたい。"
"相澤　白虎","読売ジャイアンツ","埼玉","A","4","380万円（推定）","パワーあふれる打撃が魅力の育成選手。昨季は三軍を主戦場として多くの試合に出場。着実に実戦経験を積み上げ、持ち前の長打力をアピールした。今季はバッティングをさらに強化し、二軍での出番をつかみたい。"
"青野　拓海","東北楽天ゴールデンイーグルス","富山","O","3","520万円（推定）","パンチ力を秘めた打撃が魅力の若手内野手。高卒2年目の昨季は二軍で80試合に出場。前年を上回る打率.232を残すなど、成長を示した。今季は長打力に磨きをかけ、首脳陣にアピールを続けたい。"
"田中　貴也","東北楽天ゴールデンイーグルス","京都","O","12","850万円（推定）","堅実な守備と明るいキャラクターでチームを鼓舞するベテラン捕手。昨季は103試合でベンチ入りするも、スタメンでの起用はゼロに終わった。12年目を迎える今季は春先から存在感を示し、より多くの出番をつかみたい。"
"田中　正義","北海道日本ハムファイターズ","神奈川","A","10","10,000万円（推定）","剛速球で勝負する救援右腕。昨季は49試合に登板し、防御率1.32をマーク。勝利の方程式の一翼を担い、12ホールド、13セーブを挙げる活躍を見せた。今季もチームのリードを守り抜き、ファンに勝利を届ける。"
"瀧中　瞭太","東北楽天ゴールデンイーグルス","滋賀","A","7","4,000万円（推定）","鋭く曲がる変化球を操る技巧派右腕。昨季は前年を上回る15試合に先発登板。7月には自身初の完封勝利を挙げるなど、ローテーションを支えた。今季は投球術をさらに磨き、白星を積み重ねたい。"
"髙橋　隆慶","福岡ソフトバンクホークス","茨城","B","1","","長打力のあるバッティングが魅力の新人内野手。JR東日本では4番打者として打線をけん引。昨年から打撃の確実性が増し、都市対抗では計10打数5安打をマークした。NPBの舞台でも打力をアピールし、存在感を示したい。"
"飛田　悠成","福岡ソフトバンクホークス","神奈川","B","4","360万円（推定）","長い腕をしならせてキレのあるボールを投じる育成右腕。度重なるケガで苦しんだ前年から一転、昨季はファーム非公式戦で多くの実戦経験を重ねた。今季も引き続きスキルアップに励み、まずは公式戦デビューを目指す。"
"岩嵜　翔","オリックス・バファローズ","千葉","O","19","6,500万円（推定）","剛速球と落差の大きいフォークで空振りを奪う右腕。昨季はシーズン途中にトレードで加入し、その後は37試合に登板。自己最速となる160キロをマークするなど存在感を示した。今季も力強い投球を見せ、チームの勝利に貢献する。"
"今宮　健太","福岡ソフトバンクホークス","大分","O","17","20,000万円（推定）","華麗なフィールディングを見せるベテラン内野手。昨季は度重なる故障の影響もあり、思うようなシーズンを過ごせず。出場は前年を大きく下回る46試合にとどまった。今季はコンディションを万全に整え、定位置奪還を目指す。"
"乾　健斗","オリックス・バファローズ","茨城","不明","2","250万円（推定）","高いポテンシャルを備える育成右腕。高卒1年目の昨季は公式戦での登板こそなかったものの、練習試合やオフの秋季教育リーグで実戦を経験した。今季もフィジカル強化に取り組みつつ、成長した姿を首脳陣にアピールしたい。"
"井上　広大","千葉ロッテマリーンズ","大阪","B","7","1,000万円（推定）","パンチ力が持ち味のスラッガー。昨季は二軍でチームトップの8本塁打を放つも、打率.230と低迷。一軍での出場がわずか1試合に終わるなど、悔しいシーズンを過ごした。今季は自身の打撃を見つめ直し、新天地での飛躍を目指す。"
"伊藤　樹","東北楽天ゴールデンイーグルス","秋田","O","1","","コーナーに投げ分ける制球力が持ち味のルーキー右腕。早稲田大では4年春にノーヒットノーランを達成するなど、リーグ戦で通算22勝を挙げた。プロの舞台でも持ち味を遺憾なく発揮し、1年目から2ケタ勝利を狙う。"
"入山　海斗","オリックス・バファローズ","大阪","A","4","1,000万円（推定）","力強い直球が持ち味の育成出身右腕。昨季は7月に支配下登録へ昇格し、一軍で15試合に登板。プロ初勝利と初ホールドを記録するなど、貴重な経験を積んだ。今季はキャンプから指揮官にアピールし、より多くの出番をつかみたい。"
"井上　絢登","横浜DeNAベイスターズ","福岡","O","3","900万円（推定）","フルスイングで長打を連発するスラッガー。昨季は二軍でチームトップの10本塁打をマーク。一軍ではプロ初アーチとなる満塁弾を放つも、12試合の出場で打率.172に終わった。今季は打撃の確実性を高め、一気にブレークを遂げたい。"
"野村　佑希","北海道日本ハムファイターズ","アメリカ","O","8","5,800万円（推定）","大きな放物線を描くスラッガー。昨季は開幕から4番打者として活躍するも、5月に左脇腹を負傷して戦線離脱。復帰後も存在感は示したが、レギュラー定着には至らなかった。今季は主軸としてチームを引っ張るべく、アーチを量産したい。"
"田島　光祐","オリックス・バファローズ","岐阜","A","2","250万円（推定）","ディフェンス面に定評のある育成捕手。ルーキーイヤーの昨季は二軍で45試合に出場。打率.159とプロの壁にぶつかるも、貴重な実戦経験を積んだ。今季は課題の打撃でレベルアップを遂げ、早期の支配下登録を狙う。"
"中西　創大","オリックス・バファローズ","京都","A","1","","強肩を備えた守備が自慢の育成内野手。高校3年夏の京都大会では、4番・ショートで活躍。2試合で計4安打を放つなど、攻守にわたってチームを盛り立てた。1年目の今季は鍛錬に励み、プロで戦うための土台を築きたい。"
"奈良間　大己","北海道日本ハムファイターズ","静岡","A","4","2,500万円（推定）","抜群の守備力が光る内野手。昨季は開幕から1年間フルで一軍に同行し、86試合に出場。内野の3ポジションをこなしながら、無失策でシーズンを終えた。今季も持ち前の明るさでチームを盛り上げつつ、与えられた役割を全うする。"
"愛斗（武田　愛斗）","千葉ロッテマリーンズ","大阪","O","11","","高い守備力を誇る外野手。昨季は二軍で打率.305の好成績をマーク。5月末には一軍昇格を果たすも出番に恵まれず、わずか17試合の出場にとどまった。今季は長打力を磨き、レギュラー争いに割って入りたい。"
"大坪　梓恩","東北楽天ゴールデンイーグルス","千葉","B","1","","類まれなパワーを誇る育成ルーキー。2024年に日本海リーグの石川ミリオンスターズに加入。昨季はレギュラーをつかみ、リーグトップタイの8本塁打を記録した。スケールの大きいプレーヤーを目指し、まずはスキルアップに励みたい。"
"宇田川　優希","オリックス・バファローズ","埼玉","O","6","2,800万円（推定）","落差の大きいフォークで打者と勝負する右腕。昨季は前年に故障した右肘の状態が上がらず。3月にトミー・ジョン手術を受け、以降はリハビリに努めた。育成選手となって迎える今季は患部の状態を万全にし、まずは実戦復帰を目指す。"
"金田　優太","千葉ロッテマリーンズ","埼玉","O","4","500万円（推定）","シャープなスイングが光る内野手。昨季は二軍で17試合に出場し、打率.219と振るわず。7月には右手の手術を受け、以降はリハビリに取り組んだ。育成契約で迎える今季はコンディションを整え、実戦でアピールを続ける。"
"小笠原　蒼","横浜DeNAベイスターズ","愛知","A","3","340万円（推定）","思い切りの良いスイングを見せる育成内野手。昨季は二軍で12試合に出場するも、打率.071と苦戦。オフには秋季教育リーグにも参加し、貴重な実戦経験を積んだ。今季は全体的なレベルアップを図り、公式戦で結果を残したい。"
"藤原　恭大","千葉ロッテマリーンズ","大阪","B","8","8,000万円（推定）","抜群の野球センスが光る外野手。7年目の昨季はリードオフマンに定着し、107試合の出場で打率.271を記録。自身初の規定打席到達を果たすなど、充実した1年を送った。今季も走攻守すべてで躍動し、チームを上位浮上に導く。"
"中込　陽翔","東北楽天ゴールデンイーグルス","山梨","B","2","1,000万円（推定）","真横に滑るスライダーが武器のサイドハンド。ルーキーイヤーの昨季は二軍で41試合に登板し、防御率1.83をマーク。一軍ではデビューから6試合連続無失点を記録した。今季はフル回転の働きを見せ、首脳陣の期待に応えたい。"
"中森　俊介","千葉ロッテマリーンズ","兵庫","AB","6","2,600万円（推定）","独特な軌道の直球とフォークが持ち味の右腕。昨季は腰痛の影響で後半戦のマウンドに上がれなかったが、前半戦で25試合に登板して防御率1点台を記録。オールスター初出場も果たした。今季は万全の状態を保ち、さらなる飛躍を遂げる。"
"長谷川　威展","福岡ソフトバンクホークス","埼玉","AB","5","","滑るように曲がるスライダーが武器の左腕。昨季は3月にトミー・ジョン手術を受け、シーズンを通してリハビリに取り組んだ。育成選手として迎える今季は早期の実戦復帰を果たし、支配下登録への返り咲きを目指す。"
"橋本　達弥","横浜DeNAベイスターズ","兵庫","B","4","650万円（推定）","落差のあるフォークで空振りを量産する右腕。育成契約で迎えた昨季は、7月に支配下登録へ復帰。後半戦は二軍で20試合に登板し、防御率0.87の好成績を収めた。今季はキャンプから存在感を示し、一軍の投手陣に割って入りたい。"
"西舘　勇陽","読売ジャイアンツ","岩手","A","3","2,700万円（推定）","切れ味鋭いカットボールを操る右腕。昨季はコンディション不良などもあって、登板は15試合止まり。シーズン中盤には先発として起用されるも、物足りない成績に終わった。今季は安定した投球を続け、一軍定着を果たしたい。"
"九鬼　隆平","横浜DeNAベイスターズ","大阪","A","10","650万円（推定）","長打力が持ち味のスラッガー。昨季は開幕前に支配下復帰を果たすと、二軍でキャリアハイの8本塁打をマーク。5月10日には一軍で自身4年ぶりとなるヒットを放った。今季もバットでアピールを続け、定位置争いに割って入りたい。"
"川口　冬弥","福岡ソフトバンクホークス","奈良","A","2","","力のある直球とフォークが武器の右腕。昨季は二軍でアピールを続け、6月に支配下選手へ昇格。一軍では5試合に登板し、計6イニングを無失点に封じた。再び育成選手となって迎える今季は、実戦でさらなる結果を残したい。"
"菊地　大稀","北海道日本ハムファイターズ","新潟","O","5","2,000万円（推定）","落差の大きいフォークが武器の右腕。育成契約で迎えた昨季は、7月下旬に支配下登録へ復帰。一軍では計10イニングを投げて16奪三振を記録するなど、持ち味を発揮した。日本ハムに移籍して迎える今季は、年間を通した活躍を誓う。"
"古賀　康誠","東北楽天ゴールデンイーグルス","福岡","A","4","430万円（推定）","直球とスライダーのコンビネーションが武器の左腕。育成選手として迎えた昨季は、二軍でチーム2位の投球回を記録。首脳陣へのアピールが実り、オフに支配下契約を結んだ。今季はより一層のレベルアップを遂げ、一軍デビューを目指す。"
"柳田　悠岐","福岡ソフトバンクホークス","広島","AB","16","37,000万円（推定）","昨季は4月中旬に右足を負傷して長期の戦線離脱。9月下旬に一軍へ復帰すると、日本シリーズでは打率.455、1本塁打の活躍でチームの日本一に貢献した。今季は年間を通してコンディションを維持し、豪快な打撃でファンを沸かせたい。"
"水谷　瞬","北海道日本ハムファイターズ","愛知","A","8","5,000万円（推定）","強烈な打球を放つ外野手。昨季は左脇腹の故障で出遅れるも、前年を上回る12本塁打を記録。得点圏打率.373をマークするなど、長打力と勝負強さを備えた打撃で存在感を示した。今季は定位置を確保し、フルシーズンの活躍を誓う。"
"広瀬　結煌","福岡ソフトバンクホークス","千葉","A","2","360万円（推定）","堅実なディフェンスが持ち味の育成内野手。昨季はファーム非公式戦で多くの実戦経験を積み、9月には二軍戦で初安打をマークした。今季も引き続き攻守で技術向上に励み、近い将来の支配下登録に備えたい。"
"水上　桂","東北楽天ゴールデンイーグルス","兵庫","O","7","450万円（推定）","強肩を生かしたスローイングが売りの育成捕手。昨季は二軍で61試合に出場。盗塁阻止率.388をマークするも、打率.171とバッティングで苦戦が続いた。今季は打撃面でレベルアップし、支配下復帰を勝ち取りたい。"
"早川　隆久","東北楽天ゴールデンイーグルス","千葉","B","6","6,000万円（推定）","低めにボールを集める制球力が売りの左腕。昨季は2年連続となる開幕投手を務めるも、自己最少の2勝止まり。シーズン中盤から不振に陥り、9月には左肩の手術に踏み切った。今季はコンディションに気を配り、再びマウンドで躍動したい。"
"船迫　大雅","読売ジャイアンツ","宮城","B","4","9,000万円（推定）","内外角への投げ分けで打者を打ち取るサイドハンド。昨季は自己最多の57試合に登板し、防御率2.81をマーク。ワンポイントでの起用にも応えるなど、ブルペンを支えた。今季も任された役割を全うし、ゲームの流れを引き寄せる。"
"関根　大気","横浜DeNAベイスターズ","愛知","A","13","4,040万円（推定）","シュアなバッティングと広い守備範囲が武器の外野手。昨季は二軍でまずまずの成績を残すも、一軍では打率.174と振るわず。前年を大きく下回る9試合の出場に終わった。今季は与えられたチャンスをものにし、出番の増加につなげたい。"
"喜多　隆介","読売ジャイアンツ","石川","A","6","600万円（推定）","送球の正確さに定評があるキャッチャー。昨季は7月に右膝を負傷し、戦線を離脱。8月に同箇所の手術を受け、残りのシーズンをリハビリに費やした。育成契約を結んで迎える今季は、1日でも早い実戦復帰を目指す。"
"小園　健太","横浜DeNAベイスターズ","大阪","O","5","660万円（推定）","力強い直球と落差のある変化球を操る右腕。昨季は二軍で15試合に先発し、防御率2.25を記録。7月には一軍でプロ初勝利を挙げるも、その後はコンディション不良に悩まされた。今季は体調を万全に整え、ローテーション争いに加わる。"
"佐藤　航太","福岡ソフトバンクホークス","東京","A","4","360万円（推定）","非凡な打撃センスが光る育成外野手。昨季は春季キャンプをA組で迎えるも、胃腸炎により無念の離脱。二軍では39試合に出場し、打率.200と思うようにアピールできなかった。今季はバッティングを鍛え直し、支配下契約へ前進したい。"
"三森　大貴","横浜DeNAベイスターズ","埼玉","A","10","5,000万円（推定）","類まれな脚力を誇るユーティリティー。新天地で迎えた昨季は、91試合の出場でリーグ3位の22盗塁を記録。6月8日にはプロ初のサヨナラ打を放つなど、要所での活躍が目立った。今季も自身の持ち味を発揮し、首脳陣の起用に応えたい。"
"麦谷　祐介","オリックス・バファローズ","宮城","O","2","2,300万円（推定）","スピード感あふれるプレーが売りの外野手。1年目の昨季は79試合に出場し、チームトップの12盗塁をマーク。バットではサヨナラ打やプロ初本塁打を放つなど、印象的な活躍を見せた。今季はさらなる成長を遂げ、定位置確保を狙う。"
"森　敬斗","横浜DeNAベイスターズ","静岡","A","7","2,100万円（推定）","抜群の身体能力を誇る内野手。昨季は開幕スタメンを勝ち取るも、打率.153と打撃が振るわず。7月以降は二軍暮らしが続くなど、悔しいシーズンを送った。今季は自身のプレーを見つめ直し、一軍の戦力になりたい。"
"皆川　岳飛","読売ジャイアンツ","群馬","O","1","","広角に鋭い打球を放つルーキー。中央大では東都大学リーグ史上25人目となる通算100安打を達成。4年秋には打率.447をマークし、首位打者に輝いた。走攻守に高い能力を発揮し、1年目から多くの出場機会をつかみたい。"
"牧原　巧汰","福岡ソフトバンクホークス","神奈川","O","6","","シャープなスイングを見せる捕手。昨季は二軍で打率.124と低迷。入団から5年間で一軍出場は果たせず、オフに戦力外通告を受けた。育成選手となって迎える今季は、セールスポイントである打撃で成長を示したい。"
"松浦　慶斗","読売ジャイアンツ","宮城","A","5","650万円（推定）","恵まれた体格から威力のある直球を投げ込む左腕。日本ハムに所属した昨季は、二軍で6先発を含む19試合に登板。救援では防御率1.69を記録するも、一軍昇格は果たせなかった。今季は変化球の精度を磨き、新天地での飛躍を目指す。"
"又木　鉄平","読売ジャイアンツ","山梨","A","3","970万円（推定）","緩急を生かした投球が持ち味の左腕。昨季は二軍でチームトップの91回1/3を投げ、防御率2.17を記録。一軍では2試合に先発するも、チャンスをものにできなかった。今季は持ち球の精度を高め、ローテーション争いに加わりたい。"
"Ｈ．マルセリーノ","横浜DeNAベイスターズ","ドミニカ共和国","不明","5","","切れ味抜群の変化球を操る育成出身右腕。4年目の昨季は5月に支配下選手へ昇格。二軍で高い奪三振率を残し、一軍でも2試合でマウンドに上がった。今季は細かいコントロールを身につけ、登板機会を増やしたい。"
"山﨑　颯一郎","オリックス・バファローズ","石川","B","10","4,500万円（推定）","球威抜群の直球で打者をねじ伏せる右腕。昨季は開幕から状態が上がらず、3度の登録抹消を経験。9月には2戦連続で無死満塁を無失点に抑える好リリーフを披露した。今季は年間を通して安定した投球を見せ、勝ちパターン定着を目指す。"
"和田　康士朗","千葉ロッテマリーンズ","埼玉","B","9","2,000万円（推定）","類まれな俊足が持ち味の外野手。昨季は開幕を一軍で迎えるも、存在感を示せず。4月下旬の登録抹消後は長い二軍暮らしが続き、盗塁数ゼロに終わる悔しいシーズンとなった。今季は首脳陣に成長をアピールし、再びチームの戦力となりたい。"
"山中　稜真","オリックス・バファローズ","神奈川","B","2","1,000万円（推定）","広角に打球を飛ばす若手ユーティリティー。ルーキーイヤーの昨季は開幕を一軍で迎え、19試合に出場。4月17日にプロ初本塁打をマークしたものの、打率は1割台に終わった。今季は確実性のある打撃を身につけ、競争を勝ち抜きたい。"
"渡邉　一生","オリックス・バファローズ","神奈川","B","1","","ブレーキの利いたチェンジアップが光る新人育成左腕。仙台大では1年時の春から公式戦に登板。3年春のリーグ戦では4勝0敗、防御率0.27を記録し、MVPに輝いた。プロでも高みを目指し、1年目で支配下にはい上がりたい。"
"椋木　蓮","オリックス・バファローズ","山口","O","5","1,400万円（推定）","スリークオーターから力強い直球を投じる右腕。先発として臨んだ昨季は開幕から振るわず、長期の二軍調整を経験。シーズン終盤にリリーフへ転向し、9月以降は一軍で6試合を無失点に抑えた。今季は一層の進化を遂げ、一軍定着を狙う。"
"Ｄ．ヘルナンデス","福岡ソフトバンクホークス","ベネズエラ","不明","4","","威力のある直球を投じる助っ人左腕。昨季は故障による離脱がありながら42試合に登板。打ち込まれる場面も目立ち、トータルでは前年を下回る物足りない成績に終わった。今季は好不調の波を小さくし、フルシーズンの活躍を誓う。"
"山本　大斗","千葉ロッテマリーンズ","鳥取","A","6","1,800万円（推定）","昨季は4月にプロ初アーチを放つと、6、7月は4番として打線をけん引し、初めてオールスターにも出場。107試合に出場して11本塁打を記録するなど、実りのあるシーズンとなった。今季は打撃の確実性を磨き、一層の飛躍を誓う。"
"吉野　光樹","横浜DeNAベイスターズ","熊本","O","4","1,100万円（推定）","直球とカットボールを軸に打者と勝負する右腕。昨季は二軍で18試合に登板し、チームトップの8勝をマーク。一軍では2試合に先発するも、思うような結果を残せなかった。今季は持ち球の精度を高め、首脳陣の起用に応えたい。"
"度会　隆輝","横浜DeNAベイスターズ","千葉","A","3","3,500万円（推定）","巧みなバットさばきが光る主軸候補。昨季は86試合に出場し、前年を上回る6本塁打をマーク。9月以降は打率.371を残すなど、シーズン終盤に存在感を示した。今季は好不調の波を抑え、し烈なレギュラー争いを制したい。"
"Ａ．アルメンタ","福岡ソフトバンクホークス","メキシコ","不明","5","","150キロ中盤のストレートが魅力の育成助っ人左腕。来日4年目の昨季は、二軍で13試合に登板。投球回を上回る奪三振を記録するなど、確かな成長を示した。今季は制球力に磨きをかけ、念願の支配下契約を勝ち取りたい。"
"田嶋　大樹","オリックス・バファローズ","栃木","A","9","11,000万円（推定）","多彩な球種を操る技巧派サウスポー。昨季は18試合に先発し、防御率3.13をマーク。2度の無四球完封を記録するなど、ローテーションを支えた。今季は年間を通して安定したパフォーマンスを見せ、自身初の2ケタ勝利を狙う。"
"藤浪　晋太郎","横浜DeNAベイスターズ","大阪","A","12","8,000万円（推定）","打者の手元で動く剛速球が持ち味の右腕。昨季は7月にDeNAと契約し、3年ぶりに日本球界へ復帰。8月31日には7回無失点で白星を挙げるなど、一軍で6試合に登板した。今季は開幕から力を発揮し、首脳陣の期待に応える。"
"戸郷　翔征","読売ジャイアンツ","宮崎","AB","8","24,000万円（推定）","2年連続で開幕投手を務めた昨季は、不振により2度の二軍落ちを経験。21試合に登板するも最後まで状態は戻りきらず、苦しいシーズンとなった。巻き返しを誓う今季は自身の投球を見つめ直し、再び先発陣を引っ張りたい。"
"篠木　健太郎","横浜DeNAベイスターズ","群馬","B","2","1,200万円（推定）","キレのあるストレートで空振りを奪う右腕。1年目の昨季は開幕一軍入りを果たすも、登板は3試合止まり。8月下旬からは二軍で先発調整を続け、一定の成績を残した。今季は制球力を向上させ、実戦で成長をアピールしたい。"
"鈴木　貴大","福岡ソフトバンクホークス","神奈川","B","1","","力強いスイングが魅力の育成外野手。昨年の都市対抗1次予選では、4試合で4本塁打を記録するなど快打を連発。大会に初参戦したチームを主軸打者として引っ張った。持ち前の打力に磨きをかけ、ルーキーイヤーから結果を残したい。"
"田村　朋輝","読売ジャイアンツ","東京","A","4","410万円（推定）","球威のある直球が武器の育成右腕。昨季は6月上旬にくふうハヤテへ派遣され、その後は主に先発として11試合に登板。オフには豪州リーグにも参加し、実戦経験を積んだ。今季はさらなるレベルアップを図り、成長を示したい。"
"石垣　勝海","千葉ロッテマリーンズ","山形","B","10","","力強いスイングが魅力のユーティリティー。昨季は4月に移籍後初安打を放つも、左太もも裏を痛めて離脱。20試合の出場で打率.143と存在感を示せなかった。今季は万全のコンディションで臨み、与えられたチャンスで結果を残したい。"
"伊藤　裕季也","東北楽天ゴールデンイーグルス","三重","O","8","1,900万円（推定）","パンチ力のあるバッティングが売りのユーティリティー。昨季は二軍で好成績を残すも、一軍では打率.214、1本塁打と振るわなかった。今季は春先から自身の持ち味をアピールし、チームの戦力になりたい。"
"石田　充冴","読売ジャイアンツ","北海道","O","2","560万円（推定）","長身から力のある直球を投げ下ろす右腕。昨季は4月にコンディション不良で戦線を離脱。8月に実戦復帰するも、公式戦での登板はかなわなかった。育成契約で迎える今季は万全の状態で臨み、首脳陣に成長をアピールしたい。"
"伊勢　大夢","横浜DeNAベイスターズ","熊本","A","7","14,000万円（推定）","力強い真っすぐで三振を奪うリリーフ右腕。昨季は55試合の登板で防御率2.89を記録。勝ちパターンの一員を担い、32ホールド、13セーブをマークした。今季もフル回転の働きを見せ、ブルペン陣をけん引する。"
"池田　陵真","オリックス・バファローズ","大阪","O","5","700万円（推定）","パワフルなスイングで広角に打球を飛ばす外野手。昨季は二軍で98試合に出場するも、打率.242と前年からの成長を示せず。一軍昇格を果たせないままシーズンを終えた。今季は自身の打撃を見つめ直し、存在感を高めたい。"
"戸柱　恭孝","横浜DeNAベイスターズ","鹿児島","A","11","7,500万円（推定）","巧みなリードで投手陣を引っ張る精神的支柱。10年目の昨季は年間を通して一軍に同行。45試合の出場で打率.242、2本塁打という成績を残した。今季も豊富な経験を生かし、チームの勝利に貢献したい。"
"生田目　翼","北海道日本ハムファイターズ","茨城","A","8","2,950万円（推定）","カットボールとツーシームでバットの芯を外す救援右腕。昨季は5月に右足首を負傷。防御率2.30をマークするも、前年を下回る25試合の登板にとどまった。今季はシーズンを通して結果を残し、重要な局面での起用に応えたい。"
"常谷　拓輝","北海道日本ハムファイターズ","北海道","不明","1","","広角に鋭い打球を飛ばす新人の育成内野手。北海学園大では遊撃手としてリーグのベストナインを4度受賞。守備では強肩が売りで、大学時代は投手も兼務していた。プロの舞台でも持ち味を発揮し、まずは二軍で結果を残したい。"
"ハモンド（田中　怜利　ハモンド）","福岡ソフトバンクホークス","東京","O","5","","190センチ超の長身から投げ込むストレートが魅力の育成右腕。昨季はファーム非公式戦での成績が振るわず、二軍での登板機会をつかめなかった。高卒5年目を迎える今季は課題の制球難を改善し、支配下登録へ前進したい。"
"千葉　隆広","読売ジャイアンツ","北海道","AB","3","360万円（推定）","鋭く曲がるスライダーが売りの育成サウスポー。高卒2年目の昨季は6月に左肩の手術を受け、以降はリハビリに専念した。今季は万全な状態でシーズンを迎え、公式戦のマウンドで結果を残したい。"
"上原　健太","北海道日本ハムファイターズ","沖縄","A","11","4,900万円（推定）","力のあるボールで打者を抑え込む左腕。リリーフへ配置転換となった昨季は、6月末に一軍へ昇格。シーズン初登板から21試合連続無失点を記録し、9月2日にはプロ初セーブを挙げた。今季も安定した投球を続け、チームの勝利に貢献する。"
"上原　堆我","オリックス・バファローズ","静岡","B","2","250万円（推定）","キレのあるスライダーを投げ込む育成右腕。ルーキーイヤーの昨季は体づくりに取り組みつつ、練習試合で実戦経験を重ねた。高卒2年目の今季はより一層のステップアップを遂げ、公式戦デビューを果たしたい。"
"江崎　歩","福岡ソフトバンクホークス","愛知","B","1","","走攻守で安定したプレーを見せる育成内野手。福井工大福井高では主将としてチームをけん引。昨夏の福井大会では4試合で計9安打を放ち、準優勝に貢献した。1年目の今季は鍛錬に励みつつ、実戦で持ち味をアピールしたい。"
"入江　大樹","東北楽天ゴールデンイーグルス","大阪","A","6","580万円（推定）","堅実な守備が持ち味の若手内野手。昨季は二軍でチームトップの99安打を放つも、一軍ではわずか4試合の出場にとどまった。今季はバッティングでスケールアップを図り、出番の増加につなげたい。"
"岡植　純平","福岡ソフトバンクホークス","兵庫","O","4","360万円（推定）","キレのあるスライダーが武器の育成右腕。昨季はファーム非公式戦で多くの登板を経験。二軍ではゾーン内で勝負する強気のピッチングを見せ、2試合を無失点に抑えた。高卒4年目を迎える今季は春先から結果を残し、支配下登録へ前進する。"
"大内　誠弥","東北楽天ゴールデンイーグルス","宮城","O","3","550万円（推定）","ブレーキの利いたチェンジアップを投じる長身右腕。高卒2年目の昨季は二軍で15試合に登板。一軍ではプロ初登板を含む2試合に先発し、計9イニングを2失点に封じた。今季もスキルアップを続け、ローテーション争いに名乗りを上げる。"
"宮西　尚生","北海道日本ハムファイターズ","兵庫","O","19","6,500万円（推定）","キレのあるスライダーが武器のベテラン左腕。昨季は31試合でマウンドに上がり、12ホールドをマーク。9月にはNPB史上4人目となる通算900試合登板を達成した。今季もリーグ制覇のために腕を振り、救援陣を支える。"
"西口　直人","東北楽天ゴールデンイーグルス","大阪","B","10","5,000万円（推定）","浮き上がるような直球で空振りを量産する右腕。昨季は52試合の登板で防御率1.07、31ホールドを記録。自身初のオールスター出場を果たすなど、充実のシーズンを過ごした。今季も進化を続け、チームの勝利に貢献する。"
"馬場　皐輔","横浜DeNAベイスターズ","宮城","O","9","","直球とスプリットが武器の右腕。巨人に所属した昨季は二軍で好成績を残すも、一軍では8登板止まり。オフに戦力外通告を受け、その後DeNAと育成契約を結んだ。今季はキャンプから首脳陣にアピールし、支配下登録をつかみたい。"
"津嘉山　憲志郎","福岡ソフトバンクホークス","沖縄","B","2","360万円（推定）","将来性豊かな育成右腕。高校2年時の2023年にトミー・ジョン手術を経験。プロ1年目の昨季は右肘の状態が思うように上がらず、リハビリに注力した。今季は万全のコンディションを取り戻し、実戦経験を重ねたい。"
"角中　勝也","千葉ロッテマリーンズ","石川","A","20","6,000万円（推定）","洗練された打撃技術を誇る外野手。昨季は若手の台頭もあり、一軍での出場は27試合と大幅に減少。後半戦は二軍暮らしが続く悔しいシーズンとなった。20年目を迎える今季は持ち味を発揮し、サブロー新監督の力となりたい。"
"加藤　貴之","北海道日本ハムファイターズ","千葉","AB","11","30,000万円（推定）","コーナーを丁寧に突くピッチングが持ち味の左腕。昨季はチーム2位タイの9勝を挙げるも、後半戦は成績が低迷。5年ぶりに規定投球回到達を逃した。今季は細かい制球力を磨き直し、年間を通してローテーションを守り抜きたい。"
"清宮　幸太郎","北海道日本ハムファイターズ","東京","O","9","13,000万円（推定）","非凡な打撃センスで鋭い打球を飛ばす内野手。昨季は3年ぶりに規定打席到達を果たし、リーグ2位の143安打を記録。シーズンを通して打線をけん引し続けた。今季はあらゆる項目でキャリアハイを更新し、悲願の日本一に貢献する。"
"勝又　温史","横浜DeNAベイスターズ","東京","不明","8","620万円（推定）","バッティングセンスが光る外野手。昨季は5月4日にプロ初ヒットを記録するも、その後は出場機会に恵まれず。同月末の登録抹消後は二軍暮らしが続き、再昇格は果たせなかった。今季は春先からアピールを続け、出番を増やしたい。"
"金渕　光希","横浜DeNAベイスターズ","青森","O","2","340万円（推定）","ストレートとスライダーが武器の育成サウスポー。高卒1年目の昨季は二軍で5試合に登板。計6イニングを自責点ゼロに抑え、7奪三振を記録した。今季もスキルアップに励み、支配下契約に向けてアピールを続ける。"
"小田　康一郎","横浜DeNAベイスターズ","東京","不明","1","","卓越した打撃技術を備えるドラフト1位ルーキー。青山学院大では1年春から主力として活躍。昨年の日米大学野球選手権では5試合で打率.348、1本塁打をマークした。持ち前の打棒でアピールを重ね、1年目から定位置争いに加わる。"
"木村　光","福岡ソフトバンクホークス","奈良","B","4","1,300万円（推定）","伸びのある直球とスプリットで空振りを奪う右腕。昨季は13試合に救援登板し、防御率1.02を記録。ポストシーズンでも好投を見せるなど、飛躍の足がかりを築いた。今季は春先から首脳陣へアピールし、一軍定着を狙う。"
"藤岡　裕大","千葉ロッテマリーンズ","岡山","O","9","11,000万円（推定）","高い出塁能力を誇る内野手。キャプテンに就任して迎えた昨季は、4年ぶりに100試合出場をクリア。9月には月間打率.360の好成績を残した。FA権を行使せずに残留して臨む今季も、チームの中心としてナインを引っ張る。"
"若月　健矢","オリックス・バファローズ","埼玉","O","13","18,000万円（推定）","パンチ力のある打撃と強肩が売りの捕手。昨季は3度のサヨナラ打を放つなど、印象的な活躍を披露。前年を上回る121試合に出場し、ゴールデングラブ賞とベストナインに輝いた。今季も攻守で存在感を示し、チームをリーグ優勝に導く。"
"前　佑囲斗","オリックス・バファローズ","三重","A","7","500万円（推定）","力のある直球が武器の育成右腕。昨季は4月末の二軍戦で右肘の違和感を訴えて途中降板。5月にトミー・ジョン手術を受け、以降はリハビリに専念した。今季は患部のコンディションを整え、早期の実戦復帰を目指す。"
"藤川　敦也","オリックス・バファローズ","福岡","O","1","","類まれな素質を備えるドラフト1位ルーキー。延岡学園高では1年秋から公式戦で登板。全国大会での実績こそないものの、伸びしろの大きさは高い評価を得た。将来のエースとなるべく、1年目からマウンドで実力を示したい。"
"根本　悠楓","北海道日本ハムファイターズ","北海道","O","6","1,300万円（推定）","スリークオーター気味のフォームが特徴の若手左腕。昨季は二軍で19試合に登板し、防御率2.29を記録。8月には左肘の手術を受け、オフに育成契約を結んだ。今季はコンディションを整え、支配下登録へアピールを重ねたい。"
"廣畑　敦也","千葉ロッテマリーンズ","岡山","A","5","1,300万円（推定）","球威のあるストレートと小さく動く変化球を操る右腕。昨季は二軍で36試合に登板して防御率1.60を記録するも、一軍では結果を残せず8登板にとどまった。5年目の今季はピッチングの質を高め、チームの戦力となりたい。"
"平山　功太","読売ジャイアンツ","広島","AB","3","390万円（推定）","走攻守のバランスが取れた育成選手。昨季はケガに苦しみながらも三軍で好成績をマーク。公式戦での出番は限られたものの、貴重な実戦経験を積んだ。今季は二軍で実績を残し、着実にステップアップを遂げたい。"
"近藤　健介","福岡ソフトバンクホークス","千葉","O","15","55,000万円（推定）","昨季は春先から腰の状態が振るわず、開幕直後に患部を手術。5月末の一軍復帰後も故障に悩まされ、最終的に75試合の出場にとどまった。今季は万全なコンディションをキープし、中心選手としてチームをけん引したい。"
"坂本　光士郎","千葉ロッテマリーンズ","広島","B","8","3,300万円（推定）","球威のあるストレートが持ち味のリリーフ左腕。昨季は防御率6点台と精彩を欠き、登板は8試合止まり。後半戦は一軍のマウンドに上がれず、悔しいシーズンとなった。今季は安定感を取り戻し、再びブルペン陣を支えたい。"
"川瀬　堅斗","オリックス・バファローズ","大分","A","6","1,600万円（推定）","ブレーキの利いたチェンジアップが武器の右腕。昨季は開幕一軍を勝ち取り、ロングリリーフをこなすなど23試合に登板。8月にはプロ初勝利を挙げ、着実なステップアップを見せた。今季は調子の波を安定させ、より重要な場面を担いたい。"
"齋藤　響介","オリックス・バファローズ","岩手","O","4","950万円（推定）","威力のある速球を投げ込む若手右腕。昨季は二軍で11先発を含む14試合に登板するも、防御率4.71と振るわず。一軍での登板は果たせないままシーズンを終えた。今季は持ち球の質を高め、チームの戦力となりたい。"
"古田島　成龍","オリックス・バファローズ","茨城","B","3","2,700万円（推定）","球威抜群のストレートを強気に投げ込む右腕。2年目の昨季は開幕一軍入りを果たすも、登板は前年を下回る20試合止まり。9月には右肘の手術を受け、そのままシーズンを終えた。今季は患部の状態を万全にし、より一層の飛躍を目指す。"
"山﨑　康晃","横浜DeNAベイスターズ","東京","O","12","30,000万円（推定）","大きく落ちる変化球が武器の右腕。昨季は開幕から安定感を欠き、5月下旬に二軍落ち。8月に再昇格するも、登板は自己最少の17試合にとどまった。今季は自身のピッチングを見つめ直し、首脳陣の信頼を取り戻す。"
"村林　一輝","東北楽天ゴールデンイーグルス","大阪","O","11","12,500万円（推定）","バットコントロールに優れる内野手。昨季は137試合に出場し、最多安打のタイトルを獲得。自身初のゴールデングラブ賞とベストナインに輝くなど、キャリアハイのシーズンとなった。今季も攻守に躍動し、チームを上位進出に導く。"
"松本　晴","福岡ソフトバンクホークス","大阪","A","4","3,600万円（推定）","キレのある直球が魅力の左腕。昨季はリリーフとして開幕から12試合連続無失点を記録。以降は先発としても15試合に登板するなど、チームに欠かせない働きを見せた。今季もステップアップを図り、ローテーションへの定着を目指す。"
"星野　ひので","北海道日本ハムファイターズ","群馬","不明","3","530万円（推定）","スピードとパワーに定評のある若手外野手。2年目の昨季は二軍で52試合に出場するも、打率.138と成長を示せず。オフに育成契約を結んだ。巻き返しを図る今季はより一層の鍛錬に励み、秘めたる能力を開花させたい。"
"筒香　嘉智","横浜DeNAベイスターズ","和歌山","A","13","30,000万円（推定）","昨季は打撃不振で2度の登録抹消を経験するも、8月の一軍復帰後は33試合で14本塁打を記録。クライマックスシリーズの初戦では2本のソロを含む4安打3打点の大活躍を見せた。今季は開幕からアーチを量産し、チームを勝利へと導く。"
"柴田　竜拓","横浜DeNAベイスターズ","岡山","O","11","4,000万円（推定）","高いディフェンス力が武器の内野手。昨季は守備固めや代走を中心に70試合に出場。スタメンの機会は限られたものの、バックアップとしてチームを支えた。今季も入念に準備を整え、指揮官のあらゆる起用に応える。"
"田村　龍弘","千葉ロッテマリーンズ","大阪","A","14","7,000万円（推定）","巧みなリードで投手を引っ張るキャッチャー。昨季は寺地の台頭もあり、出場は18試合止まり。ベンチからチームを支えるも、納得のいく数字は残せなかった。今季は攻守で若手に負けない存在感を示し、サブロー新監督の期待に応えたい。"
"清宮　虎多朗","北海道日本ハムファイターズ","千葉","A","8","700万円（推定）","長身から繰り出す剛速球が魅力の育成右腕。移籍1年目の昨季は二軍で20試合に登板。奪三振能力の高さは示したものの、防御率4.18と安定感を欠いた。今季は課題である制球難を克服し、支配下昇格に向けてアピールしたい。"
"坂井　遼","千葉ロッテマリーンズ","千葉","O","2","600万円（推定）","伸びのあるストレートを投げ込む右腕。高卒1年目の昨季は体づくりに励みつつ、二軍で2試合に登板。一軍ではシーズン最終戦のマウンドに上がり、1イニングを無失点に抑えた。今季も実戦経験を積み重ね、さらなる成長を遂げる。"
"佐藤　龍月","オリックス・バファローズ","神奈川","B","1","","キレのある変化球を投げ込む新人左腕。健大高崎高では2年春にチームをセンバツ優勝に導くも、夏にトミー・ジョン手術を経験。実戦復帰して迎えた3年夏には、再び甲子園のマウンドに立った。一軍デビューに備え、まずは体づくりに励む。"
"清水　麻成","横浜DeNAベイスターズ","群馬","O","3","340万円（推定）","出どころの見えにくいフォームが特徴の育成右腕。昨季は前年に受けた右肘手術のリハビリを終え、二軍で4試合に登板。オフにはアジア・ウインターリーグに参加して腕を磨いた。今季も着実に実戦経験を積み、支配下契約に近づきたい。"
"湯浅　大","読売ジャイアンツ","群馬","A","9","1,350万円（推定）","躍動感のある守備を見せる内野手。昨季は開幕を一軍で迎えるも、出場は8試合止まり。二軍でも打率が1割台に沈むなど、悔しいシーズンを送った。外野挑戦を視野に入れる今季は任された出番で全力を尽くし、チームに貢献したい。"
"山城　京平","読売ジャイアンツ","沖縄","A","1","","しなやかな腕の振りからキレのある直球を投げ込む新人左腕。亜細亜大では4年春のリーグ戦で最優秀防御率のタイトルを獲得。夏には侍ジャパン大学代表に選出された。1年目から本領を発揮し、先発ローテーション争いに割って入りたい。"
"Ｊ．ダウンズ","福岡ソフトバンクホークス","コロンビア","不明","3","","抜群の身体能力を攻守に発揮する助っ人内野手。昨季は50試合の出場で17本の長打を放つも、打率.226と満足のいく結果を残せなかった。来日3年目を迎えた今季は打撃の確実性を高め、レギュラー争いを勝ち抜きたい。"
"山下　舜平大","オリックス・バファローズ","福岡","B","6","3,000万円（推定）","150キロを超える直球が持ち味の本格派右腕。昨季は腰のコンディション不良で出遅れ、9月に一軍初登板。計21回2/3を投げて31個の三振を奪うなど、持ち味を示した。今季は状態を万全に整え、年間を通してチームを支える。"
"YG安田（安田　悠馬）","東北楽天ゴールデンイーグルス","兵庫","B","5","","豪快なスイングが魅力のキャッチャー。昨季は3月のオープン戦で右手を骨折。シーズンの大半をリハビリに費やし、プロ入り後初めて一軍出場がゼロに終わった。登録名を変えて臨む今季は万全なコンディションを保ち、定位置奪取を狙う。"
"森田　駿哉","読売ジャイアンツ","富山","B","3","1,500万円（推定）","強気の投球で打者に立ち向かう3年目左腕。昨季は8月6日にプロ初先発で初勝利を記録。計9試合に登板して3勝を挙げるなど、実りのあるシーズンを送った。今季はキャンプからアピールを続け、開幕ローテーション入りを狙う。"
"陳　睦衡","オリックス・バファローズ","台湾","不明","2","","ストレートとスプリットが武器の台湾出身右腕。来日1年目の昨季は二軍で2先発を含む5試合に登板。防御率1.17の好成績をマークするなど、能力の一端を示した。今季は制球力に磨きをかけ、支配下登録へ向けてアピールしたい。"
"吉野　創士","東北楽天ゴールデンイーグルス","千葉","O","5","790万円（推定）","シャープなスイングを見せる若手外野手。昨季は二軍で99試合に出場し、チームトップの長打数を記録。シーズン終盤には一軍でプロ初安打を放つなど、確かな成長を示した。今季は定位置争いに加わるべく、春先から実戦で結果を残したい。"
"Ａ．エスピノーザ","オリックス・バファローズ","ベネズエラ","不明","3","","鋭く曲がるナックルカーブが武器の助っ人右腕。来日2年目の昨季は開幕からローテーションを守り、23試合に先発。5勝8敗と負け越したものの、防御率2.98をマークした。今季も年間を通した活躍を見せ、より多くの白星を挙げたい。"
"Ｓ．ラオ","北海道日本ハムファイターズ","ドミニカ共和国","不明","1","","切れ味鋭いスライダーが武器の助っ人右腕。2015年に野手としてドジャースと契約を結び、その後に投手へ転向。昨季はメジャーデビューを果たし、8試合でリリーフ登板した。来日1年目からNPBの環境に適応し、投手陣を支えたい。"
"Ａ．ジャクソン","千葉ロッテマリーンズ","アメリカ","不明","3","","力強い直球と落差のあるチェンジアップが武器の助っ人右腕。DeNAでプレーした昨季は25試合に先発。2年連続で規定投球回をクリアし、前年を上回る10勝を挙げた。新天地でもローテーションの一翼を担い、チームを上位浮上に導く。"
"Ｒ．カストロ","北海道日本ハムファイターズ","ドミニカ共和国","不明","1","","パンチ力のある打撃が売りの助っ人ユーティリティー。2021年にメジャーデビューを果たし、通算194試合に出場。昨季はマイナーで19本塁打、18盗塁をマークした。新天地でも持ち味を発揮し、チームの勝利に貢献したい。"
"Ａ．マチャド","オリックス・バファローズ","ベネズエラ","不明","3","","剛速球と鋭く落ちるチェンジアップが武器の右腕。昨季は開幕から抑えを務め、58試合に登板。イニング数を上回る奪三振を記録し、リーグ3位となる28セーブをマークした。今季も自慢の球威で打者をねじ伏せ、チームに勝利を届ける。"
"島本　浩也","北海道日本ハムファイターズ","奈良","B","16","4,000万円（推定）","豊富な経験を誇るベテラン左腕。昨季は左上肢の張りにより、5月に戦線を離脱。復帰後も持ち前の粘り強さを発揮できず、登板は16試合にとどまった。日本ハムに移籍して迎える今季は、左のリリーフとして期待される役割を全うする。"
"則本　昂大","読売ジャイアンツ","滋賀","A","14","","力強いストレートで強気に攻める右腕。楽天に所属した昨季は自己最多の56試合に登板。シーズン終盤こそ調子を落としたものの、年間を通してブルペンを支えた。巨人にFA移籍して迎える今季も本領を発揮し、首脳陣の期待に応えたい。"
"田宮　裕涼","北海道日本ハムファイターズ","千葉","A","8","5,000万円（推定）","鋭い送球でチームを救うキャッチャー。昨季はバットで打率.253、守備では盗塁阻止率.351を記録。前年から出場数は減らすも、チームで最も多くスタメンマスクをかぶった。今季は攻守両面を磨き、正捕手の座を不動のものとしたい。"
"佐藤　一磨","オリックス・バファローズ","神奈川","AB","7","800万円（推定）","長身を生かした角度のあるボールが持ち味の左腕。昨季は二軍で主に先発として18試合に登板。防御率1.83で10勝を記録するも、一軍での登板は3試合にとどまった。今季は春先から実戦で結果を残し、より多くの出番を勝ち取りたい。"
"清水　詩太","横浜DeNAベイスターズ","福井","不明","1","","パンチ力のあるバッティングが魅力の育成内野手。高校2年夏の甲子園では全試合に先発出場し、チームの初優勝に貢献。昨夏は4番に座り、打線をけん引した。次代の主力となるべく、まずは二軍で実力を磨きたい。"
"浅村　栄斗","東北楽天ゴールデンイーグルス","大阪","O","18","50,000万円（推定）","昨季は5月に通算2000安打を達成するも、打率.239と成績が低迷。パ・リーグ記録の連続試合出場が1346で途切れるなど、思うような結果を残せなかった。今季は本来のバッティングを取り戻し、打線の中軸を担いたい。"
"有原　航平","北海道日本ハムファイターズ","広島","AB","10","","ソフトバンクに所属した昨季は、26試合に先発して14勝をマーク。2年連続で最多勝のタイトルに輝くなど、リーグ連覇に大きく貢献した。6年ぶりに古巣・日本ハムへ復帰して臨む今季も実力を発揮し、ファンに歓喜の瞬間を届ける。"
"東　克樹","横浜DeNAベイスターズ","三重","B","9","30,000万円（推定）","昨季は3年連続となる規定投球回をクリアし、防御率2.19と安定感を発揮。自身2度目の最多勝に輝くなど、エースとしての責務を全うした。今季も先発ローテーションの軸となり、チームを悲願のリーグ優勝に導く。"
"浅利　太門","北海道日本ハムファイターズ","大阪","B","2","1,000万円（推定）","力感のないフォームから投じる直球が武器の若手右腕。ルーキーイヤーの昨季は二軍で18試合に登板。シーズン序盤こそ好投を見せるも、先発に専念した7月以降は0勝6敗と苦戦した。今季は自身の投球を見つめ直し、一軍デビューを狙う。"
"東妻　純平","横浜DeNAベイスターズ","和歌山","AB","7","600万円（推定）","力強いスイングで打球を飛ばすユーティリティー。昨季は開幕一軍入りを果たすも、出場機会に恵まれず。一軍と二軍の行き来を繰り返す不本意なシーズンを送った。今季は限られたチャンスで結果を残し、より多くの出番をつかみたい。"
"赤星　優志","読売ジャイアンツ","東京","B","5","4,800万円（推定）","多彩な球種を投げ分ける右腕。昨季は22試合に先発し、防御率2.68をマーク。9月中旬に右肩痛で離脱するまでローテーションを支え、チーム2位の121イニングを投げた。今季は投球の安定感を高め、自身初の2ケタ勝利を目指す。"
"中川　圭太","オリックス・バファローズ","大阪","B","8","10,000万円（推定）","優れたバットコントロールを誇る巧打者。昨季は4戦連続でアーチを放つなど、自己最多タイの12本塁打をマーク。リーグ3位の打率.284を記録し、初のベストナインに輝いた。今季も自慢の打棒を見せつけ、チームの勝利に貢献したい。"
"清水　大暉","北海道日本ハムファイターズ","群馬","O","2","530万円（推定）","192センチの長身から角度のあるボールを投げ下ろす若手右腕。高卒1年目の昨季は二軍で7試合に登板。計8回2失点10奪三振を記録し、能力の一端を示した。今季は課題の制球力を高め、近い将来の一軍デビューに備えたい。"
"髙谷　舟","オリックス・バファローズ","北海道","A","1","","力強いストレートで空振りを奪う新人右腕。北海学園大では先発、中継ぎ、抑えとさまざまな役割で活躍。昨秋のリーグ戦では3勝を挙げ、優秀選手賞に輝いた。プロでも任された役割で結果を残し、即戦力としての期待に応えたい。"
"上沢　直之","福岡ソフトバンクホークス","千葉","A","14","25,000万円（推定）","落差のあるフォークが武器の右腕。ソフトバンクに加入した昨季は、自身4年ぶりとなる2ケタ勝利を達成。8月以降は防御率1.74の好投を見せ、リーグ制覇に貢献した。今季もローテーションの一翼を担い、初のタイトル獲得を狙う。"
"井上　温大","読売ジャイアンツ","群馬","B","7","3,800万円（推定）","力強いストレートが魅力のサウスポー。昨季は自身初となる開幕ローテーション入りを果たすも、4勝8敗と苦戦。リーグワーストタイの被本塁打を記録するなど、多くの課題を残した。今季は細かな制球力を磨き、勝ち星を積み重ねる。"
"稲川　竜汰","福岡ソフトバンクホークス","山口","A","1","","伸びのあるストレートが魅力のルーキー右腕。九州共立大では4年秋のリーグ戦で3勝0敗、防御率0.93をマーク。チームを優勝に導き、MVPに輝いた。プロでは春先から首脳陣へのアピールを重ね、開幕一軍入りを目指す。"
"岩井　俊介","福岡ソフトバンクホークス","愛知","O","3","1,500万円（推定）","大きく曲がるスライダーが武器のリリーフ右腕。昨季は二軍で防御率1.91の好成績を収めるも、一軍での登板は前年を下回る8試合にとどまった。3年目を迎える今季は春先から圧倒的な結果を残し、ブルペン陣に割って入る。"
"中村　奨吾","千葉ロッテマリーンズ","兵庫","A","12","20,000万円（推定）","昨季は4月22日に自身初のサヨナラ打を放つも、開幕から打撃の調子が上がらず。5月上旬の登録抹消後は二軍生活が続き、9月には腰の手術を受けてシーズンを終えた。今季はコンディションを万全にし、再びチームの戦力となりたい。"
"宮﨑　敏郎","横浜DeNAベイスターズ","佐賀","B","14","20,000万円（推定）","バットコントロールに優れる内野手。昨季は打撃不振もあり、5月に登録抹消を経験。後半戦は打率.307と復調するも、9月に故障で離脱してそのままシーズンを終えた。今季はコンディションに気を配り、年間を通して打線をけん引する。"
"西尾　歩真","福岡ソフトバンクホークス","三重","O","4","400万円（推定）","シュアなバッティングが魅力の育成内野手。3年目の昨季は二軍で35試合に出場し、打率.316をマーク。守備では3つのポジションに就き、1失策と攻守でアピールを重ねた。今季はさらなる成長を示し、念願の支配下登録をつかみ取る。"
"寺地　隆成","千葉ロッテマリーンズ","東京","O","3","2,200万円（推定）","昨季は4月に月間打率.344の活躍を見せ、以降はレギュラーに定着。高卒2年目にしてオールスター出場を果たし、規定打席にも到達するなど飛躍のシーズンを過ごした。今季は課題の守備を強化し、正捕手の座を確固たるものとしたい。"
"小野　郁","千葉ロッテマリーンズ","福岡","AB","12","4,200万円（推定）","剛速球とチェンジアップが武器の右腕。昨季はシーズンを通して一軍に同行し、47試合の登板で10ホールドを記録。7月2日の楽天戦では自己最速の159キロを計測した。今季もフル回転の働きで、ブルペン陣を引っ張る。"
"大友　宗","福岡ソフトバンクホークス","大阪","A","2","400万円（推定）","身体能力に優れるキャッチャー。昨季はファーム非公式戦で好成績をマーク。二軍では捕手としてチーム2位の36試合でマスクをかぶり、打率.233を残した。今季も得意の打撃でアピールを続け、支配下登録を勝ち取りたい。"
"蝦名　達夫","横浜DeNAベイスターズ","青森","B","7","4,700万円（推定）","昨季は後半戦から調子を上げ、最終的に打率.284、8本塁打をマーク。8月中旬からはリードオフマンに定着し、33試合連続出塁でシーズンを終えた。今季はレギュラーの地位を確立し、自身初の規定打席到達を目指す。"
"大橋　令和","福岡ソフトバンクホークス","静岡","不明","1","","俊足を生かした守備が光る育成内野手。オイスカ浜松国際高では、1年夏からショートのレギュラーとして活躍。将来性が高く評価され、同校から初となるプロ入りを果たした。まずは体づくりに励み、プロの世界で戦う土台を築きたい。"
"内　星龍","東北楽天ゴールデンイーグルス","大阪","O","6","4,400万円（推定）","鋭く沈むスプリットで凡打を誘う右腕。昨季は先発とリリーフの両方をこなしながら、チーム5位の投球回を記録。防御率2.92を残すなど、首脳陣の起用に応えた。今季は左打者への投球を改善し、先発ローテーション定着を目指す。"
"梶原　昂希","横浜DeNAベイスターズ","大分","A","5","2,600万円（推定）","積極的な打撃とスピードが持ち味の外野手。昨季はレギュラーとして期待されるも、打撃の調子が安定せず。一軍と二軍を行き来し、61試合の出場にとどまった。今季は自身の長所を最大限に発揮し、あらためて定位置奪取を目指す。"
"金村　尚真","北海道日本ハムファイターズ","沖縄","O","4","4,800万円（推定）","昨季は開幕戦でプロ初完封を飾るなど、5月までに4度の完投勝利を記録。8月からはリリーフに配置転換となり、17試合の救援登板で5ホールドをマークした。今季は好不調の波を小さくし、年間を通して先発ローテーションの一翼を担う。"
"前田　健太","東北楽天ゴールデンイーグルス","大阪","A","10","","NPBで幾多のタイトルに輝いた実績を誇る右腕。2016年からメジャーでプレーし、通算68勝をマーク。昨季は主戦場となったマイナーで20試合に先発した。11年ぶりとなる日本球界でも、熟練の投球術を披露したい。"
"藤井　皓哉","福岡ソフトバンクホークス","岡山","AB","11","12,000万円（推定）","落差の大きいフォークで三振を量産する右腕。昨季は前年を上回る51試合に登板し、防御率1.44を記録。19ホールドを挙げる活躍を見せ、チームのリーグ連覇に貢献した。今季も抜群の安定感を披露し、勝利の方程式の一翼を担う。"
"長島　幸佑","千葉ロッテマリーンズ","栃木","A","2","310万円（推定）","力強い直球とフォークが武器の育成右腕。ルーキーイヤーの昨季は、二軍で主に救援として10試合に登板。後半戦は防御率1.64をマークするなど、一定の手応えをつかんだ。今季は春先からアピールを見せ、支配下昇格を目指す。"
"半田　南十","北海道日本ハムファイターズ","神奈川","不明","1","","優れたバットコントロールを持つ内野手。高校3年夏の神奈川大会では打率.400をマーク。長打力に加え、足や守備でも持ち味を存分に発揮した。将来はショートの定位置をつかむべく、まずは実戦経験を積み重ねたい。"
"中山　礼都","読売ジャイアンツ","愛知","A","6","3,800万円（推定）","鋭いスイングで痛烈な打球を放つ主軸候補。昨季はシーズン途中から外野に挑戦し、自己最多の103試合に出場。打撃に力強さが増し、7本塁打をマークした。今季はさらにレベルアップした姿を見せ、不動のレギュラーを目指す。"
"宜保　翔","オリックス・バファローズ","沖縄","O","8","500万円（推定）","華麗なグラブさばきが持ち味の内野手。育成契約で迎えた昨季は二軍で40試合に出場し、打率.287をマーク。前年に悩まされた右肩痛からの復活を印象づけた。今季も攻守でアピールを続け、支配下登録への返り咲きを目指す。"
"北山　亘基","北海道日本ハムファイターズ","京都","A","5","9,500万円（推定）","キレのある快速球と鋭いフォークで打者を封じる右腕。昨季は自身初めて規定投球回をクリア。リーグ2位の防御率1.63をマークするなど、飛躍のシーズンとなった。今季も先発ローテーションを支え、チームの勝利に貢献する。"
"増田　大輝","読売ジャイアンツ","徳島","A","11","2,700万円（推定）","優れた脚力を誇るユーティリティー。昨季はチームの野手で唯一全試合にベンチ入り。守備では献身的な働きを見せるも、走塁や小技では持ち味を発揮しきれなかった。今季はスーパーサブとしてあらゆる役割をこなし、首脳陣の起用に応える。"
"堀　瑞輝","北海道日本ハムファイターズ","広島","A","10","2,800万円（推定）","サイド気味のフォームから投げ込むスライダーが武器の左腕。昨季は二軍で防御率1.65をマークするも、一軍ではわずか2試合の登板にとどまった。今季はより多くの出番を勝ち取り、ブルペンに欠かせない存在となりたい。"
"宮城　滝太","横浜DeNAベイスターズ","沖縄","A","8","1,280万円（推定）","フォークが持ち味の育成出身右腕。昨季はチーム2位タイの50試合に登板し、防御率2.09をマーク。キャリアハイの14ホールドを挙げるなど、飛躍の1年となった。今季も任された場面で腕を振り、大車輪の活躍を見せる。"
"吹田　志道","読売ジャイアンツ","青森","B","2","370万円（推定）","球持ちの良いフォームが特徴の育成右腕。ルーキーイヤーの昨季は三軍で実戦経験を積み重ね、プロとしての土台づくりに励んだ。今季は公式戦での登板機会を勝ち取るべく、あらゆる面でレベルアップを遂げたい。"
"幌村　黛汰","東北楽天ゴールデンイーグルス","北海道","B","1","","高いミート力と俊足が武器の育成外野手。日本海リーグの富山でプレーした昨季は36試合に出場。打率.347のハイアベレージを残し、失敗ゼロの22盗塁を記録した。支配下登録を手繰り寄せるべく、長所を存分にアピールしたい。"
"藤野　恵音","福岡ソフトバンクホークス","福岡","O","5","360万円（推定）","俊足巧打が売りの育成ユーティリティー。4年目の昨季はファーム非公式戦で好成績をマーク。二軍では自己最多の71試合に出場し、打率.249、4盗塁を記録した。今季は走攻守すべてに磨きをかけ、支配下登録を勝ち取りたい。"
"藤田　和樹","千葉ロッテマリーンズ","山口","A","3","280万円（推定）","広角に鋭い打球を飛ばす育成外野手。昨季は二軍で前年を上回る59試合に出場し、打率.222を記録。長打は二塁打が1本のみと持ち味を発揮しきれなかった。3年目を迎える今季は序盤から結果を残し、支配下昇格をつかみ取る。"
"坂本　勇人","読売ジャイアンツ","兵庫","AB","20","30,000万円（推定）","昨季は開幕から打撃の状態が上がらず、自己ワーストの打率.208と低迷。スタメンの機会は激減したものの、後半戦は代打の切り札として多くの殊勲打を放った。今季はバッティングで健在ぶりを示し、ファンに歓喜の瞬間を届けたい。"
"来田　涼斗","オリックス・バファローズ","兵庫","A","6","1,900万円（推定）","鋭いライナーを放つ外野手。昨季はシーズン序盤から二軍で猛アピールを見せ、5月に一軍合流。7月2日の西武戦で決勝弾をマークするも、トータルでは打率.234に終わった。今季は与えられたチャンスをものにし、定位置確保を狙う。"
"小森　航大郎","東北楽天ゴールデンイーグルス","福岡","A","5","850万円（推定）","俊足が売りの若手ユーティリティー。移籍1年目の昨季は外野の守備にも挑戦し、自己最多となる33試合に出場。失敗ゼロの5盗塁に加え、4月にはプロ初本塁打も放った。今季もスキルアップに励み、一軍定着を目指す。"
"佐々木　俊輔","読売ジャイアンツ","東京","A","3","2,300万円（推定）","攻守に高い能力を発揮する外野手。昨季は7月以降に出場した41試合で打率.280をマーク。クライマックスシリーズでは本塁打を放つなど、ブレークの兆しを見せた。今季は1番・センターの定位置をつかみ、さらなる飛躍を遂げる。"
"宗山　塁","東北楽天ゴールデンイーグルス","広島","B","2","4,000万円（推定）","走攻守3拍子そろった若手内野手。昨季は開幕スタメンを勝ち取り、最終的に122試合に出場。チームトップとなる19本の二塁打を放つなど攻守に躍動し、ベストナインにも輝いた。今季は前年の経験を生かし、さらなる飛躍を遂げる。"
"宮下　朝陽","横浜DeNAベイスターズ","北海道","不明","1","","広角に長打を放つ打撃と送球に自信を持つ新人内野手。大学時代は2年時に侍ジャパン大学代表を経験。昨秋のリーグ戦では逆方向に一発を放つなど、パンチ力を見せた。春先から持ち味をアピールし、1年目から一軍を主戦場としたい。"
"松川　虎生","千葉ロッテマリーンズ","大阪","A","5","1,400万円（推定）","ディフェンス面の評価が高い5年目キャッチャー。昨季は二軍で62試合に出場。9月に一軍昇格を果たすも、8打数ノーヒットと結果を残せなかった。今季はキャンプからバットで成長をアピールし、一軍での出番を増やしたい。"
"宮内　春輝","北海道日本ハムファイターズ","千葉","AB","4","770万円（推定）","サイドハンドから力強いボールを投げ込む右腕。昨季は7月に支配下登録を勝ち取るも、その後は調子が低迷。一軍昇格は果たせず、オフに再び育成契約を結んだ。不退転の決意で臨む今季は、年間を通して本領を発揮したい。"
"松石　信八","千葉ロッテマリーンズ","佐賀","O","3","280万円（推定）","広い守備範囲が特徴の育成内野手。2年目の昨季は、二軍でショートのレギュラー格として97試合に出場。失策数を前年の半分以下に減らすなど、確かな成長を示した。今季はバッティングでもアピールし、支配下昇格を目指す。"
"陽　柏翔","東北楽天ゴールデンイーグルス","台湾","AB","2","550万円（推定）","華麗なフィールディングが光る台湾出身の若手内野手。ルーキーイヤーの昨季は二軍で87試合に出場。10月に一軍デビューすると、プロ初打席でヒットを放った。今季も攻守両面でレベルアップを続け、出番を増やしたい。"
"Ｆ．ウィットリー","読売ジャイアンツ","アメリカ","不明","1","","150キロ台後半の速球を連発する長身右腕。昨季はマイナーで12先発を含む19試合に登板。計61イニングで75個の三振を奪い、防御率2.80をマークした。来日1年目からローテーションに定着し、多くの白星をつかみたい。"
"明瀬　諒介","北海道日本ハムファイターズ","大阪","AB","3","530万円（推定）","豪快なフルスイングを見せる若手内野手。高卒2年目の昨季は二軍で51試合に出場。多くの実戦経験を積むも、打率.186、2本塁打と納得のいく数字は残せなかった。今季は攻守両面でステップアップを図り、一軍デビューを目指す。"
"Ｒ．コントレラス","東北楽天ゴールデンイーグルス","ドミニカ共和国","不明","1","","威力のある速球を投げ込む助っ人右腕。メジャーでは先発、救援合わせて通算95試合に登板。昨季は主にマイナーでプレーし、7勝3敗、防御率3.73を記録した。来日1年目から首脳陣の起用に応え、チームの上位進出に貢献したい。"
"若林　楽人","読売ジャイアンツ","北海道","B","6","3,250万円（推定）","高い身体能力を生かしたプレーが光る外野手。昨季は開幕戦を含めた2試合でサヨナラ打を記録。左足の故障による離脱があったものの、自己最多の86試合に出場した。今季も印象に残る活躍を見せ、ポジション争いを勝ち抜きたい。"
"山田　龍聖","読売ジャイアンツ","富山","B","5","950万円（推定）","緩急を生かした投球が持ち味の左腕。育成選手として迎えた昨季は、5月まで派遣先のくふうハヤテでプレー。巨人復帰後の6月に支配下への返り咲きを果たし、一軍デビューも飾った。今季は前年の経験を生かし、さらなる成長を見せたい。"
"Ｃ．スチュワート・ジュニア","福岡ソフトバンクホークス","アメリカ","不明","8","","160キロに迫る剛速球が武器の助っ人右腕。昨季は春季キャンプ中に左脇腹を負傷。その後は長いリハビリ生活を過ごし、公式戦での登板はなかった。来日8年目を迎える今季は状態を万全に整え、先発ローテーションに加わりたい。"
"Ｂ．マタ","読売ジャイアンツ","ベネズエラ","不明","1","","160キロに迫る速球が魅力の助っ人右腕。マイナーでは2024年まで主に先発を務め、昨季は42試合に救援登板。67回1/3を投げて93奪三振を記録した。来日1年目から持ち味を発揮し、自慢のスピードボールで打者をねじ伏せる。"
"Ｊ．オスーナ","福岡ソフトバンクホークス","ドミニカ共和国","不明","4","","身体能力に優れるドミニカ共和国出身の育成外野手。来日3年目の昨季は主にファーム非公式戦でプレー。10月には秋季教育リーグにも参加し、バットでアピールを続けた。今季はポテンシャルを開花させ、主戦場を二軍に移したい。"
"Ｊ．ルイーズ","横浜DeNAベイスターズ","ベネズエラ","不明","1","","剛速球に切れ味鋭い変化球を織り交ぜるリリーバー。メジャーでは通算282試合に登板。昨季は不本意な成績に終わるも、マイナーでは防御率2.73を記録した。来日1年目からフル回転の働きを見せ、首脳陣の期待に応えたい。"
"田中　瑛斗","読売ジャイアンツ","大分","A","9","4,650万円（推定）","鋭く変化するシュートが代名詞の右腕。現役ドラフトで加入した昨季は、62試合に登板するなど大きく飛躍。ピンチでの火消し役なども任され、チームの窮地を何度も救った。今季も持ち前の強心臓ぶりを発揮し、相手打線を抑え込む。"
"富山　凌雅","オリックス・バファローズ","和歌山","AB","8","1,200万円（推定）","独特なテイクバックからキレのある変化球を投じるサウスポー。昨季は防御率9.00と精彩を欠き、一軍での登板がわずか5試合のみと悔しいシーズンを過ごした。巻き返しを図る今季は自身の投球を見つめ直し、再びブルペン陣を支えたい。"
"泰　勝利","東北楽天ゴールデンイーグルス","鹿児島","A","5","750万円（推定）","力強い直球とスライダーが武器の若手左腕。昨季は二軍でリーグトップの30セーブをマーク。一軍では6回1/3を投げて14奪三振を記録するなど、能力の一端を示した。今季は制球力に磨きをかけ、勝ちパターン入りを狙う。"
"髙島　泰都","オリックス・バファローズ","北海道","B","3","2,400万円（推定）","ボールを低めに集めて打者を打ち取る右腕。昨季は22試合に登板し、防御率3.67をマーク。先発やロングリリーフをこなすなど、献身的な働きを見せた。今季は持ち球の精度をさらに磨き、首脳陣のあらゆる起用に応える。"
"石原　彪","東北楽天ゴールデンイーグルス","京都","A","10","1,600万円（推定）","パンチ力のあるバッティングが売りの捕手。昨季はシーズンを通して打撃が振るわず、打率.094と低迷。前年を下回る31試合の出場にとどまるなど、不本意な1年となった。今季はミート力を向上させ、一軍定着を目指す。"
"石川　柊太","千葉ロッテマリーンズ","東京","O","13","16,000万円（推定）","鋭く曲がるパワーカーブが武器の右腕。ソフトバンクから加入して迎えた昨季は、19試合に先発するも防御率4.62と振るわず。わずか4勝にとどまる不本意なシーズンとなった。今季は年間を通して先発陣の一翼を担い、勝利に貢献する。"
"石塚　裕惺","読売ジャイアンツ","千葉","B","2","1,230万円（推定）","チームの将来を担うスター候補。昨季は二軍で55試合に出場し、打率.327、3本塁打をマーク。9月には一軍でプロ初安打を放つなど、1年目から能力の高さを見せつけた。今季はさらなる成長を遂げ、主力選手への階段を駆け上がる。"
"石垣　元気","千葉ロッテマリーンズ","北海道","B","1","","剛速球で打者を封じるドラフト1位右腕。高校2年春のセンバツでは、全5試合に登板して優勝に貢献。昨夏の甲子園では最速155キロをマークし、能力の高さを示した。プロでも気迫あふれる投球を披露し、1年目から一軍の舞台を目指す。"
"石川　達也","読売ジャイアンツ","神奈川","A","6","3,650万円（推定）","緩急を駆使して打者を惑わす左腕。昨季は開幕ローテーション入りを果たし、移籍後初登板でプロ初勝利を記録。救援に配置転換されてからも安定した投球を続け、首脳陣の起用に応えた。今季も自身の役割を全うし、チームの勝利に貢献する。"
"井﨑　燦志郎","福岡ソフトバンクホークス","福岡","B","5","360万円（推定）","伸びのある直球が魅力の育成右腕。4年目の昨季は初めて二軍のマウンドに上がり、計5試合に登板。6月に腰を負傷して以降は体づくりに励み、公式戦での登板はなかった。今季は春先から首脳陣へアピールし、支配下登録を手繰り寄せたい。"
"泉口　友汰","読売ジャイアンツ","和歌山","O","3","5,900万円（推定）","昨季はショートのレギュラーに定着し、リーグ2位の打率.301をマーク。ベストナインとゴールデングラブ賞に輝くなど、大ブレークを果たした。今季も攻守両面で安定したプレーを見せ、ファンの期待に応えたい。"
"冨重　英二郎","読売ジャイアンツ","神奈川","A","1","","力のある直球とスライダーに自信を持つ育成左腕。昨季はルートインBCリーグの神奈川でプレー。10試合に先発して防御率2.01を記録し、最優秀防御率に輝いた。NPBでも結果を残し、支配下契約を勝ち取りたい。"
"尾形　崇斗","福岡ソフトバンクホークス","宮城","O","9","2,700万円（推定）","150キロ台の剛速球で打者をねじ伏せる右腕。昨季はキャリアハイの38試合に救援登板。イニング数を上回る奪三振を記録するも、防御率4.67と安定感を欠いた。今季は変化球の精度を高め、チームの勝利に貢献したい。"
"宇野　真仁朗","福岡ソフトバンクホークス","千葉","A","2","500万円（推定）","優れた打撃センスを持つ若手内野手。昨季は二軍で10試合に出場し、打率.391をマーク。能力の高さを示すも、夏場以降に2度の手術を受けてそのままシーズンを終えた。今季は万全な状態を取り戻し、実戦経験を重ねたい。"
"大川　慈英","北海道日本ハムファイターズ","神奈川","A","1","","150キロを超える直球が武器のドラフト1位右腕。大学4年秋のリーグ戦では、明治大のクローザーとして活躍。計12イニングを1失点に抑え、チームの優勝に貢献した。1年目からフル回転の働きを見せ、即戦力としての期待に応える。"
"入江　大生","横浜DeNAベイスターズ","栃木","O","6","5,800万円（推定）","150キロ台中盤のストレートで打者を押し込む右腕。昨季は右肩の手術から復帰し、50試合に救援登板。後半戦は成績を落としたものの、最終的に22セーブを挙げた。今季も勝ちパターンの一員を担い、チームの勝利に貢献する。"
"勝又　琉偉","千葉ロッテマリーンズ","静岡","A","4","290万円（推定）","思い切りの良いスイングが魅力の育成内野手。3年目の昨季は二軍で32試合に出場。8月以降は打率.341をマークするなど、バットで成長を示した。今季はより一層の鍛錬に励み、念願の支配下登録をつかみたい。"
"山田　修義","オリックス・バファローズ","福井","B","17","5,500万円（推定）","速球とカットボールを軸に投球を組み立てるベテランリリーバー。昨季は28試合に登板し、10ホールドをマーク。貴重な左のリリーフとしてブルペン陣を支えた。今季もあらゆる役割をこなし、チームの勝利に貢献したい。"
"牧原　大成","福岡ソフトバンクホークス","福岡","A","16","15,000万円（推定）","昨季はリーグトップの打率.304を残し、育成出身選手として初めて首位打者のタイトルを獲得。ベストナインとゴールデングラブ賞にも輝くなど、チームの5年ぶり日本一に大きく貢献した。今季も攻守で躍動し、ナインをけん引する。"
"寺西　成騎","オリックス・バファローズ","石川","B","2","1,400万円（推定）","速球と鋭く落ちる変化球で打者を封じる若手右腕。ルーキーイヤーの昨季は6月13日にプロ初勝利を挙げるなど、11試合に登板。防御率は5点台に終わったものの、多くの経験を積んだ。今季は投球の質を高め、一軍の戦力となりたい。"
"西垣　雅矢","東北楽天ゴールデンイーグルス","兵庫","B","5","3,700万円（推定）","剛速球とフォークのコンビネーションで三振を奪うリリーバー。昨季はリーグ2位の63試合に登板。防御率1.96を記録するなど、大きな飛躍を遂げたシーズンだった。今季も勝利の方程式の一翼を担い、チームのリードを守り抜く。"
"長水　啓眞","福岡ソフトバンクホークス","京都","A","3","360万円（推定）","緩急を駆使したピッチングが魅力の育成左腕。高卒2年目の昨季は肉体強化に努め、球速アップに成功。ファーム非公式戦で実戦経験も重ねた。今季もレベルアップを図り、まずは二軍戦のマウンドに上がりたい。"
"片山　皓心","横浜DeNAベイスターズ","茨城","不明","1","","直球とチェンジアップのコンビネーションが光る新人左腕。2度の左肘手術を乗り越え、2024年の春に公式戦へ復帰。昨年の日本選手権予選では完封勝利を挙げた。即戦力としての期待に応え、1年目から一軍の舞台で躍動したい。"
"松本　裕樹","福岡ソフトバンクホークス","神奈川","A","12","18,000万円（推定）","剛速球とキレのある変化球で空振りを量産する右腕。昨季は51試合に登板し、防御率1.07をマーク。44ホールドポイントを挙げ、自身初タイトルとなる最優秀中継ぎ投手に輝いた。今季も相手打者をねじ伏せ、勝利のバトンをつなぐ。"
"藤平　尚真","東北楽天ゴールデンイーグルス","千葉","O","10","8,000万円（推定）","伸びのある直球とフォークで打者を封じる右腕。昨季は勝ちパターンの一翼を担い、21ホールド、12セーブを記録。シーズン最終戦では球団新記録となる29試合連続無失点を達成した。今季も大車輪の働きを見せ、チームに勝利を届ける。"
"本田　仁海","オリックス・バファローズ","神奈川","A","9","2,000万円（推定）","力強い速球で相手打者に立ち向かう右腕。昨季は二軍で13試合に登板するも、防御率6点台と振るわず。9月には右肘のクリーニング手術を受け、オフに育成契約を結んだ。今季はコンディションを万全にし、支配下登録へ返り咲きたい。"
"東山　玲士","オリックス・バファローズ","香川","B","2","700万円（推定）","伸びのあるストレートを投じる右腕。ルーキーイヤーの昨季は右肘の不調により、オープン戦途中に離脱。5月に同箇所のトミー・ジョン手術を受け、以降はリハビリに努めた。育成選手として迎える今季は状態を整え、実戦復帰を目指す。"
"松岡　洸希","北海道日本ハムファイターズ","埼玉","A","7","660万円（推定）","サイド気味のフォームから快速球を投じる右腕。昨季は3月に支配下登録を勝ち取るも、開幕後は結果を残せず。4月上旬の登録抹消以降は二軍暮らしが続いた。再び育成契約で迎える今季は制球力を磨き、一軍のマウンドを目指す。"
"藤森　海斗","北海道日本ハムファイターズ","北海道","不明","1","","非凡な野球センスを見せる高卒ルーキー。甲子園には2度出場し、計13打数6安打をマーク。捕手以外に外野などをこなす万能性を持ち、強肩や俊足も光る。ルーキーイヤーの今季は体づくりに励み、今後の成長につなげる。"
"深沢　鳳介","横浜DeNAベイスターズ","東京","A","5","","ゴロを打たせる投球が持ち味のサイドハンド。昨季はトミー・ジョン手術のリハビリを終え、6月に二軍で実戦復帰。その後も順調な回復ぶりを示し、オフに再び支配下契約を結んだ。今季はさらに状態を上げ、一軍投手陣に割って入りたい。"
"廣瀨　隆太","福岡ソフトバンクホークス","東京","A","3","1,500万円（推定）","パワフルな打撃が持ち味の内野手。昨季は二軍でチーム2位の97試合に出場。前年を上回る打率を記録するも、1本塁打のみと長打力をアピールできなかった。今季はバッティングを鍛え直し、主戦場を一軍へ移したい。"
"酒居　知史","東北楽天ゴールデンイーグルス","大阪","A","10","8,000万円（推定）","直球とフォークのコンビネーションが光るリリーフ右腕。昨季は3月にトミー・ジョン手術を受け、その後はリハビリに専念してシーズンを終えた。今季は患部の状態を万全に整え、一軍のマウンドに上がりたい。"
"杉浦　稔大","北海道日本ハムファイターズ","北海道","A","13","6,000万円（推定）","伸びのある直球を投げ込む右腕。昨季は開幕を一軍で迎えるも、防御率4.96と結果を残せず。シーズンの大半を二軍で過ごす不本意な1年となった。今季は本来の球威を取り戻し、チームの戦力となりたい。"
"漁府　輝羽","福岡ソフトバンクホークス","岡山","A","2","400万円（推定）","フルスイングが魅力の育成外野手。ルーキーイヤーの昨季は主にファーム非公式戦でプレー。9月には二軍で3試合に出場するなど、多くの実戦経験を積んだ。今季はミート力の向上に取り組み、支配下登録に近づきたい。"
"小濱　佑斗","読売ジャイアンツ","沖縄","A","1","","走攻守で高い身体能力を発揮する内野手。沖縄電力に所属した昨年は主将を務め、ナインをけん引。都市対抗予選では、3試合で5本の長打を含む6安打をマークした。実戦でアピールを重ね、1年目から一軍で出番をつかみたい。"
"河村　説人","千葉ロッテマリーンズ","北海道","O","6","1,200万円（推定）","長身から角度のあるボールを投げ込む右腕。昨季は二軍でアピールを重ね、3年ぶりに一軍のマウンドへ復帰。9月には2勝を挙げるなど、期待を抱かせるピッチングを見せた。今季は開幕から結果を残し、先発ローテーションに加わりたい。"
"畔柳　亨丞","北海道日本ハムファイターズ","愛知","B","5","770万円（推定）","キレのあるボールを投じる若手右腕。昨季は9月に一軍へ昇格し、5試合に救援登板。クライマックスシリーズでも1イニングを三者凡退に抑えるなど、飛躍の足がかりを築いた。今季は春先からアピールを重ね、さらなる出番をつかみたい。"
"権田　琉成","オリックス・バファローズ","長野","O","3","700万円（推定）","力強い速球に鋭い変化球を織り交ぜる右腕。昨季は一軍デビューを果たし、9試合に救援登板。10月1日にプロ初勝利を挙げるも、防御率5点台とアピール不足に終わった。今季はボールの質を高め、キャンプから結果を残したい。"
"森　遼大朗","千葉ロッテマリーンズ","宮崎","A","9","550万円（推定）","キレのある変化球が武器の育成右腕。昨季は前年に受けたトミー・ジョン手術から7月に実戦復帰。その後は二軍で登板を重ね、防御率3.38を記録した。今季はキャンプから首脳陣にアピールし、支配下登録への返り咲きを狙う。"
"細川　凌平","北海道日本ハムファイターズ","京都","A","6","1,150万円（推定）","内外野をこなす器用さと俊足が売りのユーティリティー。昨季は二軍で打率.271、17盗塁を記録するも、一軍では16試合の出場にとどまった。今季はキャンプから猛アピールを見せ、出番を勝ち取りたい。"
"前田　銀治","東北楽天ゴールデンイーグルス","静岡","AB","5","525万円（推定）","パワフルなスイングが魅力の若手外野手。昨季は2月に左アキレスけんの手術を受け、8月に実戦復帰。二軍で11試合に出場し、オフには育成契約を結んだ。今季は万全のコンディションで臨み、持ち味の長打力をアピールしたい。"
"細野　晴希","北海道日本ハムファイターズ","東京","B","3","1,700万円（推定）","威力のある直球を投じる若手左腕。昨季は6試合に先発し、5度のクオリティースタートを記録。プロ初勝利を含む3勝を挙げるも、後半戦はチームの力になれなかった。今季は万全なコンディションを維持し、より多くの白星をつかみたい。"
"清水　優心","北海道日本ハムファイターズ","山口","A","12","2,000万円（推定）","鋭い打球を放つキャッチャー。昨季は二軍で57試合に出場するも、打率.238と振るわず。プロ入り後初めて一軍出場なしに終わった。今季は不退転の決意で技術の向上に取り組み、チームの戦力となりたい。"
"杉本　裕太郎","オリックス・バファローズ","徳島","B","11","7,700万円（推定）","類まれなパワーで特大の放物線を描く外野手。昨季は開幕から4番を務め、チーム最多となる16本塁打をマーク。4年ぶりに規定打席到達を果たすなど、年間を通して打線をけん引した。今季も自慢の打棒を披露し、チームに勝利を呼び込む。"
"博志（鈴木　博志）","オリックス・バファローズ","静岡","A","9","","打者の手元で微妙に動くボールを操る右腕。昨季は開幕一軍に名を連ねるも、15試合の登板で防御率6.57と振るわず。6月中旬の登録抹消後は再昇格を果たせなかった。今季は自身のピッチングを見つめ直し、再び一軍の戦力となりたい。"
"坂口　翔颯","横浜DeNAベイスターズ","兵庫","AB","2","700万円（推定）","高いポテンシャルを秘める若手右腕。昨季は前年12月に受けたトミー・ジョン手術のリハビリに励み、実戦登板はゼロに終わった。今季は万全のコンディションを取り戻し、公式戦のマウンドでアピールしたい。"
"小深田　大翔","東北楽天ゴールデンイーグルス","兵庫","O","7","8,500万円（推定）","俊足堅守の内野手。昨季はリーグ2位の28盗塁を記録するも、打撃面が低迷。安打数がプロ入り後最少にとどまるなど、不本意なシーズンとなった。今季はバッティングを鍛え直し、レギュラーの座を取り戻す。"
"繁永　晟","東北楽天ゴールデンイーグルス","福岡","O","1","","積極性のある打撃が持ち味のルーキー内野手。中央大では3年春のリーグ戦で首位打者を獲得。同年から2年連続で侍ジャパン大学代表に選出された。1年目からバッティングで存在感を示し、し烈な定位置争いに加わりたい。"
"杉澤　龍","オリックス・バファローズ","秋田","O","4","900万円（推定）","バッティングに定評のある外野手。昨季は二軍でいずれもチーム最多の6本塁打、43打点をマーク。打率.280と好調を維持するも、一軍での出場は14試合にとどまった。今季は春先からアピールを重ね、より多くの出番を勝ち取りたい。"
"Ｇ．ポランコ","千葉ロッテマリーンズ","ドミニカ共和国","不明","5","","昨季は6月に二軍で調子を上げて一軍再合流を果たすも、直後の試合中に右肩を負傷。翌月に同箇所の手術を受け、以降はリハビリに専念した。今季は万全のコンディションで臨み、自慢のパワーでアーチを量産したい。"
"山縣　秀","北海道日本ハムファイターズ","東京","B","2","1,600万円（推定）","高いディフェンス力を誇る若手内野手。ルーキーイヤーの昨季は84試合に出場。9月には2打席連続本塁打を放つなど、月間打率.313とバットでの活躍も目立った。今季は打撃の確実性を高め、レギュラー獲得を狙う。"
"大聖（田中　大聖）","千葉ロッテマリーンズ","大阪","A","1","","球威抜群の直球を投じる右腕。大学時代は投打両面で活躍し、2024年からHonda鈴鹿に所属。昨年は投手に専念し、日本選手権では161キロをマークした。プロでも力強い投球を見せ、一軍リリーフ陣に食い込みたい。"
"水野　達稀","北海道日本ハムファイターズ","香川","B","5","5,000万円（推定）","勝負強いバッティングが光る内野手。昨季は100試合に出場し、打率.247、7本塁打を記録。左太もものケガによる戦線離脱はあったものの、前年より打撃成績を良化させた。今季は安定した活躍を見せ、不動のレギュラーを目指す。"
"森下　瑠大","横浜DeNAベイスターズ","京都","A","4","550万円（推定）","キレのあるボールを投げ込む若手左腕。昨季は左肘手術のリハビリから復帰するも、二軍での登板は4試合止まり。投球回に迫る与四死球を記録するなど、制球面に課題を残した。育成契約で迎える今季は、万全の状態でアピールを続けたい。"
"宮國　凌空","オリックス・バファローズ","沖縄","O","3","300万円（推定）","キレのあるスライダーが持ち味の育成右腕。高卒2年目の昨季は二軍で9先発を含む18試合に登板。防御率2.33をマークし、チーム2位の6勝を挙げるなど確かな成長を示した。今季もアピールを続け、支配下契約をつかみたい。"
"若松　尚輝","横浜DeNAベイスターズ","北海道","A","2","800万円（推定）","力のある直球に切れ味鋭い変化球を織り交ぜる右腕。1年目の昨季は二軍でまずまずの成績を残すも、一軍では7試合の登板で防御率7.88と苦戦した。今季は持ち球をレベルアップさせ、存在感をアピールしたい。"
"柳川　大晟","北海道日本ハムファイターズ","大分","O","5","3,400万円（推定）","球威のある直球で三振を量産する長身右腕。昨季は37試合に救援登板し、防御率1.02をマーク。一時はクローザーを務めるも、シーズン終盤は腰の不調により登板できなかった。今季はコンディションを整え、年間を通した活躍を誓う。"
"Ｂ．ダルベック","読売ジャイアンツ","アメリカ","不明","1","","長打力が魅力の助っ人内野手。2019年のプレミア12ではアメリカ代表としてプレー。翌年にメジャーデビューを果たし、昨季までに通算47本塁打を記録した。新天地でも自慢のパワーを見せつけ、チームの勝利に貢献する。"
"渡部　遼人","オリックス・バファローズ","東京","O","5","1,700万円（推定）","軽快なフットワークが売りの外野手。昨季は主に守備固めや代走として51試合に出場。好守備を見せるなど持ち味を発揮するも、打席に立つ機会は限られた。今季は春先からバットで猛アピールし、スタメン出場を増やしたい。"
"Ｌ．モイネロ","福岡ソフトバンクホークス","キューバ","不明","10","","昨季は2年連続となる最優秀防御率のタイトルを獲得し、初のシーズンMVPとベストナインを受賞。ポストシーズンでも計20回2失点の好投を見せ、チームを日本一へと導いた。今季も圧倒的な投球を披露し、相手に得点を許さない。"
"佐藤　都志也","千葉ロッテマリーンズ","福島","B","7","7,200万円（推定）","昨季はキャンプ中に右足を骨折した影響もあり、開幕から調子が上がらず。6月には左足のケガで離脱するなど、最終的には68試合の出場で打率.207に終わった。今季は万全の状態でシーズンを戦い、扇の要としてチームをけん引したい。"
"東　晃平","オリックス・バファローズ","兵庫","O","9","1,900万円（推定）","しなやかなフォームから投じる変化球が売りの右腕。昨季は前年に受けた右肘手術から復帰を果たすも、7月に同箇所の不調で離脱。一軍登板はわずか6試合にとどまった。オフに再び手術を受けて臨む今季は、万全な状態でチームに貢献する。"
"荒巻　悠","読売ジャイアンツ","福岡","O","2","1,200万円（推定）","長打力と選球眼の良さが自慢の内野手。ルーキーイヤーの昨季は31試合の出場で打率.296をマーク。7月9日にはプロ初本塁打を放つなど、確かな手応えをつかんだ。今季はさらに打力を磨き、レギュラー陣を脅かしたい。"
"秋広　優人","福岡ソフトバンクホークス","千葉","A","6","2,450万円（推定）","恵まれた体格を誇るスラッガー。昨季は5月にトレードで巨人から加入するも、打率.208と打撃の調子が上がらず。7月の登録抹消後は一軍再昇格を果たせなかった。今季は本来のバッティングを取り戻し、多くの出番を勝ち取りたい。"
"秋山　正雲","千葉ロッテマリーンズ","千葉","B","5","500万円（推定）","曲がりの大きなスライダーが武器の育成左腕。昨季は二軍で先発、救援合わせて17試合に登板。計43イニングを投げ、防御率2.51とまずまずの成績を残した。今季はさらなるアピールを重ね、支配下契約を勝ち取りたい。"
"芦田　丈飛","オリックス・バファローズ","千葉","A","3","250万円（推定）","テンポの良い投球で打者を打ち取る育成右腕。2年目の昨季は二軍でチーム2位の投球回を記録。先発時には防御率2.89をマークするなど、一定の成績を残した。今季は投球術に磨きをかけ、念願の支配下登録を勝ち取りたい。"
"茶谷　健太","千葉ロッテマリーンズ","神奈川","O","11","1,800万円（推定）","巧みなバットさばきが持ち味の内野手。昨季は打率.222と期待された打撃でアピールできず。代走や守備固めでの起用が中心となり、出場は前年を大きく下回る43試合に終わった。今季は春先から結果を残し、より多くの出番を勝ち取る。"
"種市　篤暉","千葉ロッテマリーンズ","青森","AB","10","13,000万円（推定）","昨季は2年連続で規定投球回に到達し、リーグ5位の161奪三振を記録。9、10月度の月間MVPに輝くなど、後半戦は圧倒的なピッチングでローテーションをけん引した。今季も伸びのあるストレートを武器に、白星を積み重ねる。"
"清水　武蔵","オリックス・バファローズ","鹿児島","B","2","250万円（推定）","打撃センスに定評のある育成内野手。ルーキーイヤーの昨季は二軍で主にセカンドを守り、28試合に出場。後半戦は打率.323の成績を残すなど持ち味を示した。今季は打撃でさらなるアピールを重ね、支配下契約を勝ち取りたい。"
"竹丸　和幸","読売ジャイアンツ","広島","A","1","","高い制球力を誇るドラフト1位左腕。鷺宮製作所では2024年秋の先発転向を機に急成長。主力投手として安定したピッチングを続け、チームを引っ張った。1年目からローテーションに加わり、阿部監督の期待に応えたい。"
"鈴木　昭汰","千葉ロッテマリーンズ","茨城","A","6","5,100万円（推定）","力強い直球で打者を抑える左腕。昨季は前半戦で14ホールド、5セーブを記録するも、7月にコンディション不良の影響で離脱。その後は再調整に時間を要し、公式戦での登板はなかった。今季は安定した投球を続け、救援陣の柱となりたい。"
"友杉　篤輝","千葉ロッテマリーンズ","大阪","A","4","3,800万円（推定）","軽快なフィールディングが持ち味の遊撃手。昨季は116試合に出場し、前年を上回る打率.230を記録。8月にはプロ初本塁打を放つなど、長打の本数を増やした。今季も打撃面を向上させ、自身初の規定打席到達を目指す。"
"武内　涼太","千葉ロッテマリーンズ","大分","O","3","280万円（推定）","力強い速球を武器とする育成右腕。2年目の昨季は7月にトミー・ジョン手術を受けた影響もあり、二軍での登板は1試合のみに終わった。今季は地道なリハビリに取り組み、実戦復帰に向けて前進したい。"
"大江　竜聖","福岡ソフトバンクホークス","神奈川","A","10","2,500万円（推定）","インステップする変則フォームが特徴のサウスポー。昨季は5月に巨人からトレードで加入すると、以降は16試合の登板で防御率1.53とブルペンを支えた。今季はキャンプからアピールを見せ、より多くの出番を勝ち取りたい。"
"太田　光","東北楽天ゴールデンイーグルス","岡山","O","8","5,800万円（推定）","素早いスローイングを見せるキャッチャー。昨季は自己最多の111試合に出場。リーグトップの盗塁阻止率を記録するも、打率.176と打撃面に課題を残した。新たに伊藤光が加入する今季は、打力を強化して正捕手争いを制したい。"
"内野　海斗","福岡ソフトバンクホークス","福岡","AB","4","360万円（推定）","縦の変化で勝負する育成右腕。昨季は春季キャンプを右肩の炎症で離脱し、6月に実戦復帰。9月には二軍戦のマウンドを経験し、オフは秋季教育リーグにも参加した。今季はコンディションに気を配りつつ、支配下登録へアピールを続ける。"
"上田　希由翔","千葉ロッテマリーンズ","愛知","O","3","2,000万円（推定）","思い切りの良いスイングを見せる内野手。2年目の昨季は開幕一軍に名を連ね、前年を上回る66試合に出場。後半戦はプロ初アーチを含む3本塁打を放つなど、能力の一端を示した。今季は打撃の確実性を高め、定位置争いに割って入りたい。"
"西川　龍馬","オリックス・バファローズ","大阪","O","11","40,000万円（推定）","昨季は開幕から好調をキープし、5月に通算1000試合出場と1000安打を達成。ケガが重なった影響で規定打席には届かなかったが、トータルでは打率.310をマークした。今季は万全な状態で臨み、チームを3年ぶりの優勝へと導く。"
"西巻　賢二","横浜DeNAベイスターズ","福島","A","9","570万円（推定）","軽快なフィールディングと俊足が武器のユーティリティー。育成契約で迎えた昨季は二軍で80試合に出場。一定の成績を残したものの、支配下復帰は果たせなかった。今季はキャンプから猛アピールを見せ、2ケタの背番号を取り戻したい。"
"嶺井　博希","福岡ソフトバンクホークス","沖縄","B","13","7,500万円（推定）","意外性のある打撃が持ち味のベテラン捕手。移籍3年目の昨季は4月上旬から一軍に定着。大関の先発時は19試合でスタメンマスクをかぶり、左腕のタイトル獲得をアシストした。今季も豊富な経験を生かし、チームの勝利に貢献する。"
"立松　由宇","千葉ロッテマリーンズ","千葉","B","2","1,000万円（推定）","思い切りの良いスイングを見せる好打者。1年目の昨季は5月に一軍昇格を果たすも、4試合の出場でヒットを記録できず。7月には股関節の手術を受け、その後はリハビリに専念した。今季はコンディションを整え、グラウンドで躍動したい。"
"中山　優人","千葉ロッテマリーンズ","茨城","A","1","","力感のないフォームからキレのあるボールを投げ込む育成右腕。高校3年夏の茨城大会4回戦では、毎回の14奪三振で完全試合を達成した。プロの世界でポテンシャルを開花させるべく、まずは体力強化に取り組む。"
"永島田　輝斗","千葉ロッテマリーンズ","神奈川","A","5","300万円（推定）","威力のあるストレートが持ち味の育成右腕。昨季は5月にトミー・ジョン手術を受け、以降はリハビリに専念してシーズンを終えた。今季は万全のコンディションを取り戻し、早期の実戦復帰を目指す。"
"東松　快征","オリックス・バファローズ","愛知","O","3","650万円（推定）","威力のあるストレートを豪快に投げ込む若手左腕。高卒2年目の昨季は7月に一軍デビューを果たし、2度の先発を含む7試合に登板。苦戦が続いたものの、貴重な経験を積んだ。今季はより多くの出番をつかむべく、確かな成長を示したい。"
"神里　和毅","横浜DeNAベイスターズ","沖縄","A","9","3,500万円（推定）","俊足を生かした広い守備範囲が魅力の外野手。昨季はシーズンのほとんどを一軍で過ごし、バックアップとしてチームに貢献。課題の打撃でも26打数8安打と結果を残した。今季も自身の役割を確実にこなし、首脳陣の起用に応える。"
"岡田　皓一朗","福岡ソフトバンクホークス","大阪","O","2","400万円（推定）","恵まれた体格から力強いストレートを投じる育成右腕。入団1年目の昨季は、ファーム非公式戦で好成績をマーク。二軍では6試合に登板するなど、貴重な経験を積んだ。今季は決め球の精度を磨き、支配下契約をつかみたい。"
"遠藤　成","オリックス・バファローズ","秋田","A","7","500万円（推定）","バットコントロールに優れた内野手。新天地で育成選手として迎えた昨季は、76試合の出場で出塁率.410をマーク。守備では内外野すべてのポジションをこなす器用さをアピールした。今季も走攻守に躍動し、支配下復帰を勝ち取りたい。"
"大矢　琉晟","福岡ソフトバンクホークス","愛知","A","1","","剛速球を投げ込む育成新人右腕。中京大では2年時に右肘の手術を受け、長期のリハビリを経験。昨年の全日本大学野球選手権で7回無失点の快投を見せ、チームを勝利に導いた。プロでも地道な努力を積み重ね、支配下登録を目指す。"
"浜地　真澄","横浜DeNAベイスターズ","福岡","O","10","2,800万円（推定）","キレのある直球を投じる右腕。昨季は4月にわずか3登板で登録を抹消され、以降は二軍で調整。7月には右肘の手術を受け、残りのシーズンをリハビリに費やした。育成選手として迎える今季は、早期の実戦復帰を目指す。"
"益田　直也","千葉ロッテマリーンズ","和歌山","B","15","12,000万円（推定）","昨季は防御率4.35、5セーブと期待された結果を残せず。プロ入り後最少の22登板にとどまり、通算250セーブの大記録まで残り2つで足踏みとなった。15年目を迎える今季は本来の力強さを取り戻し、マウンドで存在感を示したい。"
"花田　侑樹","読売ジャイアンツ","広島","AB","5","420万円（推定）","伸びのあるストレートが魅力の育成右腕。高卒4年目の昨季は8月に二軍デビューを果たし、2試合に先発。計9回1/3を投げて3失点に抑えるなど、能力の一端を示した。今季は決め球の精度を磨き、支配下登録を手繰り寄せたい。"
"濱　将乃介","横浜DeNAベイスターズ","大阪","O","4","650万円（推定）","身体能力の高さを生かしたプレーが持ち味の外野手。中日に所属した昨季は、二軍でチーム2位となる93試合に出場。5月には一軍でプロ初安打を記録した。今季はさらなるレベルアップを図り、新天地で出番を増やしたい。"
"濵田　泰希","北海道日本ハムファイターズ","兵庫","O","3","260万円（推定）","優れた野球センスを見せる育成内野手。昨季は二軍で51試合に出場するも、打率.179、13失策と攻守に多くの課題を残した。3年目の今季はあらゆるプレーの質を高め、支配下登録へ向けて結果でアピールしたい。"
"九里　亜蓮","オリックス・バファローズ","鳥取","A","13","16,000万円（推定）","移籍1年目の昨季は、6月10日に通算1000奪三振を達成。チームトップの164回1/3を投げ、自身4年ぶりの2ケタ勝利となる11勝を挙げた。今季も先発ローテーションの柱として躍動し、チームをリーグ優勝に導きたい。"
"河野　伸一朗","福岡ソフトバンクホークス","宮崎","A","2","360万円（推定）","高い潜在能力を備える190センチの長身左腕。高卒1年目の昨季は、4月に左肘のトミー・ジョン手術を決断。以降はリハビリに取り組み、実戦での登板はなかった。今季はコンディションの回復に努め、マウンドへの復帰を目指す。"
"九谷　瑠","東北楽天ゴールデンイーグルス","滋賀","O","1","","キレのあるストレートを投じる新人右腕。王子でプレーした昨年は都市対抗で3勝を挙げ、大会MVPを獲得。チームの21年ぶりとなる全国制覇に大きく貢献した。プロ1年目から持ち前の制球力を発揮し、一軍投手陣に割って入りたい。"
"木村　大成","福岡ソフトバンクホークス","北海道","A","5","590万円（推定）","キレのあるボールを投じる若手左腕。高卒4年目の昨季は二軍で36試合に登板し、防御率2.15を記録。7月末にはプロ入り後初めて一軍登録されるも、登板機会はなかった。今季は持ち球にさらなる磨きをかけ、一軍のマウンドに上がる。"
"木村　優人","千葉ロッテマリーンズ","茨城","B","3","2,000万円（推定）","伸びのある直球が持ち味の3年目右腕。昨季はリリーフで開幕一軍入りを果たし、デビュー登板で白星を記録。6月中旬に先発へ転向すると、9月24日にはプロ初完封勝利を挙げた。今季は体力面を強化し、ローテーション入りを狙う。"
"堀岡　隼人","横浜DeNAベイスターズ","神奈川","O","10","730万円（推定）","ストレートとフォークのコンビネーションが光る右腕。昨季は開幕一軍を勝ち取るも、13イニングで8与四球と苦戦。夏場以降は二軍調整が続き、後半戦は1試合の登板にとどまった。今季は制球力を改善し、年間を通して投手陣を支えたい。"
"宮城　大弥","オリックス・バファローズ","沖縄","A","7","22,000万円（推定）","2年連続で開幕投手を務めた昨季は、キャリアハイとなる165奪三振をマーク。7月に発症した腰の肉離れを抱えながらも、チーム2位の投球回を記録した。今季もローテーションの柱として投手陣をけん引し、リーグ制覇を目指す。"
"マシュー（シャピロ　マシュー一郎）","オリックス・バファローズ","東京","不明","1","","193センチの長身から力強い直球を投げ下ろす育成右腕。昨季は日本海リーグの富山でプレーし、15登板で防御率1.93を記録。課題だった制球面でも改善を見せた。NPB1年目の今季も力を発揮し、早期の支配下昇格を目指す。"
"藤井　聖","東北楽天ゴールデンイーグルス","神奈川","O","6","4,700万円（推定）","キレのあるスライダーが武器の左腕。昨季はチームトップの投球回を記録するも、夏場以降は成績が低迷。前年を下回る6勝に終わるなど、満足のいくシーズンとはならなかった。今季はピッチングの幅を広げ、より多くの白星をつかみたい。"
"前田　純","福岡ソフトバンクホークス","沖縄","不明","4","1,800万円（推定）","真上から伸びのある直球を投げ下ろす左腕。昨季は開幕ローテーション入りを果たし、10試合に先発して2勝をマーク。夏場に左肘を負傷し、以降はリハビリに取り組んだ。今季は万全の状態で臨み、より多くの白星をつかみたい。"
"佐々木　千隼","横浜DeNAベイスターズ","東京","O","10","3,400万円（推定）","シュートとスライダーを軸に投球を組み立てる右腕。昨季は右打者に対して強さを発揮するも、20試合の登板で防御率4.15に終わった。今季は自身の役割を確実にこなし、年間を通して一軍の戦力になりたい。"
"小針　大輝","横浜DeNAベイスターズ","東京","O","2","340万円（推定）","恵まれた体格を誇る育成外野手。右有鉤骨骨片切除の手術を経て迎えた昨季は、5月に二軍で公式戦デビュー。以降は34試合に出場し、実戦経験を積み重ねた。今季はあらゆる面で技術向上に取り組み、将来の支配下昇格に備えたい。"
"阪上　翔也","東北楽天ゴールデンイーグルス","兵庫","A","1","","パワフルな打撃と強肩が武器のルーキー。近畿大では2年時にレギュラー定着。昨春のリーグ戦では打率.434を記録し、自身2度目のベストナインに輝いた。プロでも持ち前の積極性を前面に出し、1年目からチームの戦力となりたい。"
"木下　幹也","読売ジャイアンツ","東京","A","6","410万円（推定）","カットボールやカーブなど多彩な球種を投げ分ける育成右腕。昨季は5月にトミー・ジョン手術を受け、その後はリハビリに取り組んだ。今季は患部のコンディションを整え、実戦のマウンドで順調な回復ぶりをアピールしたい。"
"阪口　樂","北海道日本ハムファイターズ","京都","B","5","550万円（推定）","豪快なスイングから特大の打球を放つスラッガー。昨季は二軍で打率.193、5本塁打と低迷。8月下旬から調子を上げるも、一軍での出場は1打席のみにとどまった。今季は課題とするミート力の向上に励み、飛躍の足がかりをつくりたい。"
"重松　凱人","福岡ソフトバンクホークス","福岡","A","4","400万円（推定）","高い身体能力が持ち味の育成外野手。昨季は6月に左手を手術した影響もあり、二軍での出場は30試合止まり。打率.221に終わるなど、思うようにアピールできなかった。今季は打撃の確実性を磨き、支配下登録を手繰り寄せたい。"
"Ｆ．レイエス","北海道日本ハムファイターズ","ドミニカ共和国","不明","3","","規格外の打球を飛ばすスラッガー。昨季は主に打線の中軸を担い、本塁打王と打点王の2冠を獲得。クライマックスシリーズでは打率.481、4本塁打と大舞台での強さも発揮した。今季もホームランを量産し、チームを優勝へと導く。"
"山﨑　剛","千葉ロッテマリーンズ","福岡","AB","9","","複数ポジションをこなすユーティリティー。楽天に所属した昨季は春先に左膝の手術を受けた影響もあり、公式戦の出場はゼロに終わった。ロッテと育成契約を結んで迎える今季は、万全の状態を取り戻して支配下復帰を勝ち取りたい。"
"渡邊　佳明","東北楽天ゴールデンイーグルス","神奈川","A","8","2,800万円（推定）","巧みなバットさばきを見せるユーティリティー。昨季は前年を上回る75試合に出場し、打率.279をマーク。2度のサヨナラ打を放つなど、要所で勝負強さを発揮した。今季は攻守でさらなる進化を遂げ、スタメンの機会を増やしたい。"
"村上　泰斗","福岡ソフトバンクホークス","兵庫","A","2","800万円（推定）","スピンの利いたストレートが武器の若手右腕。高卒1年目の昨季は故障の影響もあり、公式戦では登板することができなかった。今季はプロで戦い抜く体づくりに取り組み、実戦経験を重ねていきたい。"
"柳町　達","福岡ソフトバンクホークス","茨城","B","7","11,000万円（推定）","非凡な打撃技術を誇る巧打者。昨季は自身初めて規定打席をクリアし、最高出塁率のタイトルを獲得。チームトップの129安打を放つなど、飛躍のシーズンとなった。今季も攻守でチームを引っ張り、レギュラーの地位を確立したい。"
"毛利　海大","千葉ロッテマリーンズ","福岡","O","1","","切れ味抜群のスライダーが光る即戦力左腕。明治大では4年秋のリーグ戦で4勝0敗、防御率1.13をマーク。エースとしてチームの全勝優勝に貢献した。新人王の獲得を目指し、1年目から開幕ローテーション入りを狙う。"
"宮﨑　颯","千葉ロッテマリーンズ","埼玉","A","4","","威力のあるストレートが武器のサウスポー。ソフトバンクに所属した昨季は、二軍で防御率2.57を記録。7月に支配下契約をつかみ、一軍では2試合に救援登板した。新天地で迎える今季は制球力を磨き、出番を増やしたい。"
"松田　啄磨","東北楽天ゴールデンイーグルス","大阪","B","3","700万円（推定）","キレのある直球に緩いカーブを織り交ぜる右腕。昨季はシーズン序盤に戦線を離脱。5月末には右肘の手術に踏み切り、以降はリハビリに励んだ。育成契約となって迎える今季は、万全のコンディションを取り戻したい。"
"吉川　尚輝","読売ジャイアンツ","岐阜","A","10","20,000万円（推定）","昨季は後半戦に度重なる故障があったものの、4年連続で規定打席に到達。打率.277の成績を残し、2度のサヨナラ打もマークした。股関節の手術を経て臨む今季は状態をいち早く整え、チームを引っ張りたい。"
"吉岡　暖","横浜DeNAベイスターズ","徳島","A","2","340万円（推定）","質の高いボールを操る育成右腕。ルーキーイヤーの昨季は体づくりに励みつつ、二軍で2試合に登板。オフには国外のウインターリーグにも参加した。今季も着実なステップアップを見せ、近い将来の支配下登録に備えたい。"
"Ｊ．ウレーニャ","東北楽天ゴールデンイーグルス","ドミニカ共和国","不明","1","","コンパクトなテイクバックから威力のあるボールを投げ込む助っ人右腕。マーリンズ時代の2017年に14勝をマークするなど、メジャー通算251試合に登板した実績を誇る。NPBの舞台でも実力を示し、チームの期待に応えたい。"
"矢澤　宏太","北海道日本ハムファイターズ","東京","A","4","2,600万円（推定）","身体能力に優れるプレーヤー。3年目の昨季は外野手に専念し、自己最多となる86試合に出場。走塁や守備で度々好プレーを見せ、バットでも打率.247と成長を示した。今季は打力のさらなる強化に励み、レギュラーの座を勝ち取りたい。"
"村田　賢一","福岡ソフトバンクホークス","千葉","O","3","","多彩な球種で凡打を誘う技巧派右腕。昨季は二軍で27試合に登板するも、防御率4.03と振るわず。一軍での登板はゼロに終わり、オフに育成契約を結んだ。今季は球威の向上に励み、支配下枠争いを勝ち抜きたい。"
"宋　家豪","東北楽天ゴールデンイーグルス","台湾","不明","11","","チェンジアップで打者のタイミングを外す台湾出身右腕。昨季は2月に右膝の手術を受け、8月に一軍初昇格。以降は10試合にリリーフ登板した。今季は開幕から腕を振り続け、勝利の方程式の一翼を担いたい。"
"Ｔ．キャベッジ","読売ジャイアンツ","アメリカ","不明","2","","自慢のパワーで長打を量産する助っ人。昨季はいずれもチームトップとなる17本塁打、51打点を記録。後半戦は打率.306をマークするなど、来日1年目から日本の野球に適応してみせた。今季も打線の中軸を担い、チームを勝利に導く。"
"吉村　優聖歩","読売ジャイアンツ","熊本","B","4","380万円（推定）","トルネード投法から鋭く曲がるスライダーを投げ込む育成左腕。高卒3年目の昨季は主に三軍でプレー。8月26日には、東京ドームのマウンドで二軍デビューを飾った。今季はより一層の鍛錬に励み、支配下登録へ前進したい。"
"Ｃ．マッカスカー","東北楽天ゴールデンイーグルス","アメリカ","不明","1","","抜群のスイングスピードを誇る長身助っ人。昨季はマイナーで106試合に出場し、打率.246、22本塁打を記録。5月には念願のメジャーデビューを果たした。NPBでも自慢の打棒を披露し、チームにより多くの得点をもたらす。"
"Ａ．マルティネス","北海道日本ハムファイターズ","キューバ","不明","9","","類まれなパワーを誇る強打の助っ人。昨季は4月に右腕を故障した影響もあり、打率.174、1本塁打と低迷。出場はわずか34試合にとどまった。今季は本来のバッティングを取り戻し、チームの勝利に貢献したい。"
"知念　大成","読売ジャイアンツ","沖縄","O","1","","思い切りの良い打撃が魅力の育成外野手。オイシックス1年目の2024年には、イースタン・リーグの首位打者を獲得。昨季は9本塁打、66打点を記録し、打点王に輝いた。キャンプから積極的にアピールし、早期の支配下昇格を狙う。"
"頓宮　裕真","オリックス・バファローズ","岡山","AB","8","8,500万円（推定）","パンチ力のある打撃が売りのスラッガー。昨季は自己最多の129試合に出場。8月1日の試合で逆転サヨナラ3ランを放つなど、チームトップの54打点をマークした。今季も勝負強い打撃を披露し、より多くの得点をもたらしたい。"
"柴田　獅子","北海道日本ハムファイターズ","福岡","O","2","990万円（推定）","潜在能力の高さを投打で示すホープ。高卒1年目の昨季は投手として一軍デビューを果たし、3先発を含む4試合に登板。打者としては二軍で2本塁打をマークした。今季はさらなる成長を遂げ、プロ初勝利と初アーチを狙う。"
"大勢（翁田　大勢）","読売ジャイアンツ","兵庫","O","5","","剛速球とフォークで打者を封じ込めるリリーバー。セットアッパーを務めた昨季は自己最多の62試合に登板。球団新記録となる54ホールドポイントを挙げ、最優秀中継ぎ投手に輝いた。今季もブルペン陣の柱となり、勝利のバトンをつなぐ。"
"伊藤　光","東北楽天ゴールデンイーグルス","愛知","B","19","","投手の良さを引き出すリードが光るベテラン捕手。DeNAに所属した昨季は二軍で好成績を収めるも、一軍ではわずか6試合の出場にとどまった。楽天にFA移籍して迎える今季は自身の役割を全うし、チームの勝利に貢献する。"
"石川　亮","オリックス・バファローズ","神奈川","O","13","1,500万円（推定）","正確なスローイングで盗塁を阻止するキャッチャー。昨季は故障によって出遅れ、5月に一軍初合流。出場はわずか1試合にとどまり、悔しいシーズンを過ごした。今季はコンディションを万全に整え、チームの戦力となりたい。"
"石見　颯真","福岡ソフトバンクホークス","滋賀","O","2","510万円（推定）","選球眼とバットコントロールに優れた内野手。昨季は二軍で43試合に出場し、打率.264をマーク。4割に迫る出塁率を記録するなど、能力の一端を示した。2年目の今季も実戦でアピールを続け、一軍デビューを狙う。"
"石田　隼都","読売ジャイアンツ","栃木","A","5","510万円（推定）","打者の手元で動くボールを操る育成左腕。昨季は前年に受けたトミー・ジョン手術のリハビリを経て、7月に実戦復帰。三軍のマウンドで順調な回復ぶりを見せた。今季は万全なコンディションで臨み、二軍で好結果を残す。"
"平野　佳寿","オリックス・バファローズ","京都","O","18","5,500万円（推定）","昨季は開幕を一軍で迎えると、4月3日のロッテ戦でNPB通算250セーブを達成。以降はコンディション不良の影響もあり、最終的に登板は3試合にとどまった。コーチ兼任として迎える今季は後輩の指導にあたりつつ、チームを支えたい。"
"中川　皓太","読売ジャイアンツ","大阪","A","11","15,000万円（推定）","スリークオーターからキレのある速球を投げ込むサウスポー。10年目の昨季はリーグ2位の63試合に登板し、36ホールドをマーク。貴重な左のリリーフとしてブルペンを支えた。今季も大車輪の活躍を見せ、チームのリードを守り抜く。"
"竹下　徠空","読売ジャイアンツ","島根","O","2","370万円（推定）","がっしりとした体格から長打を放つ育成内野手。高卒1年目の昨季は主に三軍でプレーし、スケールの大きな打撃を披露。二軍デビュー戦では2打席連続ヒットをマークした。今季は自慢の打棒に磨きをかけ、公式戦初アーチを描きたい。"
"津森　宥紀","福岡ソフトバンクホークス","和歌山","O","7","6,000万円（推定）","球威抜群のストレートが武器のサイドハンド。昨季は被打率.300と不安定な投球が続き、シーズン終盤には右肘の違和感で戦線離脱。22登板にとどまる不本意な1年となった。今季は本来の投球を取り戻し、勝ちパターン入りを狙う。"
"長﨑　蓮汰","福岡ソフトバンクホークス","大阪","A","1","","長身から力強いストレートを投げ込む新人右腕。滋賀学園高では3年春のセンバツで甲子園のマウンドを経験。エースとして初戦に先発し、7回途中3失点の好投を見せた。近い将来の支配下昇格を目指し、まずは体力強化に取り組む。"
"小郷　裕哉","東北楽天ゴールデンイーグルス","岡山","O","8","6,000万円（推定）","俊足巧打が持ち味の外野手。昨季はシーズンを通して打撃の調子が上がらず。3度の登録抹消を経験するなど、前年から出場機会を大きく減らした。今季は本来のバッティングを取り戻し、再びチームの勝利に貢献する。"
"浦田　俊輔","読売ジャイアンツ","長崎","O","2","1,300万円（推定）","抜群の瞬発力を誇る内野手。ルーキーイヤーの昨季は開幕一軍を勝ち取り、22試合に出場。9月中旬からはスタメンに多く起用され、3戦連続マルチヒットも記録した。今季は打撃の確実性を高め、出番の増加につなげたい。"
"海野　隆司","福岡ソフトバンクホークス","岡山","O","7","5,500万円（推定）","昨季は自己最多の105試合に出場し、投手陣を巧みにリード。日本シリーズでは全5戦でスタメンマスクをかぶり、チームの日本一に大きく貢献した。今季は攻守でさらなる存在感を示し、正捕手の座を不動のものとしたい。"
"大栄　利哉","東北楽天ゴールデンイーグルス","福島","O","1","","強肩強打が持ち味の新人捕手。学法石川高では1年秋から4番を務め、3年夏には主将として福島大会ベスト4入りに貢献。昨年のU-18ワールドカップでは5試合に出場し、貴重な経験を積んだ。次世代の主力を目指し、二軍で鍛錬に励む。"
"岩田　将貴","横浜DeNAベイスターズ","福岡","B","6","560万円（推定）","曲がりの大きいスライダーが武器の変則左腕。新天地で迎えた昨季は二軍で42試合に登板。左打者を被打率.181に抑えるなど、持ち味を発揮した。今季は春先から実戦でアピールし、一軍のブルペン陣に加わりたい。"
"岡田　悠希","読売ジャイアンツ","広島","O","5","850万円（推定）","打撃センスに定評がある5年目外野手。昨季は二軍で好成績を収めるも、一軍では打率.167と振るわず。首脳陣に成長をアピールすることができなかった。今季は自身のバッティングを見つめ直し、チームの力になりたい。"
"大谷　輝龍","千葉ロッテマリーンズ","石川","A","3","920万円（推定）","力強いストレートで打者を押し込む若手右腕。2年目の昨季は3月にトミー・ジョン手術を受け、シーズンを通してリハビリに専念した。今季はコンディションを万全に整え、実戦のマウンドで結果を残したい。"
"寺本　聖一","オリックス・バファローズ","広島","A","2","250万円（推定）","思い切りの良いスイングが魅力の育成外野手。ルーキーイヤーの昨季は1月に故障で離脱。二軍での出場は13試合にとどまったものの、6本の長打を含む10安打を記録した。今季は持ち味の打撃をさらに磨き、支配下登録へアピールしたい。"
"野口　智哉","オリックス・バファローズ","奈良","B","5","1,800万円（推定）","鋭いスイングで長打を放つユーティリティー。昨季は5月31日にプロ初のサヨナラ弾を放つも、打率.145と結果を残せず。7月の登録抹消後は再昇格を果たせなかった。今季は打撃の確実性を高め、レギュラー争いに食い込みたい。"
"萩尾　匡也","読売ジャイアンツ","熊本","B","4","1,600万円（推定）","パンチ力のあるバッティングが魅力の外野手。昨季は開幕メンバーに名を連ねるも、打率.174と結果を残せず。5月16日の登録抹消後は、故障もあって一軍に上がれなかった。今季は打撃を鍛え直し、より多くの出番をつかみたい。"
"京田　陽太","横浜DeNAベイスターズ","石川","O","10","6,000万円（推定）","軽快なディフェンスが光る内野手。昨季はシーズンを通して一軍に同行するも、83試合の出場で打率.216に終わった。10年目を迎える今季は攻守に存在感を示し、激しいレギュラー争いを制したい。"
"上茶谷　大河","福岡ソフトバンクホークス","京都","B","8","3,100万円（推定）","多彩な変化球を操る右腕。新天地で迎えた昨季は、春季キャンプ中に右肘の手術を決断。5月に実戦復帰を果たし、一軍ではロングリリーフなどで8試合に登板した。今季は与えられた場面で結果を残し、年間を通してチームの力となりたい。"
"緒方　理貢","福岡ソフトバンクホークス","宮崎","A","6","2,400万円（推定）","俊足を生かした広い守備範囲が魅力の外野手。昨季は開幕一軍メンバーに名を連ね、主に代走や守備固めとして101試合に出場した。今季も与えられた仕事を着実にこなし、指揮官の起用に応えたい。"
"河内　康介","オリックス・バファローズ","大阪","O","3","550万円（推定）","キレのある直球を投げ込む右腕。昨季は前年に受けたトミー・ジョン手術のリハビリに注力。9月の練習試合で復帰を果たし、オフには秋季教育リーグでも登板を重ねた。今季は患部の状態に気を配りつつ、支配下登録へ向けてアピールしたい。"
"廣池　康志郎","千葉ロッテマリーンズ","宮崎","O","2","1,300万円（推定）","球威抜群の直球が自慢の2年目右腕。昨季は二軍で先発登板を重ね、一軍では主に救援として18試合に登板。9月にはプロ初勝利を挙げるなど、充実したシーズンを過ごした。今季はピッチングの安定感を高め、与えられた役割で結果を残す。"
"藤原　聡大","東北楽天ゴールデンイーグルス","三重","A","1","","150キロ台中盤の真っすぐが武器のドラフト1位右腕。花園大では4年秋のリーグ戦で4勝0敗、防御率0.46を記録。39イニングで55奪三振をマークした。プロでも潜在能力の高さを示し、先発ローテーション争いに名乗りを上げる。"
"福島　蓮","北海道日本ハムファイターズ","青森","A","5","2,900万円（推定）","テイクバックの小さなフォームが特徴の長身右腕。昨季は8試合の先発で5勝0敗、防御率2.25を記録。クライマックスシリーズでも8回途中2失点10奪三振の好投を見せた。今季は先発ローテーションに定着し、2ケタ勝利を目指す。"
"河野　竜生","北海道日本ハムファイターズ","徳島","O","7","8,600万円（推定）","切れ味鋭いカットボールが武器の左腕。昨季は6月までに18ホールドを挙げるも、シーズンの経過とともに成績が低迷。8月23日の登録抹消後は二軍での調整が続いた。今季は本来の投球を取り戻し、年間を通して一軍で戦う。"
"川原田　純平","読売ジャイアンツ","岩手","O","6","","守備力が光る育成内野手。ソフトバンクに所属した昨季は、前年に右足首を手術した影響もあって主に三軍でプレー。思うような結果を残せず、オフに戦力外通告を受けた。今季は新天地で持ち味をアピールし、早期の支配下復帰を目指す。"
"近藤　大雅","横浜DeNAベイスターズ","兵庫","AB","3","340万円（推定）","強肩を生かしたスローイングに定評のある育成捕手。高卒2年目の昨季は二軍で9試合に出場。5月に公式戦初安打を記録したものの、ヒットはその1本のみに終わった。今季はさらなる鍛錬に励み、支配下登録に向けて前進したい。"
"安田　尚憲","千葉ロッテマリーンズ","大阪","A","9","4,300万円（推定）","昨季は前年を上回る93試合に出場するも、打率.243と存在感を示せず。2年連続ノーアーチでシーズンを終えるなど、ファンの期待に応えられなかった。今季はバッティングでの成長を示し、中心選手としての信頼を勝ち取る。"
"横川　凱","読売ジャイアンツ","滋賀","B","8","3,000万円（推定）","巧みな投球術が光る左腕。昨季はリリーフ要員としてスタートし、4月にプロ初ホールドを記録。シーズン半ばからは先発登板の機会が増えるも、2勝に終わった。8年目を迎える今季はスタミナを強化し、ローテーションへの定着を目指す。"
"宮崎　竜成","千葉ロッテマリーンズ","徳島","O","2","1,500万円（推定）","優れた打撃センスを持つ若手内野手。1年目の昨季は、二軍で6本塁打と持ち前のパンチ力を発揮。一軍では7月にプロ初安打を放つも、打率.194とプロの壁にぶつかった。今季は春先から実戦で結果を残し、レギュラー争いに加わりたい。"
"三方　陽登","オリックス・バファローズ","兵庫","A","1","","恵まれた体格から鋭い打球を飛ばす育成外野手。高校時代は投手として活躍するも、大学2年時に野手へ転向。昨季はルートインBCリーグの栃木でプレーし、5本塁打を放った。支配下昇格に備え、キャンプからアピールを続けたい。"
"正木　智也","福岡ソフトバンクホークス","東京","O","5","2,500万円（推定）","鋭いスイングで長打を放つ外野手。昨季はスタメン定着を期待されるも、4月中旬に左肩の亜脱臼で離脱。シーズンのほとんどをリハビリに費やした。今季は万全のコンディションで臨み、チームの戦力になりたい。"
"堀　柊那","オリックス・バファローズ","兵庫","B","3","550万円（推定）","逆方向へのバッティングが光る若手捕手。2年目の昨季は、二軍で捕手としてチーム最多の79試合に出場。10月3日には一軍でスタメンマスクをかぶり、プロ初安打を記録した。今季はすべての面で技術向上に励み、出場機会を増やしたい。"
"鈴木　大地","東北楽天ゴールデンイーグルス","静岡","O","15","12,800万円（推定）","高い統率力でチームを支えるベテラン。昨季は移籍後最少となる93試合の出場にとどまるも、代打では打率.294を残した。15年目を迎える今季もここぞの場面で存在感を示し、チームの勝利に貢献する。"
"坂本　達也","読売ジャイアンツ","福岡","A","2","420万円（推定）","安定したスローイングと俊足に定評のある育成捕手。1年目の昨季は夏場から二軍での出番をつかみ、18試合に出場。打率.314をマークするなど、能力の一端を示した。今季も実戦で結果を残し、支配下昇格への足がかりを築きたい。"
"柴田　大地","東北楽天ゴールデンイーグルス","東京","O","5","900万円（推定）","勢いのあるストレートを投げ込む右腕。昨季は夏場に一軍昇格を果たし、6登板で防御率2.08を記録。7月9日にはうれしいプロ初勝利を挙げた。今季はより一層パフォーマンスを高め、開幕からチームの戦力となりたい。"
"曽谷　龍平","オリックス・バファローズ","奈良","A","4","5,500万円（推定）","切れ味鋭いスライダーで勝負する左腕。昨季はプロ初完投を記録するなど、8勝をマーク。後半戦こそ防御率6点台と精彩を欠いたものの、前年を上回る21試合に先発した。今季は年間を通して安定した投球を見せ、投手陣を支えたい。"
"庄司　陽斗","横浜DeNAベイスターズ","宮城","O","3","450万円（推定）","緩急を生かした投球が持ち味のサウスポー。昨季は3月に支配下登録を勝ち取るも、その後は思うようにアピールできず。一軍での登板はゼロに終わり、オフに再び育成契約を結んだ。今季は球威の向上に取り組み、実戦で結果を残したい。"
"Ｆ．グズマン","読売ジャイアンツ","ドミニカ共和国","不明","2","","長い腕を生かして角度のついた直球を投げ下ろす左腕。昨季は球団主催のトライアウトで合格を勝ち取り、8月に巨人と育成契約。翌月には三軍戦のマウンドにも上がった。今季は制球を安定させつつ、多くの経験を積みたい。"
"山岡　泰輔","オリックス・バファローズ","広島","A","10","8,000万円（推定）","縦に割れるスライダーが武器の右腕。リリーフに専念した昨季は5月に一軍昇格。最終的に自己最多の41試合に登板し、13ホールドを記録した。FA権を行使せず残留を決めた今季は、先発として7年ぶりの2ケタ勝利を狙う。"
"山口　廉王","オリックス・バファローズ","東京","O","2","550万円（推定）","恵まれた体格から力強い直球を投げ込む右腕。高卒1年目の昨季は二軍で9試合に登板し、防御率2.83をマーク。シーズン最終戦で一軍デビューを果たすなど、貴重な経験を積んだ。今季は持ち球の精度を磨き、さらなる飛躍を遂げたい。"
"盛島　稜大","福岡ソフトバンクホークス","沖縄","B","4","360万円（推定）","恵まれた体格を誇る育成キャッチャー。昨季はファーム非公式戦で多くの本塁打を放つも、二軍では打率.111とアピールできなかった。今季は攻守でより一層の成長を遂げ、支配下登録へ向けて前進したい。"
"宮崎　一樹","北海道日本ハムファイターズ","東京","O","3","990万円（推定）","パワーとスピードを兼ね備える外野手。昨季は二軍で85試合に出場し、打率.222、2本塁打を記録。一軍ではプロ初タイムリーを放つも、5試合の出場にとどまった。今季は才能を開花させ、ポジション争いに割って入りたい。"
"Ｌ．ロドリゲス","福岡ソフトバンクホークス","ドミニカ共和国","不明","5","","球威のあるストレートで強気に攻める育成右腕。昨季はファーム非公式戦で好成績をマークし、二軍では9試合に登板。7月には一軍の練習に参加し、貴重な経験を積んだ。今季は持ち球の精度を磨き、念願の支配下登録をつかみたい。"
"Ａ．コックス","横浜DeNAベイスターズ","アメリカ","不明","1","","高いリリースポイントからキレのあるボールを投げ込む左腕。メジャー初昇格を果たした2023年には、デビューから打者39人連続で安打を許さない快投を披露した。新天地でも任された役割を全うし、チームの勝利に貢献したい。"
"吉川　悠斗","千葉ロッテマリーンズ","埼玉","A","4","500万円（推定）","直球とチェンジアップに自信を持つ育成出身左腕。3年目の昨季は二軍でアピールを続け、7月末に支配下選手へ昇格。8月21日には一軍で先発マウンドに上がり、プロ初勝利を手にした。今季も鍛錬に励み、より多くの出番をつかみたい。"
"横山　聖哉","オリックス・バファローズ","長野","不明","3","650万円（推定）","強烈な打球を連発する若手内野手。高卒2年目の昨季は、二軍で主に遊撃手として96試合に出場。後半戦は打率.252、2本塁打と一定の手応えをつかんだ。今季は攻守に成長を見せ、首脳陣へアピールしたい。"
"Ｃ．ラドニー","千葉ロッテマリーンズ","ドミニカ共和国","不明","1","","ドミニカ共和国出身の若手育成サウスポー。2022年にレイズとマイナー契約を締結。昨季までドミニカン・サマーリーグでプレーし、実戦経験を重ねた。新たな環境で鍛錬に励み、潜在能力を開花させたい。"
"孫　易磊","北海道日本ハムファイターズ","台湾","不明","3","","剛速球と落ちる変化球が武器の台湾出身右腕。昨季は5月に支配下登録を勝ち取り、一軍で9試合に登板。リリーフとして4ホールドを挙げ、後半戦には先発マウンドを経験した。来日3年目の今季はポテンシャルを開花させ、飛躍を遂げたい。"
"Ｌ．リン","北海道日本ハムファイターズ","台湾","不明","1","","パンチ力のある打撃が光る台湾出身捕手。昨季までは主にマイナーでプレーし、昨秋には日本ハムのキャンプにテスト生として参加。今春のWBCでは台湾代表で扇の要を担った。新天地で潜在能力を開花させ、チームの戦力となりたい。"
"高梨　雄平","読売ジャイアンツ","埼玉","O","10","15,000万円（推定）","サイドハンドからキレのあるスライダーを投じる左腕。昨季は投球回を上回る四死球を与えるなど制球に苦しみ、プロ入り後最少となる21登板に終わった。今季は首脳陣の信頼を取り戻し、チームの勝利に貢献したい。"
"佐藤　直樹","東北楽天ゴールデンイーグルス","兵庫","AB","7","2,700万円（推定）","走攻守で高い能力を発揮する外野手。昨季は自己最多の104試合に出場し、5本塁打をマーク。8月以降は打率.356を記録するなど、シーズン終盤に存在感を高めた。今季は春先からアピールを見せ、新天地でレギュラー獲得を目指す。"
"笹川　吉康","福岡ソフトバンクホークス","神奈川","A","6","1,000万円（推定）","豪快なスイングで打球を飛ばす若手外野手。昨季は二軍でいずれもリーグトップの12本塁打、64打点を記録。一軍では26試合に出場するも、打率.213と振るわなかった。今季は打撃の確実性を高め、ブレークを遂げたい。"
"鈴木　大和","読売ジャイアンツ","北海道","O","5","440万円（推定）","類まれな俊足が光る外野手。昨季は二軍で存在感を示し、6月に支配下選手へ昇格。その後一軍に登録されるも、4試合の出場に終わった。再び育成契約を結んで迎える今季は、自慢の脚力を存分に発揮してアピールを続けたい。"
"田中　千晴","東北楽天ゴールデンイーグルス","大阪","O","4","","落差のあるフォークが武器の右腕。前年に受けた手術の影響で出遅れた昨季は、二軍で36試合に登板。防御率1.51と安定感を示すも、一軍昇格は果たせなかった。新天地で迎える今季は春先からアピールを重ね、チームの力になりたい。"
"浅野　翔吾","読売ジャイアンツ","香川","A","4","1,700万円（推定）","将来の主軸を期待される若手外野手。昨季は春先から打撃不振に陥り、一時は三軍落ちも経験。6月にはケガで戦線離脱を強いられるなど、不本意なシーズンを過ごした。今季はバッティングを鍛え直し、周囲の期待に応えたい。"
"石上　泰輝","横浜DeNAベイスターズ","徳島","A","3","1,500万円（推定）","パンチ力のある打撃と高い守備力が売りの内野手。昨季は後半戦で打率.307、2本塁打の好成績をマーク。クライマックスシリーズでも3ランを放つなど、ブレークの兆しを見せた。今季は開幕から結果を残し、レギュラー獲得を目指す。"
"玉井　大翔","北海道日本ハムファイターズ","北海道","A","10","6,600万円（推定）","右打者の懐をえぐるシュートが武器のリリーフ右腕。2年ぶりに一軍マウンドへ上がった昨季は40試合に登板。17ホールドをマークし、復活を印象づけた。今季もあらゆる場面で起用に応え、チームに流れを呼び込む。"
"内藤　鵬","オリックス・バファローズ","愛知","A","4","550万円（推定）","恵まれた体格から放たれる長打が魅力の若手内野手。昨季は二軍でチーム最多の122試合に出場するも、打率.227と低迷。3本塁打にとどまるなど、自慢の打棒が鳴りを潜めた。4年目の今季は成長をアピールし、一軍の舞台で躍動する。"
"武田　陸玖","横浜DeNAベイスターズ","山形","B","3","560万円（推定）","伸びのある速球を投げ込む若手左腕。投打二刀流で臨んだ昨季は二軍で打率.194、防御率3.75を記録。9月からは投手に専念し、10月の一軍デビュー戦では白星を挙げた。今季は変化球の質を磨き、飛躍への足がかりを築きたい。"
"太田　椋","オリックス・バファローズ","大阪","B","8","7,000万円（推定）","鋭いスイングでライナーを飛ばす内野手。昨季は自己最多の113試合に出場し、初の規定打席に到達。3、4月度の月間MVPを受賞し、トータルでは打率.283、10本塁打を記録した。今季は長打力をさらに磨き、打線をけん引したい。"
"茨木　佑太","千葉ロッテマリーンズ","北海道","A","2","270万円（推定）","強気のピッチングで打者に立ち向かう育成右腕。高卒1年目の昨季は体づくりに励みつつ、8月以降は二軍で5試合に登板。オフには秋季教育リーグにも参加し、実戦経験を積んだ。今季はストレートに磨きをかけ、首脳陣へアピールを続ける。"
"植田　将太","千葉ロッテマリーンズ","大阪","AB","7","600万円（推定）","守備力に定評のある育成出身捕手。昨季は9月23日に唐川の白星をアシストし、初のお立ち台を経験。同月30日にはプロ初ヒットを放つなど、手応えをつかんでシーズンを終えた。今季は春先から結果を残し、一軍での出番を増やしたい。"
"伊藤　優輔","福岡ソフトバンクホークス","東京","O","6","900万円（推定）","カットボールが武器の右腕。新天地で迎えた昨季は、二軍で先発調整を続けるも振るわず。5月下旬のリリーフ転向後は本来の投球を取り戻し、シーズン終盤には一軍でも好投した。今季はキャンプからアピールし、出番を増やしたい。"
"西野　真弘","オリックス・バファローズ","東京","O","12","5,000万円（推定）","シュアな打撃が持ち味の内野手。11年目の昨季は75試合に出場し、打率.287を記録。いずれも自己最多の7本塁打、35打点をマークするなど、パンチ力も見せつけた。今季も磨き抜かれたバッティングで、チームを勝利に導く。"
"森　友哉","オリックス・バファローズ","大阪","A","13","40,000万円（推定）","昨季はオープン戦で右脇腹を痛めて出遅れ、7月には右太もも裏の筋損傷で再び離脱。一軍での出場は50試合にとどまり、打率.205、自己最少の1本塁打に終わった。今季はコンディションを整え、年間を通してチームに貢献したい。"
"田内　真翔","横浜DeNAベイスターズ","広島","O","2","520万円（推定）","高い野球センスを誇る若手内野手。高卒1年目の昨季は二軍で80試合に出場。シーズン終盤には一軍デビューを果たし、プロ2打席目で初安打を放った。今季は攻守でプレーの安定感を高め、首脳陣に成長をアピールしたい。"
"成瀬　脩人","横浜DeNAベイスターズ","愛知","不明","1","","軽快なフットワークを生かした守備が魅力の内野手。NTT西日本では1年目からレギュラーとして活躍。昨年は主に上位の打順を任され、都市対抗では猛打賞も記録した。自身の長所を生かし、ルーキーイヤーから一軍に定着したい。"
"富山　紘之進","千葉ロッテマリーンズ","大阪","O","3","280万円（推定）","強肩が売りの育成キャッチャー。2年目の昨季は二軍で45試合に出場し、打率.209を記録。8月には公式戦初本塁打を放つなど、順調なステップアップを見せた。今季もさらなる成長を示し、支配下昇格に向けてアピールしたい。"
"甲斐　拓也","読売ジャイアンツ","大分","O","16","30,000万円（推定）","移籍1年目の昨季は開幕から主戦捕手として躍動するも、徐々に出場機会が減少。8月下旬にはケガで戦列を離れるなど、悔しさの残るシーズンだった。今季は年間を通して扇の要を担い、チームをリーグ優勝に導きたい。"
"岸田　行倫","読売ジャイアンツ","兵庫","A","9","7,000万円（推定）","安定した打撃と強肩が自慢のキャッチャー。昨季はシーズン中盤からスタメンの機会が増加。打率.293、8本塁打とバッティングで存在感を示し、クリーンアップも多く務めた。今季も攻守にわたる活躍を見せ、チームを支えたい。"
"菊地　吏玖","千葉ロッテマリーンズ","北海道","A","4","2,000万円（推定）","大きく落ちるフォークが武器の右腕。3年目の昨季は前年を上回る21試合に登板するも、防御率5.32と結果を残せず。一軍と二軍の行き来を繰り返す不本意なシーズンを送った。今季は自身の投球を見つめ直し、チームの勝利に貢献する。"
"加藤　大和","北海道日本ハムファイターズ","愛知","A","3","260万円（推定）","長身から投げ込む直球が魅力の育成サウスポー。高卒2年目の昨季は二軍で10試合に登板。精彩を欠く投球が目立ったものの、貴重な実戦経験を重ねた。今季は課題とするコントロールを磨き、支配下登録へ向けて結果を残したい。"
"平沢　大河","埼玉西武ライオンズ","宮城","A","11","1,400万円（推定）","選球眼が売りのユーティリティー。昨季は新戦力として期待されたものの、開幕直前に急性腰痛で離脱。復帰後は二軍で持ち味を発揮するも、一軍ではわずか1安打に終わった。背水の陣で臨む今季は結果を残し、チームの戦力となりたい。"
"益子　京右","横浜DeNAベイスターズ","栃木","A","8","560万円（推定）","パワフルな打撃が魅力のキャッチャー。昨季は二軍で67試合に出場し、5本塁打をマーク。パンチ力をアピールするも、一軍での出番は前年に続いてゼロに終わった。今季はキャンプから結果を残し続け、存在感を高めたい。"
"中村　優斗","東京ヤクルトスワローズ","長崎","O","2","1,700万円（推定）","威力抜群の直球が武器の右腕。即戦力ルーキーとして期待された昨季は、コンディション不良の影響で開幕二軍スタート。7月にプロ初勝利を挙げるも、一軍の登板は4試合にとどまった。今季は本領を発揮し、チームの力となりたい。"
"藤田　健斗","阪神タイガース","滋賀","A","7","540万円（推定）","安定した送球に定評のある捕手。6年目の昨季は二軍で45試合に出場。盗塁阻止率.548をマークしたものの、打撃面では打率.182と振るわなかった。今季は課題とするバッティングを磨き、一軍デビューを目指す。"
"平口　寛人","埼玉西武ライオンズ","愛知","B","1","","キレのある直球をコースに投げ分ける育成新人サウスポー。大学4年秋のリーグ戦では先発と救援でフル回転し、10試合すべてに登板。5勝を挙げてベストナインに輝いた。プロでも持ち前の制球力をアピールし、早期の支配下登録を目指す。"
"並木　秀尊","東京ヤクルトスワローズ","埼玉","B","6","1,600万円（推定）","並外れた脚力を誇る外野手。昨季はシーズン中盤にスタメンの機会を増やすも、夏場にコンディション不良で離脱。9月の一軍復帰後は打率3割超えと再び存在感を示した。今季は年間を通して万全の状態を保ち、定位置確保を目指す。"
"林　琢真","横浜DeNAベイスターズ","愛知","A","4","3,100万円（推定）","粘り強い打撃と軽快な守備が売りの内野手。昨季はキャリアハイの95試合に出場し、打率.244をマーク。プロ初を含む2本塁打を放つなど、バッティングで成長を示した。今季は春先から結果を残し続け、レギュラー争いを勝ち抜きたい。"
"早坂　響","千葉ロッテマリーンズ","千葉","A","3","710万円（推定）","思い切りの良いピッチングが売りの若手右腕。高卒2年目の昨季は一軍デビューを果たし、9試合に登板。防御率7点台とプロの壁にはね返されたが、貴重な経験を積んだ。今季はすべての面でレベルアップを図り、出番を増やしたい。"
"岸　孝之","東北楽天ゴールデンイーグルス","宮城","A","20","18,000万円（推定）","正確無比なコントロールが魅力のベテラン右腕。昨季は防御率4.38と苦戦するも、チーム2位の投球イニングを記録した。節目の20年目を迎える今季も熟練の投球術を披露し、先発ローテーションを支える。"
"郡　拓也","読売ジャイアンツ","東京","B","10","840万円（推定）","捕手登録ながら内外野もこなすユーティリティー。昨季は二軍で打率.211とアピール不足に終わり、一軍での出場は3試合のみに終わった。10年目を迎える今季は自身の持ち味を発揮し、出番を少しでも増やしたい。"
"小林　誠司","読売ジャイアンツ","大阪","O","13","4,000万円（推定）","優れたリーダーシップに定評があるベテランキャッチャー。昨季は甲斐の加入もあって、プロ入り後初となる開幕二軍スタート。一軍の出場はわずか14試合にとどまった。今季は豊富な経験を生かし、存在感を示したい。"
"菊地　ハルン","広島東洋カープ","千葉","A","2","550万円（推定）","恵まれた体格から角度のついた速球を投げ込む右腕。高卒1年目の昨季は二軍で10試合に登板。9月には一軍デビューを果たすなど、実りあるシーズンを送った。今季は球速の向上に取り組み、さらなるスケールアップを目指す。"
"及川　雅貴","阪神タイガース","千葉","O","7","10,000万円（推定）","昨季はリーグトップの66試合に救援登板し、防御率0.87をマーク。NPB新記録となる18試合連続ホールドを達成するなど、抜群の安定感を見せた。今季も切れ味鋭いスライダーとカットボールを操り、勝利のバトンをつなぎたい。"
"工藤　泰己","広島東洋カープ","北海道","O","1","","160キロに迫る快速球が光る剛腕ルーキー。大学4年春のリーグ戦では4試合に登板。計17イニングを投げて30奪三振を記録する好投を見せ、チームの優勝に貢献した。唯一無二の存在となるべく、1年目から一軍登板を重ねたい。"
"京本　眞","読売ジャイアンツ","大阪","A","5","440万円（推定）","角度のあるボールを投げ下ろす右腕。昨季は二軍で5試合に登板するも、防御率6.65と振るわず。8月にはトミー・ジョン手術を受け、以降はリハビリに励んだ。育成契約となって臨む今季は患部の回復に努め、早期の実戦復帰を目指す。"
"是澤　涼輔","埼玉西武ライオンズ","三重","AB","4","400万円（推定）","鋭い送球が魅力の育成キャッチャー。昨季は二軍で32試合に出場。バッティングは好不調の波が激しく、年間では打率.225にとどまった。今季はシーズンを通して安定したパフォーマンスを見せ、支配下登録を勝ち取りたい。"
"草加　勝","中日ドラゴンズ","岡山","A","3","1,100万円（推定）","鋭く落ちるツーシームを操る右腕。昨季は前年に受けた右肘手術のリハビリを終え、4月に二軍で実戦復帰。シーズン最終戦で一軍デビューを果たすなど、順調なステップを踏んだ。今季は春先から結果を残し、先発陣の一翼に食い込みたい。"
"山田　哲人","東京ヤクルトスワローズ","兵庫","O","16","50,000万円（推定）","昨季は故障による離脱があったものの、12年連続となる2ケタ本塁打をマーク。7月には通算305号を放ち、今季から一軍の指揮を執る池山監督の球団記録を更新した。チームを上位進出へ導くべく、中心選手として野手陣を引っ張る。"
"山口　航輝","千葉ロッテマリーンズ","大阪","A","8","3,000万円（推定）","フルスイングでボールをかっ飛ばすスラッガー。昨季は8月にリーグタイ記録となる4打席連続本塁打をマークするも、トータルでは35試合の出場にとどまった。今季は開幕から豪快なホームランを連発し、球場のファンを沸かせる。"
"冨士　大和","埼玉西武ライオンズ","埼玉","O","2","280万円（推定）","独特のフォームからキレのある球を投げ込む育成出身左腕。1年目の昨季は二軍で4試合に先発。今季はキャンプからアピールを続け、開幕前に支配下契約をつかんだ。一軍の戦力となるべく、今後もあらゆる面でレベルアップを遂げたい。"
"正木　悠馬","埼玉西武ライオンズ","神奈川","O","1","","鍛え抜かれた肉体から剛速球を投げ込む育成新人右腕。上智大では主に独学でピッチングについて研究し、同大学初のNPBドラフト指名選手へと成長を遂げた。プロの環境でより一層の鍛錬に励み、潜在能力を開花させたい。"
"二俣　翔一","広島東洋カープ","静岡","AB","6","1,400万円（推定）","さまざまなポジションをこなす若手野手。昨季は自身初の開幕スタメン入りを果たし、54試合に出場。秋季教育リーグでは捕手に再挑戦するなど、ユーティリティーとしての幅を広げた。今季もあらゆる起用に応え、献身的にチームを支える。"
"古市　尊","横浜DeNAベイスターズ","香川","O","5","800万円（推定）","強肩に定評のあるキャッチャー。西武でプレーした昨季は二軍で40試合に出場し、打率.276をマーク。8月に一軍再昇格を果たすと、18打数で8安打を記録した。新天地で迎える今季は攻守にアピールを重ね、チームの戦力となりたい。"
"益田　武尚","広島東洋カープ","福岡","O","4","1,000万円（推定）","力強い速球を投げ込む右腕。昨季は二軍でチーム2位の37試合に登板するも、防御率4.58と結果を残せず。一軍では自己最少の4登板にとどまった。今季は制球を安定させ、多くの出番を勝ち取りたい。"
"藤田　悠太郎","福岡ソフトバンクホークス","福岡","A","3","620万円（推定）","パンチ力を秘めた打撃が売りの若手捕手。昨季は二軍で前年を上回る36試合に出場。シーズン終盤には一軍デビューを果たすなど、貴重な経験を積んだ。今季は攻守両面でさらなるレベルアップを図り、実戦で成長をアピールしたい。"
"佐野　恵太","横浜DeNAベイスターズ","岡山","A","10","17,000万円（推定）","昨季は138試合に出場し、打率.274、15本塁打をマーク。得点圏打率.359と勝負強さを発揮し、チームトップの70打点を挙げた。今季も年間を通して打線をけん引し、球団を28年ぶりのリーグ制覇に導く。"
"島田　海吏","阪神タイガース","熊本","AB","9","3,000万円（推定）","ミート力と快足が光る外野手。昨季は打率.129と低迷し、バッティングで結果を残せず。一軍と二軍の行き来を繰り返すなど、出場は28試合にとどまった。今季は打撃を磨き直し、激しい競争を勝ち抜きたい。"
"杉山　一樹","福岡ソフトバンクホークス","静岡","A","8","8,000万円（推定）","鋭く落ちるフォークで三振の山を築くリリーフ右腕。昨季は65試合に登板し、防御率1.82をマーク。交流戦からクローザーを任されると、最多セーブのタイトルに輝く活躍を見せた。今季も相手打者をねじ伏せ、チームに勝利を届ける。"
"小船　翼","広島東洋カープ","神奈川","O","2","300万円（推定）","がっちりとした体格を誇る育成右腕。高卒1年目の昨季は二軍で11試合にリリーフ登板。防御率6.55とプロの壁にぶつかるも、貴重な経験を積んだ。今季はあらゆる面でレベルアップを遂げ、実戦のマウンドで成長をアピールしたい。"
"紅林　弘太郎","オリックス・バファローズ","静岡","B","7","9,500万円（推定）","パワフルなスイングが売りの内野手。昨季は右肩痛による離脱があったものの、打率.260、9本塁打を記録。自身初のゴールデングラブ賞に輝くなど、攻守でチームの勝利に貢献した。今季は好不調の波を抑え、年間を通した活躍を誓う。"
"相良　雅斗","福岡ソフトバンクホークス","愛知","A","1","","直球の質とスタミナに自信を持つ新人右腕。岐阜協立大では3年秋のリーグ戦でベストナインに輝く活躍。ドラフト指名後の昨年11月には、右肘の手術を受けた。将来的なローテーション入りを目指し、まずはリハビリに励みたい。"
"栗林　良吏","広島東洋カープ","愛知","A","6","18,000万円（推定）","威力抜群の直球と鋭く落ちるフォークが武器の右腕。昨季はシーズン途中に守護神の座を明け渡すも、勝ちパターンの一員としてチームに貢献。55試合の登板で防御率2.24を記録した。今季も首脳陣の起用に応え、自身の役割を全うする。"
"清水　叶人","広島東洋カープ","群馬","B","4","550万円（推定）","強肩を生かしたスローイングが光る若手捕手。昨季は二軍で前年を上回る54試合に出場。シーズン終盤には一軍に昇格し、プロ初スタメンで初ヒットを記録した。今季は攻守両面でレベルアップを図り、より多くの出番をつかみたい。"
"澤柳　亮太郎","福岡ソフトバンクホークス","東京","A","3","1,000万円（推定）","伸びのある直球とカットボールが武器の育成右腕。昨季は2024年に受けたトミー・ジョン手術のリハビリに注力。12月にはジャパンウインターリーグで実戦復帰を果たした。今季は春先からアピールを重ね、支配下登録への復帰を目指す。"
"Ｏ．ゴンザレス","東北楽天ゴールデンイーグルス","ドミニカ共和国","不明","2","","高い身体能力を誇る助っ人外野手。昨季は6月にチームへ加入すると、以降は53試合に出場。打率.229、4本塁打という成績を残した。今季は開幕から持ち前の打棒を発揮し、首脳陣の期待に応えたい。"
"山本　泰寛","中日ドラゴンズ","東京","B","11","3,500万円（推定）","堅実な守備で複数ポジションをこなす内野手。昨季はシーズンを通して一軍に同行し、自己最多の112試合に出場。5月18日の試合では2打席連続アーチを放つなど、印象的な活躍を見せた。今季もあらゆる起用に応え、チームを支える。"
"森原　康平","横浜DeNAベイスターズ","広島","AB","10","10,000万円（推定）","威力のある直球とフォークが武器の右腕。昨季は右肩の不調もあり、シーズン序盤は成績が低迷。再調整を経て7月に一軍へ復帰すると、以降は24試合で防御率1.23を記録した。今季は開幕から勝ちパターンを担い、救援陣を支えたい。"
"渡邉　陸","福岡ソフトバンクホークス","熊本","A","8","1,500万円（推定）","パンチ力のある打撃が魅力のキャッチャー。初の開幕一軍入りをつかんだ昨季は、得意のバッティングで結果を残せず。6月に登録を抹消されると、再昇格を果たせないままシーズンを終えた。今季は攻守で進化を遂げ、正妻争いに加わりたい。"
"モイセエフ　ニキータ","東京ヤクルトスワローズ","愛知","B","2","650万円（推定）","粗削りながら長打力に将来性を感じさせる外野手。高卒1年目の昨季は、二軍で56試合に出場。打率1割台と苦戦したものの、4本塁打を放つなど持ち前のパワーを発揮した。今季はさらなる鍛錬に励み、一軍デビューを目指す。"
"森　陽樹","オリックス・バファローズ","宮崎","不明","1","","長身から快速球を投げ込む新人右腕。大阪桐蔭高では下級生時から主力として活躍。2年時には春夏連続で甲子園のマウンドに上がり、計11イニングを自責点1に抑えた。1年目は体づくりに取り組みつつ、持ち球の精度を磨く。"
"松本　隆之介","横浜DeNAベイスターズ","神奈川","A","6","560万円（推定）","長身から投げ下ろす直球とフォークが魅力の左腕。昨季は4月の二軍戦で負傷交代。同月下旬に右前十字靱帯（じんたい）再建手術を受け、以降はリハビリに励んだ。育成契約となって迎える今季は、早期の実戦復帰を目指す。"
"丸山　和郁","東京ヤクルトスワローズ","群馬","B","5","2,200万円（推定）","俊足を生かしたプレーが魅力の外野手。昨季は4月に右手有鉤骨の骨折で手術を受けるも、その後は順調に回復。7月には一軍復帰を果たし、代走や守備固めでチームに貢献した。今季は万全の状態で臨み、再びレギュラー争いに加わりたい。"
"村上　喬一朗","オリックス・バファローズ","愛媛","B","4","260万円（推定）","パンチ力を秘めたバッティングが武器の育成捕手。3年目の昨季は二軍で20試合に出場。長打はゼロに終わり、打率も前年を下回る.200にとどまった。右肘の手術を受けて迎える今季は実戦で結果を残し、支配下登録へ前進したい。"
"松原　快","阪神タイガース","富山","O","3","300万円（推定）","強気な投球が持ち味の育成右腕。昨季は二軍でリリーフとして34試合に登板するも、防御率4.69と振るわず。前年からの成長を示すことができなかった。今季は春先から猛アピールし、念願の支配下登録を勝ち取りたい。"
"Ｈ．メヒア","中日ドラゴンズ","パナマ","不明","4","","鋭く曲がる変化球で打者を封じる助っ人右腕。昨季は開幕ローテーションに名を連ねるも、後半戦からリリーフに転向。その後は勝ちパターンの一翼を担うなど、12ホールドを挙げた。今季も首脳陣の起用に応え、チームの勝利に貢献する。"
"吉田　聖弥","中日ドラゴンズ","佐賀","A","2","1,150万円（推定）","直球とチェンジアップのコンビネーションが光る左腕。1年目の昨季は、二軍で主に先発として14試合に登板。8月以降は一軍で5試合に救援登板するも、結果を残せなかった。今季は持ち球の精度向上に取り組み、首脳陣の信頼を勝ち取る。"
"Ｒ．オリバー","埼玉西武ライオンズ","ドミニカ共和国","不明","1","","高い潜在能力を備えるドミニカ共和国出身の育成右腕。2021年に17歳の若さでカージナルスと契約。昨季までは傘下のチームに所属し、ルーキーリーグで研さんを積んだ。まずは実戦を通して投球術を磨き、支配下契約に近づきたい。"
"矢野　雅哉","広島東洋カープ","大阪","A","6","4,800万円（推定）","鉄壁の守備が光る内野手。昨季は開幕からショートのレギュラーとして出場するも、打撃の状態が安定せず。8月以降はスタメン機会を減らすなど、悔しい1年となった。今季はバッティングを鍛え直し、し烈な定位置争いを制したい。"
"森　翔平","広島東洋カープ","鳥取","O","5","3,800万円（推定）","多彩な球種で凡打の山を築くサウスポー。4年目の昨季は自身初の開幕ローテーション入り。6月にプロ初完封をマークするなど、キャリアハイの7勝を挙げた。今季は規定投球回をクリアし、2ケタ勝利を目指す。"
"山浅　龍之介","中日ドラゴンズ","秋田","B","4","400万円（推定）","インサイドワークに定評のある若手捕手。昨季は右肩の故障で出遅れ、二軍での出場は15試合止まり。打撃面で結果を残せず、オフに育成契約を結んだ。今季は春先からアピールを続け、まずは支配下への返り咲きを目指す。"
"村田　怜音","埼玉西武ライオンズ","三重","A","3","950万円（推定）","恵まれた体格から鋭い打球を飛ばす中軸候補。昨季は8月2日のロッテ戦で、延長10回に代打でプロ初アーチを記録。得点圏打率.350をマークするなど、印象的な活躍を見せた。今季は打撃の確実性を高め、スタメン定着を狙う。"
"古林　睿煬","北海道日本ハムファイターズ","台湾","不明","2","","伸びのある直球で空振りを奪う台湾出身右腕。来日1年目の昨季は左脇腹の故障もあり、登板は7試合止まり。納得のいく成績を残せなかったが、完封勝利を挙げるなど大器の片りんを見せた。今季はローテーションを守り、2ケタ勝利を狙う。"
"Ｂ．シーモア","オリックス・バファローズ","アメリカ","不明","1","","並外れたパワーでアーチを量産する助っ人。昨季はマイナーで105試合に出場し、打率.263、30本塁打を記録。8月には念願のメジャーデビューを果たした。NPBでも持ち前の長打力を発揮し、チームの得点力アップに貢献したい。"
"山本　恵大","福岡ソフトバンクホークス","東京","O","5","900万円（推定）","力強いバッティングが持ち味の若手スラッガー。昨季は開幕直後に支配下選手へ昇格し、一軍では25試合に出場。プロ初を含む2本塁打を放つなど、飛躍の足がかりを築いた。今季は持ち前の打棒をさらに磨き、出番の増加につなげたい。"
"Ｄ．アルモンテ","福岡ソフトバンクホークス","ドミニカ共和国","不明","3","","類まれなポテンシャルを誇る育成内野手。17歳で迎えた昨季は5月下旬から行われた三軍の韓国遠征に参加。9試合で4本塁打を放つなど、実力の片りんを示した。今季はさらなる成長を遂げ、二軍で公式戦デビューを目指す。"
"ムサ","埼玉西武ライオンズ","ウガンダ","不明","1","","高い奪三振能力が光るウガンダ出身の育成右腕。北海道ベースボールリーグの旭川に所属した昨季は、7先発を含む25試合に登板。計45回1/3を投げ、58個の三振を奪った。NPB1年目の今季は制球力を磨き、実戦でアピールしたい。"
"Ｏ．カリステ","中日ドラゴンズ","ドミニカ共和国","不明","4","","内外野をこなす器用さを見せる助っ人ユーティリティー。来日3年目の昨季は、61試合の出場で打率.227と低迷。7月下旬の登録抹消後は再昇格を果たせずシーズンを終えた。今季はバットで結果を残し、レギュラー争いを勝ち抜きたい。"
"Ｓ．レイノルズ","横浜DeNAベイスターズ","アメリカ","不明","1","","長身からキレのあるボールを投じる助っ人右腕。メジャーでは通算38イニングで46奪三振を記録。昨季はマイナーで27試合に登板し、防御率2.86をマークした。投手陣に厚みをもたらすべく、来日1年目から実力を示したい。"
